Nazwa,Adres,Adres do mapy,Typ kuchni,Dzielnica,Ceny,Ocena,Opinii,Opis,Godziny,Pieszo Rama9,Pieszo Sukh101,Link
Devilish Smokin' BBQ Shed + Burgers (Sukhumvit 101/1),"29 Thanon Sukhumvit 101/1, Khwaeng Bang Chak, Khet Phra Khanong, Krung Thep Maha Nakhon 10260, Thailand","29 Thanon Sukhumvit 101/1, Khwaeng Bang Chak, Khet Phra Khanong, Krung Thep Maha Nakhon 10260, Thailand",BBQ/Grill,Sukhumvit,$$$,4.7,494,"To miejsce słynie z ogromnych porcji autentycznego BBQ, w tym żeberek i sycących burgerów, takich jak Carnivore czy Devil beef. Warto spróbować także kruszonki owocowej oraz szerokiego wyboru australijskich piw rzemieślniczych i świeżych napojów z mango i arbuza. Lokal wyróżnia się swobodną atmosferą i bogatym menu, choć bywa w nim gwarno, co sprzyja raczej wyjściu na drinka niż spokojnej rozmowie.",Pon: Closed | Wt: 12:00 – 10:00 PM | Śr: 12:00 – 10:00 PM | Czw: 12:00 – 10:00 PM | Pt: 12:00 – 10:00 PM | Sob: 12:00 – 10:00 PM | Ndz: 12:00 – 10:00 PM,10.9,1.0,https://www.google.com/maps/search/?api=1&query=29+Thanon+Sukhumvit+101%2F1%2C+Khwaeng+Bang+Chak%2C+Khet+Phra+Khanong%2C+Krung+Thep+Maha+Nakhon+10260%2C+Thailand&query_place_id=ChIJ14ePbgKg4jARcXbf6NxofcM
Atrium Restaurant,"ชั้นล็อบบี้ โรงแรม เดอะแลนด์มาร์ค กรุงเทพฯ 138 Sukhumvit Rd, Khwaeng Khlong Toei, Khet Khlong Toei, Krung Thep Maha Nakhon 10110, Thailand","ชั้นล็อบบี้ โรงแรม เดอะแลนด์มาร์ค กรุงเทพฯ 138 Sukhumvit Rd, Khwaeng Khlong Toei, Khet Khlong Toei, Krung Thep Maha Nakhon 10110, Thailand",Bufet,Sukhumvit,$$$$,4.7,1676,"Atrium Restaurant oferuje bogaty bufet międzynarodowy, w którym warto skosztować przede wszystkim nielimitowanych krewetek rzecznych, steków z foie gras oraz świeżego sashimi i sushi. Miejsce wyróżnia się eleganckim, przestronnym wnętrzem o spokojnej atmosferze oraz szerokim wyborem dań, od klasycznych wędlin po dopracowane desery. Restauracja jest ceniona za profesjonalną obsługę, choć opinie gości co do stałej jakości i temperatury serwowanych potraw bywają podzielone.","Pon: 6:00 – 10:30 AM, 11:30 AM – 2:30 PM, 6:00 – 10:00 PM | Wt: 6:00 – 10:30 AM, 11:30 AM – 2:30 PM, 6:00 – 10:00 PM | Śr: 6:00 – 10:30 AM, 11:30 AM – 2:30 PM, 6:00 – 10:00 PM | Czw: 6:00 – 10:30 AM, 11:30 AM – 2:30 PM, 6:00 – 10:00 PM | Pt: 6:00 – 10:30 AM, 11:30 AM – 2:30 PM, 6:00 – 10:00 PM | Sob: 6:00 – 10:30 AM, 11:45 AM – 3:00 PM, 6:00 – 10:00 PM | Ndz: 6:00 – 10:30 AM, 11:45 AM – 3:00 PM, 6:00 – 10:00 PM",3.1,8.6,https://www.google.com/maps/search/?api=1&query=%E0%B8%8A%E0%B8%B1%E0%B9%89%E0%B8%99%E0%B8%A5%E0%B9%87%E0%B8%AD%E0%B8%9A%E0%B8%9A%E0%B8%B5%E0%B9%89+%E0%B9%82%E0%B8%A3%E0%B8%87%E0%B9%81%E0%B8%A3%E0%B8%A1+%E0%B9%80%E0%B8%94%E0%B8%AD%E0%B8%B0%E0%B9%81%E0%B8%A5%E0%B8%99%E0%B8%94%E0%B9%8C%E0%B8%A1%E0%B8%B2%E0%B8%A3%E0%B9%8C%E0%B8%84+%E0%B8%81%E0%B8%A3%E0%B8%B8%E0%B8%87%E0%B9%80%E0%B8%97%E0%B8%9E%E0%B8%AF+138+Sukhumvit+Rd%2C+Khwaeng+Khlong+Toei%2C+Khet+Khlong+Toei%2C+Krung+Thep+Maha+Nakhon+10110%2C+Thailand&query_place_id=ChIJcVLMF-ee4jARNdKkEpAkLrg
Saffron Restaurant Bangkok,"22/22, ground floor, Citadines Hotel, Soi Sukhumvit 11, Khwaeng Khlong Toei Nuea, Watthana, Krung Thep Maha Nakhon 10110, Thailand","22/22, ground floor, Citadines Hotel, Soi Sukhumvit 11, Khwaeng Khlong Toei Nuea, Watthana, Krung Thep Maha Nakhon 10110, Thailand",Bufet,Sukhumvit,,4.8,1296,"Saffron Restaurant na Sukhumvit 11 to cenione za autentyczność miejsce, które wyróżnia się wyjątkową gościnnością i doskonałą obsługą dostępną nawet o świcie. Warto zamówić tu chwalone za wysoką jakość i lekkość dania, takie jak Chicken Lababdar, Dal Fry czy świeży Naan, a posiłek uzupełnić tradycyjną masala chai. Choć ceny są wyższe, przestronne i czyste wnętrze z indyjską muzyką tworzy atmosferę w pełni wartą swojej ceny.",Pon: Open 24 hours | Wt: Open 24 hours | Śr: Open 24 hours | Czw: Open 24 hours | Pt: Open 24 hours | Sob: Open 24 hours | Ndz: Open 24 hours,2.9,8.7,https://www.google.com/maps/search/?api=1&query=22%2F22%2C+ground+floor%2C+Citadines+Hotel%2C+Soi+Sukhumvit+11%2C+Khwaeng+Khlong+Toei+Nuea%2C+Watthana%2C+Krung+Thep+Maha+Nakhon+10110%2C+Thailand&query_place_id=ChIJnUu3NwCf4jARKb6HUQbuN_M
Charoen Rung Rueang International Buffet True Digital 101,"True Digital Park, 101 Sukhumvit Rd, Khwaeng Bang Chak, Khet Phra Khanong, Krung Thep Maha Nakhon 10260, Thailand","True Digital Park, 101 Sukhumvit Rd, Khwaeng Bang Chak, Khet Phra Khanong, Krung Thep Maha Nakhon 10260, Thailand",Bufet,Sukhumvit,,4.7,551,"To miejsce oferuje szeroki wybór dań kuchni japońskiej, tajskiej i europejskiej, wyróżniając się wyjątkowo wysoką jakością składników w stosunku do ceny. Goście szczególnie polecają zamówienie krewetek rzecznych, świeżego sashimi oraz foie gras, które są uznawane za najlepsze punkty rozbudowanego menu. Warto jednak mieć na uwadze, że przy większych grupach lub dużym obłożeniu czas oczekiwania na poszczególne dania może się znacząco wydłużyć.",Pon: 11:00 AM – 9:00 PM | Wt: 11:00 AM – 9:00 PM | Śr: 11:00 AM – 9:00 PM | Czw: 11:00 AM – 9:00 PM | Pt: 11:00 AM – 9:00 PM | Sob: 11:00 AM – 9:00 PM | Ndz: 11:00 AM – 9:00 PM,10.8,0.9,https://www.google.com/maps/search/?api=1&query=True+Digital+Park%2C+101+Sukhumvit+Rd%2C+Khwaeng+Bang+Chak%2C+Khet+Phra+Khanong%2C+Krung+Thep+Maha+Nakhon+10260%2C+Thailand&query_place_id=ChIJMYCaQwCf4jARZ6r0dVaohK4
Buffet Rimnam by Hat Yai Sukhumvit 70/3,"3606, 1 Soi Sukhumvit 70/3, Khwaeng Bang Na, Khet Bang Na, Krung Thep Maha Nakhon 10260, Thailand","3606, 1 Soi Sukhumvit 70/3, Khwaeng Bang Na, Khet Bang Na, Krung Thep Maha Nakhon 10260, Thailand",Bufet,Sukhumvit,,4.5,361,"Buffet Rimnam to ceniony bufet typu „all-you-can-eat”, który wyróżnia się rewelacyjnym stosunkiem ceny do jakości oraz szerokim wyborem świeżych owoców morza, shabu i sushi. Goście szczególnie polecają grillowane krewetki rzeczne, świeże ostrygi oraz efektownie podane sashimi, którymi można delektować się bez limitu czasowego aż do północy. Miejsce oferuje sprawną obsługę, duży parking i nowoczesne wnętrza, choć ze względu na dużą popularność w weekendy warto rozważyć rezerwację stolika.",Pon: 12:00 – 10:30 PM | Wt: 12:00 – 10:30 PM | Śr: 12:00 – 10:30 PM | Czw: 12:00 – 10:30 PM | Pt: 12:00 – 10:30 PM | Sob: 12:00 – 10:30 PM | Ndz: 12:00 – 10:30 PM,13.1,3.2,https://www.google.com/maps/search/?api=1&query=3606%2C+1+Soi+Sukhumvit+70%2F3%2C+Khwaeng+Bang+Na%2C+Khet+Bang+Na%2C+Krung+Thep+Maha+Nakhon+10260%2C+Thailand&query_place_id=ChIJgXHtZOOh4jAR--8GR0NPyHA
Amaya Food Gallery at Amari Bangkok,"847 Petchburi Road, Phaya Thai, Ratchathewi, Bangkok 10400, Thailand","847 Petchburi Road, Phaya Thai, Ratchathewi, Bangkok 10400, Thailand",Bufet,Ratchathewi,,4.4,301,"Amaya Food Gallery oferuje bogate bufety o doskonałym stosunku jakości do ceny, w których warto spróbować nóg kraba królewskiego, homarów oraz dań kuchni azjatyckiej z certyfikatem halal. Restauracja wyróżnia się stylowym wystrojem i pomocną obsługą, a rotacyjne stacje gotowania na żywo zapewniają codziennie świeży wybór potraw, takich jak nasi lemak czy sashimi z hamachi.",Pon: 6:00 AM – 10:00 PM | Wt: 6:00 AM – 10:00 PM | Śr: 6:00 AM – 10:00 PM | Czw: 6:00 AM – 10:00 PM | Pt: 6:00 AM – 10:00 PM | Sob: 6:00 AM – 10:00 PM | Ndz: 6:00 AM – 10:00 PM,3.8,11.0,https://www.google.com/maps/search/?api=1&query=847+Petchburi+Road%2C+Phaya+Thai%2C+Ratchathewi%2C+Bangkok+10400%2C+Thailand&query_place_id=ChIJ05G_Us-e4jAR5JLWyq-ddYM
Kyu Hachi,"222/11-12, โครงการบ้าน ณ อุดมสุข, 16 ถนน อุดมสุข แขวงบางนาเหนือ เขตบางนา กรุงเทพมหานคร 10260, Thailand","222/11-12, โครงการบ้าน ณ อุดมสุข, 16 ถนน อุดมสุข แขวงบางนาเหนือ เขตบางนา กรุงเทพมหานคร 10260, Thailand",Bufet,,,4.9,227,"Kyu Hachi to ceniony lokal specjalizujący się w Shabu Shabu i sushi, który wyróżnia się wyjątkową świeżością składników oraz uprzejmą obsługą. Warto zamówić przede wszystkim wołowinę Wagyu, Ikura Kani Sushi oraz soczysty ozór wołowy, a posiłek warto dopełnić aromatycznymi bulionami i lodami dostępnymi w ramach bufetu.",Pon: 11:00 AM – 10:00 PM | Wt: 11:00 AM – 10:00 PM | Śr: 11:00 AM – 10:00 PM | Czw: 11:00 AM – 10:00 PM | Pt: 11:00 AM – 10:00 PM | Sob: 11:00 AM – 10:00 PM | Ndz: 11:00 AM – 10:00 PM,11.6,1.7,https://www.google.com/maps/search/?api=1&query=222%2F11-12%2C+%E0%B9%82%E0%B8%84%E0%B8%A3%E0%B8%87%E0%B8%81%E0%B8%B2%E0%B8%A3%E0%B8%9A%E0%B9%89%E0%B8%B2%E0%B8%99+%E0%B8%93+%E0%B8%AD%E0%B8%B8%E0%B8%94%E0%B8%A1%E0%B8%AA%E0%B8%B8%E0%B8%82%2C+16+%E0%B8%96%E0%B8%99%E0%B8%99+%E0%B8%AD%E0%B8%B8%E0%B8%94%E0%B8%A1%E0%B8%AA%E0%B8%B8%E0%B8%82+%E0%B9%81%E0%B8%82%E0%B8%A7%E0%B8%87%E0%B8%9A%E0%B8%B2%E0%B8%87%E0%B8%99%E0%B8%B2%E0%B9%80%E0%B8%AB%E0%B8%99%E0%B8%B7%E0%B8%AD+%E0%B9%80%E0%B8%82%E0%B8%95%E0%B8%9A%E0%B8%B2%E0%B8%87%E0%B8%99%E0%B8%B2+%E0%B8%81%E0%B8%A3%E0%B8%B8%E0%B8%87%E0%B9%80%E0%B8%97%E0%B8%9E%E0%B8%A1%E0%B8%AB%E0%B8%B2%E0%B8%99%E0%B8%84%E0%B8%A3+10260%2C+Thailand&query_place_id=ChIJG1REVACh4jARuVwhlUpzAKQ
THE SQUARE RESTAURANT,"220 Thanon Phetchaburi, Khwaeng Thanon Phetchaburi, Khet Ratchathewi, Krung Thep Maha Nakhon 10400, Thailand","220 Thanon Phetchaburi, Khwaeng Thanon Phetchaburi, Khet Ratchathewi, Krung Thep Maha Nakhon 10400, Thailand",Bufet,Ratchathewi,,4.3,214,"Restauracja wyróżnia się bogatą ofertą śniadaniową z wyciskanymi sokami i tajską herbatą mleczną oraz urozmaiconym wyborem dań kuchni chińskiej, indyjskiej i tajskiej. Warto spróbować deserów kokosowych i potraw ze stacji live cooking (m.in. świeżych past i zup), podziwiając przy tym ładny widok z okien. Mimo wysokich ocen obsługi i klimatu, opinie gości co do aktualnej formy serwowania posiłków (bufet kontra dania z karty) są obecnie podzielone.",Pon: 7:00 – 9:30 AM | Wt: 7:00 – 9:30 AM | Śr: 7:00 – 9:30 AM | Czw: 7:00 – 9:30 AM | Pt: 7:00 – 9:30 AM | Sob: 7:00 – 9:30 AM | Ndz: 7:00 – 10:00 AM,3.7,10.9,https://www.google.com/maps/search/?api=1&query=220+Thanon+Phetchaburi%2C+Khwaeng+Thanon+Phetchaburi%2C+Khet+Ratchathewi%2C+Krung+Thep+Maha+Nakhon+10400%2C+Thailand&query_place_id=ChIJgahDYM-e4jARJC7LFSIDhxs
Crystal Grill @floor82,"222 Ratchaprarop Rd, Khwaeng Thanon Phaya Thai, Khet Ratchathewi, Krung Thep Maha Nakhon 10400, Thailand","222 Ratchaprarop Rd, Khwaeng Thanon Phaya Thai, Khet Ratchathewi, Krung Thep Maha Nakhon 10400, Thailand",Bufet,Ratchathewi,,4.4,137,"To luksusowa restauracja bufetowa na 82. piętrze, która wyróżnia się zachwycającym panoramicznym widokiem na Bangkok oraz dostępem do tarasu widokowego w cenie posiłku. Goście szczególnie polecają bogaty wybór dań kuchni międzynarodowej, w tym świeże owoce morza oraz wysokiej jakości medaliony mięsne serwowane w formie nielimitowanych dokładek. To idealne miejsce na huczne świętowanie okazji, doceniane za sprawną obsługę i świeżość serwowanych potraw.","Pon: 6:00 – 9:00 PM | Wt: Closed | Śr: 11:00 AM – 3:00 PM, 6:00 – 9:00 PM | Czw: 11:00 AM – 3:00 PM, 6:00 – 9:30 PM | Pt: 11:00 AM – 3:00 PM, 6:00 – 9:30 PM | Sob: 11:00 AM – 3:00 PM, 6:00 – 9:30 PM | Ndz: 11:00 AM – 3:00 PM, 6:00 – 9:30 PM",3.8,11.4,https://www.google.com/maps/search/?api=1&query=222+Ratchaprarop+Rd%2C+Khwaeng+Thanon+Phaya+Thai%2C+Khet+Ratchathewi%2C+Krung+Thep+Maha+Nakhon+10400%2C+Thailand&query_place_id=ChIJ31Mxesie4jARYXXLKB0Ckls
Reap Factory,"10, 10/3 Soi Sukhumvit 20, Klongtoey, Khet Khlong Toei, Krung Thep Maha Nakhon 10110, Thailand","10, 10/3 Soi Sukhumvit 20, Klongtoey, Khet Khlong Toei, Krung Thep Maha Nakhon 10110, Thailand",Bufet,Sukhumvit,,4.8,95,"Reap Factory oferuje bogate menu kuchni Asian fusion oraz atrakcyjną opcję „all you can eat”, w której szczególnie warto zamówić autentycznego maślanego kurczaka (Butter Chicken), Pad Thai oraz Tom Yum Goong. Miejsce wyróżnia się nowoczesnym, stylowym wystrojem i artystyczną prezentacją dań serwowanych na eleganckiej zastawie, co dopełnia profesjonalna i niezwykle uprzejma obsługa.",Pon: 6:00 AM – 10:00 PM | Wt: 6:00 AM – 10:00 PM | Śr: 6:00 AM – 10:00 PM | Czw: 6:00 AM – 10:00 PM | Pt: 6:00 AM – 10:00 PM | Sob: 6:00 AM – 10:00 PM | Ndz: 6:00 AM – 10:00 PM,3.2,7.4,https://www.google.com/maps/search/?api=1&query=10%2C+10%2F3+Soi+Sukhumvit+20%2C+Klongtoey%2C+Khet+Khlong+Toei%2C+Krung+Thep+Maha+Nakhon+10110%2C+Thailand&query_place_id=ChIJVy2QFOGf4jARMqm1gOkeRlE
Twenty-Seven Bites Brasserie at Radisson Blu Plaza Bangkok,"Radisson Blu Plaza Bangkok, 489, ถ. สุขุมวิท แขวงคลองเตยเหนือ เขตวัฒนา กรุงเทพมหานคร 10110, Thailand","Radisson Blu Plaza Bangkok, 489, ถ. สุขุมวิท แขวงคลองเตยเหนือ เขตวัฒนา กรุงเทพมหานคร 10110, Thailand",Bufet,,,4.4,77,"Twenty-Seven Bites Brasserie oferuje bogate bufety, w których warto spróbować świeżych krabów błotnych, krewetek tygrysich, pieczonej wołowiny oraz chwalonych dań kuchni indyjskiej. Miejsce wyróżnia się wyjątkowo urozmaiconą ofertą śniadaniową oraz wysokiej jakości sushi i sashimi, które cieszą się dużym uznaniem gości. Całość dopełnia bardzo uważna i przyjazna obsługa oraz ciekawe desery przygotowywane na zamówienie.",Pon: 6:00 AM – 10:00 PM | Wt: 6:00 AM – 10:00 PM | Śr: 6:00 AM – 10:00 PM | Czw: 6:00 AM – 10:00 PM | Pt: 6:00 AM – 10:00 PM | Sob: 6:00 AM – 10:00 PM | Ndz: 6:00 AM – 10:00 PM,2.9,7.3,https://www.google.com/maps/search/?api=1&query=Radisson+Blu+Plaza+Bangkok%2C+489%2C+%E0%B8%96.+%E0%B8%AA%E0%B8%B8%E0%B8%82%E0%B8%B8%E0%B8%A1%E0%B8%A7%E0%B8%B4%E0%B8%97+%E0%B9%81%E0%B8%82%E0%B8%A7%E0%B8%87%E0%B8%84%E0%B8%A5%E0%B8%AD%E0%B8%87%E0%B9%80%E0%B8%95%E0%B8%A2%E0%B9%80%E0%B8%AB%E0%B8%99%E0%B8%B7%E0%B8%AD+%E0%B9%80%E0%B8%82%E0%B8%95%E0%B8%A7%E0%B8%B1%E0%B8%92%E0%B8%99%E0%B8%B2+%E0%B8%81%E0%B8%A3%E0%B8%B8%E0%B8%87%E0%B9%80%E0%B8%97%E0%B8%9E%E0%B8%A1%E0%B8%AB%E0%B8%B2%E0%B8%99%E0%B8%84%E0%B8%A3+10110%2C+Thailand&query_place_id=ChIJWSBNz--f4jARSK1RTVjlkRY
The Berkeley Dining Room,"ประตูน้ำเซ็นเตอร์ Khwaeng Makkasan, Khet Ratchathewi, Krung Thep Maha Nakhon 10400, Thailand","ประตูน้ำเซ็นเตอร์ Khwaeng Makkasan, Khet Ratchathewi, Krung Thep Maha Nakhon 10400, Thailand",Bufet,Ratchathewi,,4.5,70,"The Berkeley Dining Room oferuje bogate bufety śniadaniowe, ceniony bufet dim sum oraz owoce morza serwowane w stylu fine dining z użyciem składników premium. W menu ala carte goście szczególnie polecają dopracowany wizualnie Pad Thai z grillowaną krewetką rzeczną oraz dania przygotowywane ze świeżych produktów z dużą pasją. Miejsce wyróżnia się ogromną przestrzenią oraz profesjonalną i uprzejmą obsługą, choć warto zaplanować wizytę wcześniej, by uniknąć porannego tłumu.",Pon: 6:00 AM – 10:00 PM | Wt: 6:00 AM – 10:00 PM | Śr: 6:00 AM – 10:00 PM | Czw: 6:00 AM – 10:00 PM | Pt: 6:00 AM – 10:00 PM | Sob: 6:00 AM – 10:00 PM | Ndz: 6:00 AM – 10:00 PM,3.4,10.6,https://www.google.com/maps/search/?api=1&query=%E0%B8%9B%E0%B8%A3%E0%B8%B0%E0%B8%95%E0%B8%B9%E0%B8%99%E0%B9%89%E0%B8%B3%E0%B9%80%E0%B8%8B%E0%B9%87%E0%B8%99%E0%B9%80%E0%B8%95%E0%B8%AD%E0%B8%A3%E0%B9%8C+Khwaeng+Makkasan%2C+Khet+Ratchathewi%2C+Krung+Thep+Maha+Nakhon+10400%2C+Thailand&query_place_id=ChIJ37aGJyGf4jARUpUvg3vFkMw
Ploenchit All Day Dining Restaurant,"level 8, 566 Thanon Phloen Chit, Khwaeng Lumphini, Pathum Wan, Krung Thep Maha Nakhon 10330, Thailand","level 8, 566 Thanon Phloen Chit, Khwaeng Lumphini, Pathum Wan, Krung Thep Maha Nakhon 10330, Thailand",Bufet,Pathum Wan,,4.4,11,"Ploenchit All Day Dining specjalizuje się w bogatych bufetach, oferując m.in. kolacje z owocami morza (kraby błękitne, krewetki, małże) przyrządzanymi na życzenie z tajskimi przyprawami oraz chwalone śniadaniowe curry z kurczaka i warzywa kailan. Choć miejsce wyróżnia się dużym wyborem dań i wyrazistymi smakami, opinie gości na temat świeżości niektórych produktów oraz jakości obsługi są zróżnicowane.",Pon: 6:00 AM – 2:30 PM | Wt: 6:00 AM – 2:30 PM | Śr: 6:00 AM – 2:30 PM | Czw: 6:00 AM – 10:00 PM | Pt: 6:00 AM – 10:00 PM | Sob: 6:00 AM – 10:00 PM | Ndz: 6:00 AM – 2:30 PM,3.4,9.1,https://www.google.com/maps/search/?api=1&query=level+8%2C+566+Thanon+Phloen+Chit%2C+Khwaeng+Lumphini%2C+Pathum+Wan%2C+Krung+Thep+Maha+Nakhon+10330%2C+Thailand&query_place_id=ChIJsQsPPgCf4jARrV6hTQk8zxg
Hua Seng Hong,"3039 Sukhumvit Rd, Khwaeng Bang Chak, Khet Phra Khanong, Krung Thep Maha Nakhon 10260, Thailand","3039 Sukhumvit Rd, Khwaeng Bang Chak, Khet Phra Khanong, Krung Thep Maha Nakhon 10260, Thailand",Chińska,Sukhumvit,$$$,4.3,2291,"Hua Seng Hong to popularna chińska restauracja idealna dla większych grup, oferująca prywatne sale oraz sprawną i troskliwą obsługę. Warto zamówić tu polecaną kaczkę, świeże ostrygi, kraba w curry oraz różnorodne Dim Sum i pieczone przegrzebki. Miejsce wyróżnia się relaksującą atmosferą oraz smacznymi, odpowiednio porcjowanymi daniami serwowanymi w przystępnych cenach.",Pon: 10:00 AM – 10:00 PM | Wt: 10:00 AM – 10:00 PM | Śr: 10:00 AM – 10:00 PM | Czw: 10:00 AM – 10:00 PM | Pt: 10:00 AM – 10:00 PM | Sob: 10:00 AM – 10:00 PM | Ndz: 10:00 AM – 10:00 PM,10.0,0.0,https://www.google.com/maps/search/?api=1&query=3039+Sukhumvit+Rd%2C+Khwaeng+Bang+Chak%2C+Khet+Phra+Khanong%2C+Krung+Thep+Maha+Nakhon+10260%2C+Thailand&query_place_id=ChIJR1u_4QCf4jARB6s_hV990GE
MALA SOCIAL (หมาล่าโซเชียล) - Bangna,"4361 Sukhumvit Rd, Khwaeng Bang Na, Khet Bang Na, Krung Thep Maha Nakhon 10260, Thailand","4361 Sukhumvit Rd, Khwaeng Bang Na, Khet Bang Na, Krung Thep Maha Nakhon 10260, Thailand",Chińska,Sukhumvit,,4.9,705,"Mala Social to lokal, w którym samodzielnie komponuje się dania ze świeżych składników na wagę, a klienci szczególnie polecają aromatyczny „dry pot” oraz zupę na bulionie z boczkiem wieprzowym i puszystym ryżem jaśminowym. Miejsce wyróżnia się wyrazistymi, autorskimi sosami i dużymi porcjami w świetnej cenie, oferując przy tym czyste, klimatyzowane wnętrze oraz bardzo przyjazną obsługę. To idealny wybór dla miłośników pikantnych smaków szukających autentycznych doświadczeń, zarówno na miejscu, jak i w dostawie.",Pon: 11:00 AM – 9:00 PM | Wt: 11:00 AM – 9:00 PM | Śr: 11:00 AM – 9:00 PM | Czw: 11:00 AM – 12:00 AM | Pt: 11:00 AM – 12:00 AM | Sob: 11:00 AM – 12:00 AM | Ndz: 11:00 AM – 9:00 PM,13.4,3.5,https://www.google.com/maps/search/?api=1&query=4361+Sukhumvit+Rd%2C+Khwaeng+Bang+Na%2C+Khet+Bang+Na%2C+Krung+Thep+Maha+Nakhon+10260%2C+Thailand&query_place_id=ChIJvzahDrWh4jARHNmw26kE8kg
Chenduli,"169/79 Thanon Ratchadaphisek, Ratchadaphisek, Khet Din Daeng, Krung Thep Maha Nakhon 10400, Thailand","169/79 Thanon Ratchadaphisek, Ratchadaphisek, Khet Din Daeng, Krung Thep Maha Nakhon 10400, Thailand",Chińska,Din Daeng,,4.8,573,"Chenduli to autentyczna restauracja syczuańska, w której warto zamówić grillowanego kurczaka z chili, kurczaka Kung Pao oraz chwalone przez gości dania z tofu. Miejsce wyróżnia się przestronną salą z okrągłymi stołami idealnymi dla grup oraz świeżymi potrawami serwowanymi w przystępnych cenach. To doskonały wybór na rodzinne obiady i spotkania po pracy, choć ze względu na dużą popularność po godzinie 19:00 bywa tam bardzo tłoczno.",Pon: 11:00 AM – 12:00 AM | Wt: 11:00 AM – 12:00 AM | Śr: 11:00 AM – 12:00 AM | Czw: 11:00 AM – 12:00 AM | Pt: 11:00 AM – 12:00 AM | Sob: 11:00 AM – 12:00 AM | Ndz: 11:00 AM – 12:00 AM,3.3,12.8,https://www.google.com/maps/search/?api=1&query=169%2F79+Thanon+Ratchadaphisek%2C+Ratchadaphisek%2C+Khet+Din+Daeng%2C+Krung+Thep+Maha+Nakhon+10400%2C+Thailand&query_place_id=ChIJkanKUpGd4jARMXHOG1c5wv0
Liu,"Level 3, 87/3 Thanon Witthayu, Khwaeng Lumphini, Pathum Wan, Krung Thep Maha Nakhon 10330, Thailand","Level 3, 87/3 Thanon Witthayu, Khwaeng Lumphini, Pathum Wan, Krung Thep Maha Nakhon 10330, Thailand",Chińska,Pathum Wan,,4.6,353,"Restauracja Liu to eleganckie miejsce słynące z wyśmienitej kuchni kantońskiej, w której warto zamówić nielimitowane dim sum, polędwicę wołową oraz luksusowe pierożki z truflami i złotem. Miejsce wyróżnia się profesjonalną obsługą z pokazami parzenia herbaty „kung fu” oraz dopracowaną prezentacją dań, takich jak kaczka po tajsku czy chrupiąca ryba w sosie słodko-kwaśnym. Całość dopełnia stylowy, luksusowy wystrój, który tworzy idealną atmosferę na wyjątkowe okazje.","Pon: 11:30 AM – 2:30 PM, 6:00 – 10:00 PM | Wt: 11:30 AM – 2:30 PM, 6:00 – 10:00 PM | Śr: 11:30 AM – 2:30 PM, 6:00 – 10:00 PM | Czw: 11:30 AM – 2:30 PM, 6:00 – 10:00 PM | Pt: 11:30 AM – 2:30 PM, 6:00 – 10:00 PM | Sob: 11:30 AM – 2:30 PM, 6:00 – 10:00 PM | Ndz: 11:30 AM – 2:30 PM, 6:00 – 10:00 PM",4.0,9.7,https://www.google.com/maps/search/?api=1&query=Level+3%2C+87%2F3+Thanon+Witthayu%2C+Khwaeng+Lumphini%2C+Pathum+Wan%2C+Krung+Thep+Maha+Nakhon+10330%2C+Thailand&query_place_id=ChIJ57sRkd6e4jAR1SzWPCj3xSQ
Loong Foong Chinese Restaurant,"204 Thanon Ratchadaphisek, Khwaeng Huai Khwang, Khet Huai Khwang, Krung Thep Maha Nakhon 10310, Thailand","204 Thanon Ratchadaphisek, Khwaeng Huai Khwang, Khet Huai Khwang, Krung Thep Maha Nakhon 10310, Thailand",Chińska,Huai Khwang,,4.3,345,"Traditional, wood-paneled restaurant offering Cantonese fare, including dim sum dishes.","Pon: 11:00 AM – 2:30 PM, 5:30 – 10:00 PM | Wt: 11:00 AM – 2:30 PM, 5:30 – 10:00 PM | Śr: 11:00 AM – 2:30 PM, 5:30 – 10:00 PM | Czw: 11:00 AM – 2:30 PM, 5:30 – 10:00 PM | Pt: 11:00 AM – 2:30 PM, 5:30 – 10:00 PM | Sob: 11:00 AM – 2:30 PM, 5:30 – 10:00 PM | Ndz: 11:00 AM – 2:30 PM, 5:30 – 10:00 PM",2.8,12.3,https://www.google.com/maps/search/?api=1&query=204+Thanon+Ratchadaphisek%2C+Khwaeng+Huai+Khwang%2C+Khet+Huai+Khwang%2C+Krung+Thep+Maha+Nakhon+10310%2C+Thailand&query_place_id=ChIJJZupfICe4jARH0QZoDAXIXU
Pagoda Chinese Restaurant,"199 Sukhumvit Soi 22, Khwaeng Khlong Tan, Khet Khlong Toei, Krung Thep Maha Nakhon 10110, Thailand","199 Sukhumvit Soi 22, Khwaeng Khlong Tan, Khet Khlong Toei, Krung Thep Maha Nakhon 10110, Thailand",Chińska,Sukhumvit,,4.4,261,"Pagoda to elegancka restauracja o luksusowym, nastrojowym wystroju, która wyróżnia się spokojną atmosferą oraz wyśmienitymi mięsami pieczonymi, takimi jak chrupiący boczek czy kaczka po pekińsku serwowana w stylu hongkońskim. Goście szczególnie polecają zamówienie wybitnej zupy syczuańskiej oraz ryżu z krabem, doceniając przy tym przestronne i dopracowane wnętrza. Choć opinie o serwisie są podzielone, miejsce przyciąga osoby szukające intymnego klimatu i dopracowanych wizualnie dań kuchni chińskiej.","Pon: 11:30 AM – 2:30 PM, 6:00 – 10:00 PM | Wt: 11:30 AM – 2:30 PM, 6:00 – 10:00 PM | Śr: 11:30 AM – 2:30 PM, 6:00 – 10:00 PM | Czw: 11:30 AM – 2:30 PM, 6:00 – 10:00 PM | Pt: 11:30 AM – 2:30 PM, 6:00 – 10:00 PM | Sob: 11:30 AM – 2:30 PM, 6:00 – 10:00 PM | Ndz: 11:30 AM – 2:30 PM, 6:00 – 10:00 PM",3.5,7.4,https://www.google.com/maps/search/?api=1&query=199+Sukhumvit+Soi+22%2C+Khwaeng+Khlong+Tan%2C+Khet+Khlong+Toei%2C+Krung+Thep+Maha+Nakhon+10110%2C+Thailand&query_place_id=ChIJh7LY-5mf4jARHIx1QknG9iA
Hong Teh Restaurant,"171 Soi Sukhumvit 11, Khwaeng Khlong Toei Nuea, Watthana, Krung Thep Maha Nakhon 10110, Thailand","171 Soi Sukhumvit 11, Khwaeng Khlong Toei Nuea, Watthana, Krung Thep Maha Nakhon 10110, Thailand",Chińska,Sukhumvit,,4.5,222,"Hong Teh Restaurant to eleganckie miejsce w hotelu Ambassador, słynące z autentycznej kuchni kantońskiej i klimatu przenoszącego gości prosto do Chin. Warto zamówić tu przede wszystkim różnorodne dim sum, kaczkę po pekińsku oraz chrupiącą wieprzowinę, a goście ceniący dietę roślinną polecają wegańską wersję kaczki i smażone grzyby. Restauracja wyróżnia się profesjonalną, szybką obsługą oraz luksusowym, sprzyjającym spotkaniom biznesowym wystrojem.",Pon: Closed | Wt: 10:00 AM – 8:30 PM | Śr: 10:00 AM – 8:30 PM | Czw: 10:00 AM – 8:30 PM | Pt: 10:00 AM – 8:30 PM | Sob: 10:00 AM – 8:30 PM | Ndz: 10:00 AM – 8:30 PM,3.1,8.5,https://www.google.com/maps/search/?api=1&query=171+Soi+Sukhumvit+11%2C+Khwaeng+Khlong+Toei+Nuea%2C+Watthana%2C+Krung+Thep+Maha+Nakhon+10110%2C+Thailand&query_place_id=ChIJQfVOhuae4jARFnzEuX-mJ0w
Yok Chinese Restaurant,"99, 1 Thanon Ratchadaphisek, Khwaeng Din Daeng, Khet Din Daeng, Krung Thep Maha Nakhon 10400, Thailand","99, 1 Thanon Ratchadaphisek, Khwaeng Din Daeng, Khet Din Daeng, Krung Thep Maha Nakhon 10400, Thailand",Chińska,Din Daeng,,4.5,123,"Yok Chinese Restaurant w hotelu The Emerald słynie z bogatego bufetu dim sum, w którym warto spróbować świeżych pierożków har gow i siu mai oraz popisowej krewetki w chrupiącym papierze fasolowym. Goście doceniają puszyste bułeczki BBQ pork buns, wyrazistą zupę ostro-kwaśną oraz profesjonalną obsługę w klasycznym, hotelowym wnętrzu. Przy większych grupach można liczyć na dodatkowe korzyści, takie jak darmowa pieczona kaczka w ramach promocji.","Pon: 11:30 AM – 2:30 PM, 6:00 – 10:00 PM | Wt: 11:30 AM – 2:30 PM, 6:00 – 10:00 PM | Śr: 11:30 AM – 2:30 PM, 6:00 – 10:00 PM | Czw: 6:00 AM – 10:00 PM | Pt: 11:30 AM – 2:30 PM, 6:00 – 10:00 PM | Sob: 6:00 – 10:00 PM, 11:30 PM – 12:00 AM | Ndz: 12:00 AM – 2:30 PM, 6:00 – 10:00 PM",2.8,12.2,https://www.google.com/maps/search/?api=1&query=99%2C+1+Thanon+Ratchadaphisek%2C+Khwaeng+Din+Daeng%2C+Khet+Din+Daeng%2C+Krung+Thep+Maha+Nakhon+10400%2C+Thailand&query_place_id=ChIJM1DOF4Ce4jARnf9LE8g4h0g
The Mulberry Chinese Cuisine,"559 Ratchaprarop Rd, Khwaeng Makkasan, Khet Ratchathewi, Krung Thep Maha Nakhon 10400, Thailand","559 Ratchaprarop Rd, Khwaeng Makkasan, Khet Ratchathewi, Krung Thep Maha Nakhon 10400, Thailand",Chińska,Ratchathewi,,4.3,102,"The Mulberry Chinese Cuisine w hotelu Berkeley to restauracja z imponującą otwartą kuchnią, słynąca z bogatego bufetu dim sum oraz świeżych owoców morza w przystępnych cenach. Warto zamówić pierożki xiao long bao, pieczoną kaczkę oraz wyjątkowe bułeczki z płynnym nadzieniem z taro lub solonego jajka, koniecznie z dodatkiem ich autorskiego oleju chili o głębokim smaku umami. Miejsce wyróżnia się sprawnym systemem zamawiania przez kody QR oraz profesjonalną obsługą, co czyni je idealnym wyborem na rodzinny lunch lub większe uroczystości.",Pon: 11:00 AM – 10:00 PM | Wt: 11:00 AM – 10:00 PM | Śr: 11:00 AM – 10:00 PM | Czw: 11:00 AM – 10:00 PM | Pt: 11:00 AM – 10:00 PM | Sob: 11:00 AM – 10:00 PM | Ndz: 11:00 AM – 10:00 PM,3.4,10.6,https://www.google.com/maps/search/?api=1&query=559+Ratchaprarop+Rd%2C+Khwaeng+Makkasan%2C+Khet+Ratchathewi%2C+Krung+Thep+Maha+Nakhon+10400%2C+Thailand&query_place_id=ChIJ-bRFwcWe4jAR5kv5STtZAIw
Chai Jia Chai 蔡家菜,"265/2 ซ. สุขุมวิท 31 Khwaeng Khlong Toei Nuea, Watthana, Krung Thep Maha Nakhon 10110, Thailand","265/2 ซ. สุขุมวิท 31 Khwaeng Khlong Toei Nuea, Watthana, Krung Thep Maha Nakhon 10110, Thailand",Chińska,Watthana,,4.8,97,"Chai Jia Chai to elegancka restauracja serwująca nowoczesne kantońskie omakase, które łączy tradycyjne smaki Kantonu i Tajwanu z luksusową oprawą. Warto spróbować zupy ryżowej z homarem, duszonych przez 72 godziny uchowców (abalone) oraz wołowiny A5 wagyu z 20-letnią suszoną skórką mandarynki. Miejsce wyróżnia się kunsztowną prezentacją dań, nienaganną obsługą oraz możliwością bezpośredniej interakcji z szefem kuchni podczas posiłku.",Pon: 5:00 – 10:00 PM | Wt: 5:00 – 10:00 PM | Śr: 5:00 – 10:00 PM | Czw: 5:00 – 10:00 PM | Pt: 5:00 – 10:00 PM | Sob: 5:00 – 10:00 PM | Ndz: 5:00 – 10:00 PM,2.4,7.7,https://www.google.com/maps/search/?api=1&query=265%2F2+%E0%B8%8B.+%E0%B8%AA%E0%B8%B8%E0%B8%82%E0%B8%B8%E0%B8%A1%E0%B8%A7%E0%B8%B4%E0%B8%97+31+Khwaeng+Khlong+Toei+Nuea%2C+Watthana%2C+Krung+Thep+Maha+Nakhon+10110%2C+Thailand&query_place_id=ChIJ89j4snef4jARdTcWImYz-B8
Goji Kitchen+Bar,"Bangkok Marriott Marquis Queen’s Park 199 Sukhumvit Soi 22, Klong Ton Khet Khlong Toei, Krung Thep Maha Nakhon 10110, Thailand","Bangkok Marriott Marquis Queen’s Park 199 Sukhumvit Soi 22, Klong Ton Khet Khlong Toei, Krung Thep Maha Nakhon 10110, Thailand",Dim Sum,Sukhumvit,$$$$,4.6,4364,"Goji Kitchen+Bar oferuje jeden z najlepszych luksusowych bufetów w Bangkoku, serwując szeroki wachlarz dań kuchni tajskiej, indyjskiej, zachodniej i japońskiej. Warto tu zamówić przede wszystkim świeże owoce morza, takie jak homary i kraby królewskie, a także perfekcyjnie przyrządzone steki ze stacji carvingowej oraz wysokiej jakości wędliny i sery. Miejsce wyróżnia się eleganckim, przestronnym wnętrzem oraz wyjątkowo profesjonalną i uważną obsługą.",Pon: 6:00 AM – 10:00 PM | Wt: 6:00 AM – 10:00 PM | Śr: 6:00 AM – 10:00 PM | Czw: 6:00 AM – 10:00 PM | Pt: 6:00 AM – 10:00 PM | Sob: 6:00 AM – 10:00 PM | Ndz: 6:00 AM – 10:00 PM,3.5,7.4,https://www.google.com/maps/search/?api=1&query=Bangkok+Marriott+Marquis+Queen%E2%80%99s+Park+199+Sukhumvit+Soi+22%2C+Klong+Ton+Khet+Khlong+Toei%2C+Krung+Thep+Maha+Nakhon+10110%2C+Thailand&query_place_id=ChIJDf7QWt2e4jAR_P65R6dS78A
ร้านอาหารจีน ฮั่วเซ่งฮง เซ็นทรัลพระราม9 Huasenghong,"Rama IX Rd, ห้วยขวาง Khet Huai Khwang, Krung Thep Maha Nakhon 10310, Thailand","Rama IX Rd, ห้วยขวาง Khet Huai Khwang, Krung Thep Maha Nakhon 10310, Thailand",Dim Sum,Huai Khwang,$$$,4.7,1806,"Ta wywodząca się z Chinatown restauracja serwuje autentyczną kuchnię tajsko-chińską, oferując imponujący wybór ponad 150 dań, w tym znakomite dim sum i aromatyczny ryż z woka. Warto zamówić chwaloną zupę z płetwy rekina, krewetki z makaronem szklanym lub chrupiącą wieprzowinę z chili i solą. Miejsce wyróżnia się bogatą tradycją oraz przytulną atmosferą, będąc idealnym wyborem na rodzinny posiłek lub kolację w parze.",Pon: 10:00 AM – 10:00 PM | Wt: 10:00 AM – 10:00 PM | Śr: 10:00 AM – 10:00 PM | Czw: 10:00 AM – 10:00 PM | Pt: 10:00 AM – 10:00 PM | Sob: 10:00 AM – 10:00 PM | Ndz: 10:00 AM – 10:00 PM,0.6,10.2,https://www.google.com/maps/search/?api=1&query=Rama+IX+Rd%2C+%E0%B8%AB%E0%B9%89%E0%B8%A7%E0%B8%A2%E0%B8%82%E0%B8%A7%E0%B8%B2%E0%B8%87+Khet+Huai+Khwang%2C+Krung+Thep+Maha+Nakhon+10310%2C+Thailand&query_place_id=ChIJuZ6-Ho2e4jARHEBaAYreb7M
Din Tai Fung Central Embassy Branch,"546/4 5 Floor, Thanon Phloen Chit, Khwaeng Lumphini, Pathum Wan, Krung Thep Maha Nakhon 10330, Thailand","546/4 5 Floor, Thanon Phloen Chit, Khwaeng Lumphini, Pathum Wan, Krung Thep Maha Nakhon 10330, Thailand",Dim Sum,Pathum Wan,$$$,4.5,1522,"To eleganckie miejsce w luksusowej galerii słynie z wyśmienitych, soczystych pierożków Xiao Long Bao oraz sezonowych specjałów z krabem i wieprzowiną. W menu wyróżniają się także aromatyczna zupa z kurczaka, chrupiąca fasolka szparagowa oraz słodkie bułeczki, serwowane w spokojnej atmosferze z nienaganną obsługą. Ze względu na dużą popularność restauracji, w godzinach szczytu warto przygotować się na oczekiwanie na wolny stolik.",Pon: 10:30 AM – 10:00 PM | Wt: 10:30 AM – 10:00 PM | Śr: 10:30 AM – 10:00 PM | Czw: 10:30 AM – 10:00 PM | Pt: 10:30 AM – 10:00 PM | Sob: 10:30 AM – 10:00 PM | Ndz: 10:30 AM – 10:00 PM,3.5,9.7,https://www.google.com/maps/search/?api=1&query=546%2F4+5+Floor%2C+Thanon+Phloen+Chit%2C+Khwaeng+Lumphini%2C+Pathum+Wan%2C+Krung+Thep+Maha+Nakhon+10330%2C+Thailand&query_place_id=ChIJYRDrn9ye4jARv5lSLzj1Z2w
Ping's Shark Fin Restaurant Asoke (The Original),"137/3 Sukhumvit 21 Rd, North Klongtoey Watthana, Krung Thep Maha Nakhon 10110, Thailand","137/3 Sukhumvit 21 Rd, North Klongtoey Watthana, Krung Thep Maha Nakhon 10110, Thailand",Dim Sum,Sukhumvit,$$$$,4.6,1316,"Ping's Shark Fin słynie z aromatycznej zupy z płetwy rekina oraz jej doskonałej alternatywy – pęcherza pławnego z krabem podawanego w glinianym garnku. Goście szczególnie polecają krewetki rzeczne z makaronem sojowym, gęsie łapki oraz smażone rolki z kraba, podkreślając bogaty smak potraw i hojne porcje. Miejsce wyróżnia się bardzo przyjazną obsługą oraz unikalną możliwością zakupu mrożonych dań na wynos z dostawą do hotelu.",Pon: 11:00 AM – 10:00 PM | Wt: 11:00 AM – 10:00 PM | Śr: 11:00 AM – 10:00 PM | Czw: 11:00 AM – 10:00 PM | Pt: 11:00 AM – 10:00 PM | Sob: 11:00 AM – 10:00 PM | Ndz: 11:00 AM – 10:00 PM,2.3,8.0,https://www.google.com/maps/search/?api=1&query=137%2F3+Sukhumvit+21+Rd%2C+North+Klongtoey+Watthana%2C+Krung+Thep+Maha+Nakhon+10110%2C+Thailand&query_place_id=ChIJnfQQnAGf4jARkEY6N_nZR74
Man Ho,"JW Marriott Hotel 4 Sukhumvit Rd, Khwaeng Khlong Toei, Khet Khlong Toei, Krung Thep Maha Nakhon 10110, Thailand","JW Marriott Hotel 4 Sukhumvit Rd, Khwaeng Khlong Toei, Khet Khlong Toei, Krung Thep Maha Nakhon 10110, Thailand",Dim Sum,Sukhumvit,,4.8,1034,"Man Ho to jedna z najlepszych restauracji chińskich w Bangkoku, wyróżniająca się wybitną kuchnią, elegancką atmosferą oraz wyjątkowo profesjonalną i serdeczną obsługą. Warto zamówić tutaj przede wszystkim pieczone prosię, świeże ryby oraz różnorodne dim sum, zwłaszcza te z krewetkami. Dodatkowym atutem jest możliwość zbierania punktów w programie Marriott Bonvoy oraz uzyskania 10% zniżki na posiłek, nawet nie będąc gościem hotelowym.","Pon: 11:30 AM – 2:30 PM, 5:30 – 10:00 PM | Wt: 11:30 AM – 2:30 PM, 5:30 – 10:00 PM | Śr: 11:30 AM – 2:30 PM, 5:30 – 10:00 PM | Czw: 11:30 AM – 2:30 PM, 5:30 – 10:00 PM | Pt: 11:30 AM – 2:30 PM, 5:30 – 10:00 PM | Sob: 11:30 AM – 3:30 PM, 5:30 – 10:00 PM | Ndz: 11:30 AM – 3:30 PM, 5:30 – 10:00 PM",3.1,8.8,https://www.google.com/maps/search/?api=1&query=JW+Marriott+Hotel+4+Sukhumvit+Rd%2C+Khwaeng+Khlong+Toei%2C+Khet+Khlong+Toei%2C+Krung+Thep+Maha+Nakhon+10110%2C+Thailand&query_place_id=ChIJ0cmlNuuf4jARBw8k3T0PAmM
Hong Bao Central embassy,"Central Embassy, ชั้น 5, 1031 ถนน เพลินจิต แขวงปทุมวัน เขตปทุมวัน กรุงเทพมหานคร 10330, Thailand","Central Embassy, ชั้น 5, 1031 ถนน เพลินจิต แขวงปทุมวัน เขตปทุมวัน กรุงเทพมหานคร 10330, Thailand",Dim Sum,,$$$$,4.5,1017,"Hong Bao w Central Embassy to luksusowa restauracja kantońska słynąca z wyśmienitych dim sum, a w szczególności z kultowych bułeczek z płynnym żółtkiem (Golden Salted Egg Lava Bun) oraz chrupiących rolek ryżowych z krewetkami. Miejsce wyróżnia się eleganckim, nowoczesnym wystrojem i wzorową obsługą, oferując także prywatne sale idealne na większe spotkania rodzinne. Ze względu na wysoką popularność lokalu, warto zarezerwować stolik z wyprzedzeniem.",Pon: 10:00 AM – 9:00 PM | Wt: 10:00 AM – 9:00 PM | Śr: 10:00 AM – 9:00 PM | Czw: 10:00 AM – 9:00 PM | Pt: 10:00 AM – 9:00 PM | Sob: 10:00 AM – 9:00 PM | Ndz: 10:00 AM – 9:00 PM,3.6,9.7,https://www.google.com/maps/search/?api=1&query=Central+Embassy%2C+%E0%B8%8A%E0%B8%B1%E0%B9%89%E0%B8%99+5%2C+1031+%E0%B8%96%E0%B8%99%E0%B8%99+%E0%B9%80%E0%B8%9E%E0%B8%A5%E0%B8%B4%E0%B8%99%E0%B8%88%E0%B8%B4%E0%B8%95+%E0%B9%81%E0%B8%82%E0%B8%A7%E0%B8%87%E0%B8%9B%E0%B8%97%E0%B8%B8%E0%B8%A1%E0%B8%A7%E0%B8%B1%E0%B8%99+%E0%B9%80%E0%B8%82%E0%B8%95%E0%B8%9B%E0%B8%97%E0%B8%B8%E0%B8%A1%E0%B8%A7%E0%B8%B1%E0%B8%99+%E0%B8%81%E0%B8%A3%E0%B8%B8%E0%B8%87%E0%B9%80%E0%B8%97%E0%B8%9E%E0%B8%A1%E0%B8%AB%E0%B8%B2%E0%B8%99%E0%B8%84%E0%B8%A3+10330%2C+Thailand&query_place_id=ChIJg2fJodye4jAReabWihkrXLE
kungfudimsum,"2040 New Petchaburi Rd, Khwaeng Bang Kapi, Khet Huai Khwang, Krung Thep Maha Nakhon 10310, Thailand","2040 New Petchaburi Rd, Khwaeng Bang Kapi, Khet Huai Khwang, Krung Thep Maha Nakhon 10310, Thailand",Dim Sum,Huai Khwang,,4.9,808,"Kungfu Dimsum to czynne całą dobę miejsce, które słynie z autentycznych dań, takich jak świeże krewetki na parze, taro z wieprzowiną czy kurze łapki. Goście szczególnie polecają smażony makaron ryżowy o wyraźnym aromacie woka oraz delikatną wołowinę z kapustą bok choy, przygotowywane przez wprawnego szefa kuchni. Restauracja oferuje przystępne ceny i swobodną atmosferę, będąc doskonałym wyborem na posiłek o każdej porze dnia i nocy.",Pon: 6:00 AM – 2:00 AM | Wt: 6:00 AM – 2:00 AM | Śr: 6:00 AM – 2:00 AM | Czw: 6:00 AM – 2:00 AM | Pt: 6:00 AM – 2:00 AM | Sob: 6:00 AM – 2:00 AM | Ndz: 6:00 AM – 2:00 AM,1.7,8.2,https://www.google.com/maps/search/?api=1&query=2040+New+Petchaburi+Rd%2C+Khwaeng+Bang+Kapi%2C+Khet+Huai+Khwang%2C+Krung+Thep+Maha+Nakhon+10310%2C+Thailand&query_place_id=ChIJMffmMACf4jARuL6oF923Pgs
You & I Premium Suki Buffet - Central World,"เลขที่ 4, 4/1-4/2, โซน Isetan เก่า, ชั้น 6 โซน BeacOnzOne, 4, 4 ถนน ราชดำริ แขวงปทุมวัน เขตปทุมวัน กรุงเทพมหานคร 10330, Thailand","เลขที่ 4, 4/1-4/2, โซน Isetan เก่า, ชั้น 6 โซน BeacOnzOne, 4, 4 ถนน ราชดำริ แขวงปทุมวัน เขตปทุมวัน กรุงเทพมหานคร 10330, Thailand",Dim Sum,,,4.8,709,"To wyjątkowe miejsce na mapie Bangkoku, w którym każdy gość otrzymuje własny kociołek do shabu-shabu, by przygotować w nim m.in. rozpływającą się w ustach wołowinę wagyu, świeże owoce morza i ręcznie robione dim sum. Warto zamówić pakiet premium, który daje dostęp do bogatego wyboru bulionów, dodatków takich jak smażony kurczak oraz szerokiej gamy deserów, w tym lodów Mini Melts. Restauracja wyróżnia się świetnym stosunkiem jakości do ceny oraz bardzo sprawną i uprzejmą obsługą.",Pon: 11:00 AM – 10:00 PM | Wt: 11:00 AM – 10:00 PM | Śr: 11:00 AM – 10:00 PM | Czw: 11:00 AM – 10:00 PM | Pt: 11:00 AM – 10:00 PM | Sob: 10:00 AM – 10:00 PM | Ndz: 10:00 AM – 10:00 PM,4.0,10.5,https://www.google.com/maps/search/?api=1&query=%E0%B9%80%E0%B8%A5%E0%B8%82%E0%B8%97%E0%B8%B5%E0%B9%88+4%2C+4%2F1-4%2F2%2C+%E0%B9%82%E0%B8%8B%E0%B8%99+Isetan+%E0%B9%80%E0%B8%81%E0%B9%88%E0%B8%B2%2C+%E0%B8%8A%E0%B8%B1%E0%B9%89%E0%B8%99+6+%E0%B9%82%E0%B8%8B%E0%B8%99+BeacOnzOne%2C+4%2C+4+%E0%B8%96%E0%B8%99%E0%B8%99+%E0%B8%A3%E0%B8%B2%E0%B8%8A%E0%B8%94%E0%B8%B3%E0%B8%A3%E0%B8%B4+%E0%B9%81%E0%B8%82%E0%B8%A7%E0%B8%87%E0%B8%9B%E0%B8%97%E0%B8%B8%E0%B8%A1%E0%B8%A7%E0%B8%B1%E0%B8%99+%E0%B9%80%E0%B8%82%E0%B8%95%E0%B8%9B%E0%B8%97%E0%B8%B8%E0%B8%A1%E0%B8%A7%E0%B8%B1%E0%B8%99+%E0%B8%81%E0%B8%A3%E0%B8%B8%E0%B8%87%E0%B9%80%E0%B8%97%E0%B8%9E%E0%B8%A1%E0%B8%AB%E0%B8%B2%E0%B8%99%E0%B8%84%E0%B8%A3+10330%2C+Thailand&query_place_id=ChIJZbRzjo6f4jAR-RIJeHLWkI0
Sui Sian,"ห้องอาหารจีนซุยเซียน ชั้น10 138 The Landmark Bangkok, คลองเตย Khet Khlong Toei, Krung Thep Maha Nakhon 10110, Thailand","ห้องอาหารจีนซุยเซียน ชั้น10 138 The Landmark Bangkok, คลองเตย Khet Khlong Toei, Krung Thep Maha Nakhon 10110, Thailand",Dim Sum,Khlong Toei,,4.5,696,"Sui Sian to elegancka restauracja kantońska na 10. piętrze hotelu The Landmark, słynąca z kaczki po pekińsku krojonej przy stoliku oraz wyjątkowych pierożków Xiao Long Bao z krabem. Goście chwalą bogate smaki dań, takich jak wieprzowina słodko-kwaśna czy bogaty bufet dim sum, a także niezwykle uprzejmą i pomocną obsługę. Komfortowe wnętrza z prywatnymi salami sprawiają, że jest to idealne miejsce na spokojny posiłek w samym sercu Bangkoku.","Pon: 11:00 AM – 2:30 PM, 6:00 – 10:00 PM | Wt: 11:00 AM – 2:30 PM, 6:00 – 10:00 PM | Śr: 11:00 AM – 2:30 PM, 6:00 – 10:00 PM | Czw: 11:00 AM – 2:30 PM, 6:00 – 10:00 PM | Pt: 11:00 AM – 2:30 PM, 6:00 – 10:00 PM | Sob: 11:00 AM – 2:30 PM, 6:00 – 10:00 PM | Ndz: 11:00 AM – 3:00 PM, 6:00 – 10:00 PM",3.2,8.6,https://www.google.com/maps/search/?api=1&query=%E0%B8%AB%E0%B9%89%E0%B8%AD%E0%B8%87%E0%B8%AD%E0%B8%B2%E0%B8%AB%E0%B8%B2%E0%B8%A3%E0%B8%88%E0%B8%B5%E0%B8%99%E0%B8%8B%E0%B8%B8%E0%B8%A2%E0%B9%80%E0%B8%8B%E0%B8%B5%E0%B8%A2%E0%B8%99+%E0%B8%8A%E0%B8%B1%E0%B9%89%E0%B8%9910+138+The+Landmark+Bangkok%2C+%E0%B8%84%E0%B8%A5%E0%B8%AD%E0%B8%87%E0%B9%80%E0%B8%95%E0%B8%A2+Khet+Khlong+Toei%2C+Krung+Thep+Maha+Nakhon+10110%2C+Thailand&query_place_id=ChIJtf0LsOae4jARnRJt_Dw9h3E
Laoteng,"โรงแรมอโนมา ชั้นที่ 2 เลขที่ 99 Thanon Ratchadamri, ลุมพินี Pathum Wan, Krung Thep Maha Nakhon 10330, Thailand","โรงแรมอโนมา ชั้นที่ 2 เลขที่ 99 Thanon Ratchadamri, ลุมพินี Pathum Wan, Krung Thep Maha Nakhon 10330, Thailand",Dim Sum,Pathum Wan,,4.7,488,"Laoteng to elegancka restauracja kantońska, która słynie z wyśmienitej kaczki po pekińsku o wyjątkowo chrupiącej skórce oraz dopracowanych dim sum i meduzy w oleju sezamowym. Goście chwalą to miejsce za relaksującą atmosferę, wysoką jakość składników oraz bardzo pomocną i ciepłą obsługę, która sprawnie komunikuje się w języku angielskim. Restauracja oferuje komfortowe, czyste wnętrza z dostępem do prywatnych pokoi, co czyni ją idealnym wyborem na spokojny posiłek w gronie rodziny lub przyjaciół.","Pon: 11:00 AM – 2:30 PM, 5:30 – 10:00 PM | Wt: 11:00 AM – 2:30 PM, 5:30 – 10:00 PM | Śr: 11:00 AM – 2:30 PM, 5:30 – 10:00 PM | Czw: 11:00 AM – 2:30 PM, 5:30 – 10:00 PM | Pt: 11:00 AM – 2:30 PM, 5:30 – 10:00 PM | Sob: 11:00 AM – 2:30 PM, 5:30 – 10:00 PM | Ndz: 11:00 AM – 2:30 PM, 5:30 – 10:00 PM",3.8,10.6,https://www.google.com/maps/search/?api=1&query=%E0%B9%82%E0%B8%A3%E0%B8%87%E0%B9%81%E0%B8%A3%E0%B8%A1%E0%B8%AD%E0%B9%82%E0%B8%99%E0%B8%A1%E0%B8%B2+%E0%B8%8A%E0%B8%B1%E0%B9%89%E0%B8%99%E0%B8%97%E0%B8%B5%E0%B9%88+2+%E0%B9%80%E0%B8%A5%E0%B8%82%E0%B8%97%E0%B8%B5%E0%B9%88+99+Thanon+Ratchadamri%2C+%E0%B8%A5%E0%B8%B8%E0%B8%A1%E0%B8%9E%E0%B8%B4%E0%B8%99%E0%B8%B5+Pathum+Wan%2C+Krung+Thep+Maha+Nakhon+10330%2C+Thailand&query_place_id=ChIJxZck1Saf4jARmu-2U6gOqws
"Wah Lok, Cantonese Restaurant","2nd floor, Carlton Hotel Bangkok Sukhumvit 491 Sukhumvit Road Klongtoey Nua, แขวงคลองเตยเหนือ เขตวัฒนา กรุงเทพมหานคร 10110, Thailand","2nd floor, Carlton Hotel Bangkok Sukhumvit 491 Sukhumvit Road Klongtoey Nua, แขวงคลองเตยเหนือ เขตวัฒนา กรุงเทพมหานคร 10110, Thailand",Dim Sum,Sukhumvit,,4.4,416,"Wah Lok to elegancka restauracja kantońska w Bangkoku, słynąca z nienagannej obsługi oraz wybitnej kaczki po pekińsku z idealnie chrupiącą skórką, serwowanej w dwóch odsłonach. Goście szczególnie polecają również tutejszy chrupiący boczek, a dla większych grup dostępne są komfortowe, prywatne sale. Warto pamiętać, że szeroki wybór dim sum jest serwowany wyłącznie w porze lunchu.","Pon: 11:30 AM – 2:30 PM, 6:00 – 10:30 PM | Wt: 11:30 AM – 2:30 PM, 6:00 – 10:30 PM | Śr: 11:30 AM – 2:30 PM, 6:00 – 10:30 PM | Czw: 11:30 AM – 2:30 PM, 6:00 – 10:30 PM | Pt: 11:30 AM – 2:30 PM, 6:00 – 10:30 PM | Sob: 11:00 AM – 3:00 PM, 6:00 – 10:30 PM | Ndz: 11:00 AM – 3:00 PM, 6:00 – 10:30 PM",3.0,7.2,https://www.google.com/maps/search/?api=1&query=2nd+floor%2C+Carlton+Hotel+Bangkok+Sukhumvit+491+Sukhumvit+Road+Klongtoey+Nua%2C+%E0%B9%81%E0%B8%82%E0%B8%A7%E0%B8%87%E0%B8%84%E0%B8%A5%E0%B8%AD%E0%B8%87%E0%B9%80%E0%B8%95%E0%B8%A2%E0%B9%80%E0%B8%AB%E0%B8%99%E0%B8%B7%E0%B8%AD+%E0%B9%80%E0%B8%82%E0%B8%95%E0%B8%A7%E0%B8%B1%E0%B8%92%E0%B8%99%E0%B8%B2+%E0%B8%81%E0%B8%A3%E0%B8%B8%E0%B8%87%E0%B9%80%E0%B8%97%E0%B8%9E%E0%B8%A1%E0%B8%AB%E0%B8%B2%E0%B8%99%E0%B8%84%E0%B8%A3+10110%2C+Thailand&query_place_id=ChIJd6XhIfef4jARz1jVBhCFsPI
BAOBAO BANGKOK,"Room A601, 6th floor Central World 4 4/1-4 ซ. วิภาวดี 2 แยก 4-4 Patumwan Pathum Wan, Krung Thep Maha Nakhon 10330, Thailand","Room A601, 6th floor Central World 4 4/1-4 ซ. วิภาวดี 2 แยก 4-4 Patumwan Pathum Wan, Krung Thep Maha Nakhon 10330, Thailand",Dim Sum,Pathum Wan,,4.6,413,"BAOBAO to doskonały punkt w galerii Central World, słynący z autentycznych, ręcznie robionych dim sum, a w szczególności z xiao long bao o niezwykle cienkim cieście, które smakiem dorównują najlepszym światowym lokalom. Warto zamówić także wontony w oleju chili, makaron z krabem oraz pierożki z krewetkami, które podawane są szybko i w bardzo estetyczny sposób. Miejsce wyróżnia się przytulną atmosferą, miłą obsługą oraz korzystnym stosunkiem jakości do ceny.",Pon: 10:00 AM – 10:00 PM | Wt: 10:00 AM – 10:00 PM | Śr: 10:00 AM – 10:00 PM | Czw: 10:00 AM – 10:00 PM | Pt: 10:00 AM – 10:00 PM | Sob: 10:00 AM – 10:00 PM | Ndz: 10:00 AM – 10:00 PM,4.0,10.5,https://www.google.com/maps/search/?api=1&query=Room+A601%2C+6th+floor+Central+World+4+4%2F1-4+%E0%B8%8B.+%E0%B8%A7%E0%B8%B4%E0%B8%A0%E0%B8%B2%E0%B8%A7%E0%B8%94%E0%B8%B5+2+%E0%B9%81%E0%B8%A2%E0%B8%81+4-4+Patumwan+Pathum+Wan%2C+Krung+Thep+Maha+Nakhon+10330%2C+Thailand&query_place_id=ChIJqfXb4bKf4jAR4k8JRQSXWGU
The Silk Road,"61 Thanon Witthayu, Khwaeng Lumphini, Pathum Wan, Krung Thep Maha Nakhon 10330, Thailand","61 Thanon Witthayu, Khwaeng Lumphini, Pathum Wan, Krung Thep Maha Nakhon 10330, Thailand",Dim Sum,Pathum Wan,,4.7,396,"The Silk Road w hotelu Athenee to jedna z najlepszych restauracji kantońskich w Bangkoku, wyróżniająca się niezwykle uważną obsługą oraz doskonałym stosunkiem jakości do ceny. Warto zamówić dim sum lub popisową kaczkę po pekińsku z kawiorem, podawaną w efektowny sposób pod szklanym kloszem. Goście chwalą to miejsce za autentyczne smaki i dbałość o detale, przejawiającą się choćby w oferowaniu ciepłych szali osobom, którym jest chłodno.","Pon: 11:30 AM – 2:30 PM, 6:00 – 10:00 PM | Wt: 11:30 AM – 2:30 PM, 6:00 – 10:00 PM | Śr: 11:30 AM – 2:30 PM, 6:00 – 10:00 PM | Czw: 11:30 AM – 2:30 PM, 6:00 – 10:00 PM | Pt: 11:30 AM – 2:30 PM, 6:00 – 10:00 PM | Sob: 11:30 AM – 2:30 PM, 6:00 – 10:00 PM | Ndz: 11:30 AM – 2:30 PM, 6:00 – 10:00 PM",3.7,9.4,https://www.google.com/maps/search/?api=1&query=61+Thanon+Witthayu%2C+Khwaeng+Lumphini%2C+Pathum+Wan%2C+Krung+Thep+Maha+Nakhon+10330%2C+Thailand&query_place_id=ChIJNdlCatye4jARLyVzvTDdOos
Nan Bei,"19 Floor, 38 Thanon Phloen Chit, Rosewood, Pathum Wan, Krung Thep Maha Nakhon 10330, Thailand","19 Floor, 38 Thanon Phloen Chit, Rosewood, Pathum Wan, Krung Thep Maha Nakhon 10330, Thailand",Dim Sum,Pathum Wan,$$$$$,4.7,384,"Nan Bei to elegancka restauracja w hotelu Rosewood, wyróżniająca się stylowym wystrojem, pięknymi widokami oraz wyjątkowo profesjonalną i uważną obsługą. Warto zamówić tu przede wszystkim słynną kaczkę po pekińsku o idealnie chrupiącej skórce, wyśmienitą pieczoną wieprzowinę (red pork) oraz autorski koktajl Jasmine Pisco. To doskonałe miejsce na nowoczesną kuchnię chińską serwowaną w wyrafinowanej atmosferze.","Pon: 11:30 AM – 2:30 PM, 6:00 – 10:00 PM | Wt: 11:30 AM – 2:30 PM, 6:00 – 10:00 PM | Śr: 11:30 AM – 2:30 PM, 6:00 – 10:00 PM | Czw: 11:30 AM – 2:30 PM, 6:00 – 10:00 PM | Pt: 11:30 AM – 2:30 PM, 6:00 – 10:00 PM | Sob: 11:30 AM – 2:30 PM, 6:00 – 10:00 PM | Ndz: 11:30 AM – 2:30 PM, 6:00 – 10:00 PM",3.5,9.2,https://www.google.com/maps/search/?api=1&query=19+Floor%2C+38+Thanon+Phloen+Chit%2C+Rosewood%2C+Pathum+Wan%2C+Krung+Thep+Maha+Nakhon+10330%2C+Thailand&query_place_id=ChIJN4rwMIOf4jARfjADaGshyls
Kongee by Gokfayuen,"7/F Lofter, เซ็นทรัล ชิดลม ทาวเวอร์ แขวงลุมพินี เขตปทุมวัน กรุงเทพมหานคร 10330, Thailand","7/F Lofter, เซ็นทรัล ชิดลม ทาวเวอร์ แขวงลุมพินี เขตปทุมวัน กรุงเทพมหานคร 10330, Thailand",Dim Sum,,,4.8,134,"To miejsce uznawane jest za najlepszy lokal z autentyczną kuchnią z Hongkongu w Bangkoku, słynący zwłaszcza z aksamitnego congee oraz sprężystego makaronu z duszoną wołowiną i wontonami. Goście doceniają duże, sycące porcje, wysoką jakość składników oraz bardzo rozsądne ceny. Restauracja znajduje się w strefie gastronomicznej na 6. piętrze galerii Central Chidlom i wyróżnia się wygodnym systemem płatności kartą magnetyczną przy wyjściu.",Pon: 10:00 AM – 9:00 PM | Wt: 10:00 AM – 9:00 PM | Śr: 10:00 AM – 9:00 PM | Czw: 10:00 AM – 9:00 PM | Pt: 10:00 AM – 9:00 PM | Sob: 10:00 AM – 9:00 PM | Ndz: 10:00 AM – 9:00 PM,3.8,10.0,https://www.google.com/maps/search/?api=1&query=7%2FF+Lofter%2C+%E0%B9%80%E0%B8%8B%E0%B9%87%E0%B8%99%E0%B8%97%E0%B8%A3%E0%B8%B1%E0%B8%A5+%E0%B8%8A%E0%B8%B4%E0%B8%94%E0%B8%A5%E0%B8%A1+%E0%B8%97%E0%B8%B2%E0%B8%A7%E0%B9%80%E0%B8%A7%E0%B8%AD%E0%B8%A3%E0%B9%8C+%E0%B9%81%E0%B8%82%E0%B8%A7%E0%B8%87%E0%B8%A5%E0%B8%B8%E0%B8%A1%E0%B8%9E%E0%B8%B4%E0%B8%99%E0%B8%B5+%E0%B9%80%E0%B8%82%E0%B8%95%E0%B8%9B%E0%B8%97%E0%B8%B8%E0%B8%A1%E0%B8%A7%E0%B8%B1%E0%B8%99+%E0%B8%81%E0%B8%A3%E0%B8%B8%E0%B8%87%E0%B9%80%E0%B8%97%E0%B8%9E%E0%B8%A1%E0%B8%AB%E0%B8%B2%E0%B8%99%E0%B8%84%E0%B8%A3+10330%2C+Thailand&query_place_id=ChIJPZGL_2Cf4jAR9FetJQGL7q4
人人湘&湘粤会所（เหรินเหรินเซียง）,"Thailand, Bangkok, Huai Khwang, Bangkok, Thiam Ruam Mit Rd, TH Bangkok :邮政编码: 10310","Thailand, Bangkok, Huai Khwang, Bangkok, Thiam Ruam Mit Rd, TH Bangkok :邮政编码: 10310",Dim Sum,Huai Khwang,,4.4,119,"Restauracja oferuje smaczną kuchnię kantońską oraz szczególnie polecane, pikantne i przystępne cenowo dania z prowincji Hunan. Miejsce wyróżnia się bardzo sprawną, liczną obsługą, szerokim wyborem chińskich alkoholi oraz dostępnością prywatnych sal do karaoke na piętrze.",Pon: 10:00 AM – 4:00 AM | Wt: 10:00 AM – 4:00 AM | Śr: 10:00 AM – 4:00 AM | Czw: 10:00 AM – 4:00 AM | Pt: 10:00 AM – 4:00 AM | Sob: 10:00 AM – 4:00 AM | Ndz: 10:00 AM – 4:00 AM,2.8,12.1,https://www.google.com/maps/search/?api=1&query=Thailand%2C+Bangkok%2C+Huai+Khwang%2C+Bangkok%2C+Thiam+Ruam+Mit+Rd%2C+TH+Bangkok+%3A%E9%82%AE%E6%94%BF%E7%BC%96%E7%A0%81%3A+10310&query_place_id=ChIJG0ojNmyf4jAR38VjjBxeLaQ
At-Ta-Rote,"59/3 Soi Sukhumvit 39, Khwaeng Khlong Tan Nuea, Watthana, Krung Thep Maha Nakhon 10110, Thailand","59/3 Soi Sukhumvit 39, Khwaeng Khlong Tan Nuea, Watthana, Krung Thep Maha Nakhon 10110, Thailand",Indonezyjska,Sukhumvit,$$$$,4.4,1095,"At-Ta-Rote to restauracja serwująca autentyczne, tradycyjne dania kuchni tajskiej, które wyróżniają się dbałością o detale i wyjątkową estetyką podania, jak np. przystawka miang serwowana w płatkach lotosu. Goście szczególnie polecają zielone curry z chrupiącym roti, świeże mięso kraba z czosnkiem oraz aromatyczne żeberka wieprzowe. Miejsce oferuje bogaty wybór opcji wegetariańskich, miłą obsługę oraz wygodny, bezpłatny parking.",Pon: 11:00 AM – 10:00 PM | Wt: 11:00 AM – 10:00 PM | Śr: 11:00 AM – 10:00 PM | Czw: 11:00 AM – 10:00 PM | Pt: 11:00 AM – 10:00 PM | Sob: 11:00 AM – 10:00 PM | Ndz: 11:00 AM – 10:00 PM,2.8,7.2,https://www.google.com/maps/search/?api=1&query=59%2F3+Soi+Sukhumvit+39%2C+Khwaeng+Khlong+Tan+Nuea%2C+Watthana%2C+Krung+Thep+Maha+Nakhon+10110%2C+Thailand&query_place_id=ChIJ6b0f3_6e4jAR2YzyQaSGBqA
LAVA Fire Grill,"137/1 Soi Thong Lo 10, Khwaeng Khlong Tan Nuea, Watthana, Krung Thep Maha Nakhon 10110, Thailand","137/1 Soi Thong Lo 10, Khwaeng Khlong Tan Nuea, Watthana, Krung Thep Maha Nakhon 10110, Thailand",Indonezyjska,Watthana,,4.8,763,"LAVA Fire Grill to stylowe bistro idealne na specjalne okazje, słynące z soczystych steków, kreatywnych koktajli oraz luksusowego menu degustacyjnego „First Class”. Miejsce wyróżnia się niezwykle profesjonalną obsługą i widowiskowym sposobem serwowania dań, obejmującym przygotowywanie potraw przy stoliku oraz rytuał podawania świeżych trufli z eleganckiego pudełka. To doskonały wybór dla osób szukających wykwintnej kuchni w wyjątkowej oprawie i dbałości o każdy szczegół rezerwacji.","Pon: 12:00 – 2:30 PM, 6:00 – 11:00 PM | Wt: 12:00 – 2:30 PM, 6:00 – 11:00 PM | Śr: 12:00 – 2:30 PM, 6:00 – 11:00 PM | Czw: 12:00 – 2:30 PM, 6:00 – 11:00 PM | Pt: 12:00 – 2:30 PM, 5:00 PM – 12:00 AM | Sob: 12:00 – 2:30 PM, 5:00 PM – 12:00 AM | Ndz: 12:00 – 2:30 PM, 5:00 PM – 12:00 AM",4.0,6.1,https://www.google.com/maps/search/?api=1&query=137%2F1+Soi+Thong+Lo+10%2C+Khwaeng+Khlong+Tan+Nuea%2C+Watthana%2C+Krung+Thep+Maha+Nakhon+10110%2C+Thailand&query_place_id=ChIJgUiCawef4jARRhEvWl__5yw
E-motion Restaurant,"223 Sukhumvit Rd, Khwaeng Khlong Toei Nuea, Watthana, Krung Thep Maha Nakhon 10110, Thailand","223 Sukhumvit Rd, Khwaeng Khlong Toei Nuea, Watthana, Krung Thep Maha Nakhon 10110, Thailand",Indonezyjska,Sukhumvit,,4.8,437,"E-motion Restaurant to wyjątkowo czyste miejsce wyróżniające się świeżymi składnikami oraz atrakcyjnymi zestawami lunchowymi, w których warto spróbować pieczonego kalafiora, domowej pasty bolognese czy sałatki Cezar. Goście chwalą duże porcje i wysoką jakość dań, polecając szczególnie tutejsze śniadania z burgerem i tostem z awokado w roli głównej. Całość dopełnia niezwykle uprzejma, uśmiechnięta obsługa oraz relaksująca atmosfera sprzyjająca obserwowaniu okolicy przy szklance tajskiej mrożonej herbaty.",,2.8,7.9,https://www.google.com/maps/search/?api=1&query=223+Sukhumvit+Rd%2C+Khwaeng+Khlong+Toei+Nuea%2C+Watthana%2C+Krung+Thep+Maha+Nakhon+10110%2C+Thailand&query_place_id=ChIJwRkzdfCf4jARYsRTIbRuGy8
Maedah Restaurant,"120 370-371 Ratchaprarop Rd, Khwaeng Thanon Phaya Thai, Khet Ratchathewi, Krung Thep Maha Nakhon 10400, Thailand","120 370-371 Ratchaprarop Rd, Khwaeng Thanon Phaya Thai, Khet Ratchathewi, Krung Thep Maha Nakhon 10400, Thailand",Indonezyjska,Ratchathewi,,4.3,431,"Restauracja Maedah w Bangkoku to przytulne, klimatyzowane miejsce serwujące kuchnię halal, które wyróżnia się dostępnością pokoju modlitwy oraz szybką obsługą. Warto zamówić kurczaka z bazylią, grillowaną rybę lub aromatyczny ryż maślany i pomidorowy, którego duże porcje idealnie nadają się do dzielenia między gośćmi. Choć ceny są nieco wyższe, klienci chwalą wyrazisty smak potraw i dogodną lokalizację w sercu marketu Pratunam.",Pon: 9:00 AM – 11:00 PM | Wt: 9:00 AM – 11:00 PM | Śr: 9:00 AM – 11:00 PM | Czw: 9:00 AM – 11:00 PM | Pt: 9:00 AM – 11:00 PM | Sob: 9:00 AM – 11:00 PM | Ndz: 9:00 AM – 11:00 PM,3.9,11.3,https://www.google.com/maps/search/?api=1&query=120+370-371+Ratchaprarop+Rd%2C+Khwaeng+Thanon+Phaya+Thai%2C+Khet+Ratchathewi%2C+Krung+Thep+Maha+Nakhon+10400%2C+Thailand&query_place_id=ChIJ8Z1Cksie4jARVSH6oeze5-0
Makan Makan,"168/1 Sukhumvit Soi 16, Khlong Toei, Khlong Toey, Bangkok, 10110, Thailand","168/1 Sukhumvit Soi 16, Khlong Toei, Khlong Toey, Bangkok, 10110, Thailand",Indonezyjska,Sukhumvit,$$$,4.6,307,"Makan Makan to autentyczna malezyjska restauracja na Soi 16, wyróżniająca się unikalnym menu i daniami trudnymi do znalezienia w innych częściach Bangkoku. Warto zamówić tu nasi lemak z curry, Mamak Mee Goreng, satay lub pikantny Signature Fried Rice, a na deser wybrać domowe lody oraz tradycyjną herbatę z mlekiem. Goście doceniają to miejsce za świeżo przygotowywane potrawy, codzienne specjały oraz przyjazną atmosferę i świetną obsługę.","Pon: Closed | Wt: 11:00 AM – 2:00 PM, 5:00 – 9:00 PM | Śr: 11:00 AM – 2:00 PM, 5:00 – 9:00 PM | Czw: 11:00 AM – 2:00 PM, 5:00 – 9:00 PM | Pt: 11:00 AM – 2:00 PM, 5:00 – 9:00 PM | Sob: 11:00 AM – 2:00 PM, 5:00 – 9:00 PM | Ndz: 11:00 AM – 2:00 PM",3.3,7.8,https://www.google.com/maps/search/?api=1&query=168%2F1+Sukhumvit+Soi+16%2C+Khlong+Toei%2C+Khlong+Toey%2C+Bangkok%2C+10110%2C+Thailand&query_place_id=ChIJC6fMGFyf4jARvBiXsgXss10
Warteg Indonesia,"120/176-180 Ratchaprarop Rd, Khwaeng Thanon Phaya Thai, Khet Ratchathewi, Krung Thep Maha Nakhon 10400, Thailand","120/176-180 Ratchaprarop Rd, Khwaeng Thanon Phaya Thai, Khet Ratchathewi, Krung Thep Maha Nakhon 10400, Thailand",Indonezyjska,Ratchathewi,,4.9,66,"To miejsce w pobliżu dzielnicy Pratunam serwuje autentyczne indonezyjskie posiłki domowe, a szczególnie polecane są cilok, aromatyczny kurczak z grilla oraz wyrazisty, ostry sambal. Choć restauracja dzieli przestrzeń z lokalem indyjskim, wyróżnia się bogactwem smaków i dużą różnorodnością dań, które pozwalają poczuć się jak w Indonezji.",Pon: 9:00 AM – 12:00 AM | Wt: 9:00 AM – 12:00 AM | Śr: 9:00 AM – 12:00 AM | Czw: 9:00 AM – 12:00 AM | Pt: 9:00 AM – 12:00 AM | Sob: 9:00 AM – 12:00 AM | Ndz: 9:00 AM – 12:00 AM,3.8,11.4,https://www.google.com/maps/search/?api=1&query=120%2F176-180+Ratchaprarop+Rd%2C+Khwaeng+Thanon+Phaya+Thai%2C+Khet+Ratchathewi%2C+Krung+Thep+Maha+Nakhon+10400%2C+Thailand&query_place_id=ChIJs6sVZWCf4jAR2IE5A9CRkQ4
Waroeng Sederhana,"122, 34 Ratchaprarop Rd, Khwaeng Thanon Phaya Thai, Khet Ratchathewi, Krung Thep Maha Nakhon 10400, Thailand","122, 34 Ratchaprarop Rd, Khwaeng Thanon Phaya Thai, Khet Ratchathewi, Krung Thep Maha Nakhon 10400, Thailand",Indonezyjska,Ratchathewi,,4.4,61,"Waroeng Sederhana to przytulna restauracja serwująca autentyczną kuchnię indonezyjską w przystępnych cenach, która stanowi świetną odmianę od lokalnych potraw. Warto zamówić tu chrupiącego i soczystego kurczaka, danie Ayam penyet lalapan oraz wyrazisty Sambal, który zdaniem gości idealnie oddaje domowy smak Indonezji. Przed wizytą dobrze jest sprawdzić aktualne menu na Instagramie lokalu, ponieważ oferta często ulega zmianie.",Pon: 8:00 AM – 10:00 PM | Wt: 8:00 AM – 10:00 PM | Śr: 8:00 AM – 10:00 PM | Czw: 8:00 AM – 10:00 PM | Pt: 8:00 AM – 10:00 PM | Sob: 11:00 AM – 10:00 PM | Ndz: 11:00 AM – 10:00 PM,3.9,11.4,https://www.google.com/maps/search/?api=1&query=122%2C+34+Ratchaprarop+Rd%2C+Khwaeng+Thanon+Phaya+Thai%2C+Khet+Ratchathewi%2C+Krung+Thep+Maha+Nakhon+10400%2C+Thailand&query_place_id=ChIJQ8iFmwmf4jARQZLS8ZUOCKA
Riyanti Indo Food,"122/19 Ratchaprarop Rd, Khwaeng Makkasan, Khet Ratchathewi, Krung Thep Maha Nakhon 10400, Thailand","122/19 Ratchaprarop Rd, Khwaeng Makkasan, Khet Ratchathewi, Krung Thep Maha Nakhon 10400, Thailand",Indonezyjska,Ratchathewi,,4.9,36,"Riyanti Indo Food to miejsce z autentyczną kuchnią indonezyjską, w którym szczególnie warto zamówić Nasi Rendang oraz Lontong Sayur. Choć menu jest ograniczone, potrawy wyróżniają się tradycyjnym smakiem i bardzo wysokim poziomem ostrości w przystępnych cenach. Lokal mieści się na trzecim piętrze budynku United Center i jest ceniony za sprawną realizację zamówień z dostawą.",Pon: 9:30 AM – 9:00 PM | Wt: 9:30 AM – 9:00 PM | Śr: 9:30 AM – 9:00 PM | Czw: 9:30 AM – 9:00 PM | Pt: 9:30 AM – 9:00 PM | Sob: 9:30 AM – 9:30 PM | Ndz: 9:30 AM – 9:00 PM,4.0,11.4,https://www.google.com/maps/search/?api=1&query=122%2F19+Ratchaprarop+Rd%2C+Khwaeng+Makkasan%2C+Khet+Ratchathewi%2C+Krung+Thep+Maha+Nakhon+10400%2C+Thailand&query_place_id=ChIJk-4SJyVfHTERmG753682Jcw
Amritsr Restaurant Sukhumvit Soi 22 - IndianRestaurant in Bangkok,"Sukhumvit Soi 22, Khwaeng Khlong Toei, Khet Khlong Toei, Krung Thep Maha Nakhon 10110, Thailand","Sukhumvit Soi 22, Khwaeng Khlong Toei, Khet Khlong Toei, Krung Thep Maha Nakhon 10110, Thailand",Indyjska,Sukhumvit,$$$,4.8,10130,Punjabi & North Indian fare served in a casual eatery known for ample portions & vegetarian options.,Pon: 9:00 AM – 4:00 AM | Wt: 9:00 AM – 4:00 AM | Śr: 9:00 AM – 4:00 AM | Czw: 9:00 AM – 4:00 AM | Pt: 9:00 AM – 4:00 AM | Sob: 9:00 AM – 4:00 AM | Ndz: 9:00 AM – 4:00 AM,3.2,7.1,https://www.google.com/maps/search/?api=1&query=Sukhumvit+Soi+22%2C+Khwaeng+Khlong+Toei%2C+Khet+Khlong+Toei%2C+Krung+Thep+Maha+Nakhon+10110%2C+Thailand&query_place_id=ChIJHYtcggKf4jARcZyO9vYmIIM
Madras Darbar Indian Restaurant,"120/35-36 Ratchaprarop Rd, Khwaeng Thanon Phaya Thai, Khet Ratchathewi, Krung Thep Maha Nakhon 10400, Thailand","120/35-36 Ratchaprarop Rd, Khwaeng Thanon Phaya Thai, Khet Ratchathewi, Krung Thep Maha Nakhon 10400, Thailand",Indyjska,Ratchathewi,,4.8,9418,"Madras Darbar to autentyczna restauracja serwująca wyrazistą kuchnię południowoindyjską, w której warto spróbować chrupiącej Masala Dosy, ognistego kurczaka Chettinad oraz obficie nadziewanej Aloo Paratha. Miejsce wyróżnia się świeżo przygotowywanymi daniami, szybką obsługą oraz pomocnym personelem, który chętnie doradza w wyborze potraw. To czysty i przystępny cenowo lokal, idealny dla osób szukających prawdziwych, tradycyjnych smaków w samym sercu Bangkoku.",Pon: 9:30 AM – 1:30 AM | Wt: 9:30 AM – 1:30 AM | Śr: 9:30 AM – 1:30 AM | Czw: 9:30 AM – 1:30 AM | Pt: 9:30 AM – 1:30 AM | Sob: 9:30 AM – 1:30 AM | Ndz: 9:30 AM – 1:30 AM,3.7,11.3,https://www.google.com/maps/search/?api=1&query=120%2F35-36+Ratchaprarop+Rd%2C+Khwaeng+Thanon+Phaya+Thai%2C+Khet+Ratchathewi%2C+Krung+Thep+Maha+Nakhon+10400%2C+Thailand&query_place_id=ChIJMzu1gcie4jARgo8gNpdawbo
Indian Express,"70 55-56 Soi Phetchaburi 31, Khwaeng Makkasan, Khet Ratchathewi, Krung Thep Maha Nakhon 10400, Thailand","70 55-56 Soi Phetchaburi 31, Khwaeng Makkasan, Khet Ratchathewi, Krung Thep Maha Nakhon 10400, Thailand",Indyjska,Ratchathewi,,4.9,8860,"Indian Express zachwyca autentycznymi, domowymi smakami kuchni indyjskiej, oferując bogaty bufet lunchowy oraz tradycyjne zestawy Thali o estetycznej prezentacji. Miejsce wyróżnia się niezwykle gościnną, uśmiechniętą obsługą oraz przytulną atmosferą z klimatyczną muzyką, co czyni każdą wizytę wyjątkowym doświadczeniem.",Pon: 10:00 AM – 12:00 AM | Wt: 10:00 AM – 12:00 AM | Śr: 10:00 AM – 2:00 AM | Czw: 10:00 AM – 2:00 AM | Pt: 10:00 AM – 2:00 AM | Sob: 10:00 AM – 2:00 AM | Ndz: 10:00 AM – 2:00 AM,3.1,10.7,https://www.google.com/maps/search/?api=1&query=70+55-56+Soi+Phetchaburi+31%2C+Khwaeng+Makkasan%2C+Khet+Ratchathewi%2C+Krung+Thep+Maha+Nakhon+10400%2C+Thailand&query_place_id=ChIJZx_rgQ2f4jARkCOc1rNDSOs
Amritsr Restaurant Sukhumvit Soi 11 - Indian Restaurant in Bangkok,"26/13 Soi Sukhumvit 11, แขวง คลองตันเหนือ, Watthana, Krung Thep Maha Nakhon 10110, Thailand","26/13 Soi Sukhumvit 11, แขวง คลองตันเหนือ, Watthana, Krung Thep Maha Nakhon 10110, Thailand",Indyjska,Sukhumvit,$$$,4.7,7839,"Amritsr to jedna z najwyżej ocenianych restauracji w Bangkoku, serwująca autentyczną kuchnię północnoindyjską i pendżabską o bogatym, domowym smaku. Warto zamówić tu przede wszystkim znakomite kotleciki jagnięce (Mutton Barrah), Butter Chicken oraz Chicken Biryani, które najlepiej oddają charakter „królewskiej” kuchni Indii. Miejsce wyróżnia się przytulną atmosferą i wyjątkowo profesjonalną obsługą, oferując wysoką jakość dań w umiarkowanych cenach.",Pon: 9:00 AM – 4:00 AM | Wt: 9:00 AM – 4:00 AM | Śr: 9:00 AM – 4:00 AM | Czw: 9:00 AM – 4:00 AM | Pt: 9:00 AM – 4:00 AM | Sob: 9:00 AM – 4:00 AM | Ndz: 9:00 AM – 4:00 AM,2.9,8.8,https://www.google.com/maps/search/?api=1&query=26%2F13+Soi+Sukhumvit+11%2C+%E0%B9%81%E0%B8%82%E0%B8%A7%E0%B8%87+%E0%B8%84%E0%B8%A5%E0%B8%AD%E0%B8%87%E0%B8%95%E0%B8%B1%E0%B8%99%E0%B9%80%E0%B8%AB%E0%B8%99%E0%B8%B7%E0%B8%AD%2C+Watthana%2C+Krung+Thep+Maha+Nakhon+10110%2C+Thailand&query_place_id=ChIJwxKB42mf4jARlMITZqsdrho
Malgudi Indian Restaurant,"Shop No. 01 , 1st Floor , The Palladium World Shopping 555 Ratchaprarop Road , Makkasan, Ratchathewi, Bangkok Khwaeng Makkasan, Khet Ratchathewi, Krung Thep Maha Nakhon 10400, Thailand","Shop No. 01 , 1st Floor , The Palladium World Shopping 555 Ratchaprarop Road , Makkasan, Ratchathewi, Bangkok Khwaeng Makkasan, Khet Ratchathewi, Krung Thep Maha Nakhon 10400, Thailand",Indyjska,Ratchathewi,$$$,4.9,5749,"Malgudi Indian Restaurant w Bangkoku serwuje autentyczną kuchnię północno- i południowoindyjską, a goście szczególnie polecają potrawy pendżabskie, łagodnego kurczaka korma oraz orzeźwiające lassi. Miejsce wyróżnia się eleganckim, a zarazem przytulnym wystrojem nawiązującym do literackiego miasteczka Malgudi oraz pomocną obsługą, która chętnie doradza przy wyborze dopracowanych przystawek i deserów. Lokalizacja w pobliżu targu Indra Market sprawia, że jest to łatwo dostępny punkt, idealny zarówno na kolację z przyjaciółmi, jak i większe uroczystości.",Pon: 10:30 AM – 11:00 PM | Wt: 10:30 AM – 11:00 PM | Śr: 10:30 AM – 11:00 PM | Czw: 10:30 AM – 11:00 PM | Pt: 10:30 AM – 11:00 PM | Sob: 10:30 AM – 11:00 PM | Ndz: 10:30 AM – 11:00 PM,3.4,10.6,https://www.google.com/maps/search/?api=1&query=Shop+No.+01+%2C+1st+Floor+%2C+The+Palladium+World+Shopping+555+Ratchaprarop+Road+%2C+Makkasan%2C+Ratchathewi%2C+Bangkok+Khwaeng+Makkasan%2C+Khet+Ratchathewi%2C+Krung+Thep+Maha+Nakhon+10400%2C+Thailand&query_place_id=ChIJpZFo8xyf4jAR0L4TX0xCxUU
Shree Bhavan Pure South Indian Vegetarian Restaurant,"120 Pratunam Market, 45 Ratchaprarop Rd, Khwaeng Thanon Phaya Thai, Khet Ratchathewi, Krung Thep Maha Nakhon 10400, Thailand","120 Pratunam Market, 45 Ratchaprarop Rd, Khwaeng Thanon Phaya Thai, Khet Ratchathewi, Krung Thep Maha Nakhon 10400, Thailand",Indyjska,Ratchathewi,,4.9,4912,"Ta ceniona restauracja wegetariańska słynie z autentycznych smaków południowych Indii, a w szczególności warto tu zamówić masala dosa, dal makhani czy zestawy idli i medu vada. Miejsce wyróżnia się bardzo szybką i życzliwą obsługą oraz bogatym wyborem dań, które przez wielu gości uznawane są za najlepszą i najbardziej autentyczną kuchnię indyjską w Bangkoku.",Pon: 7:00 AM – 12:00 AM | Wt: 7:00 AM – 12:00 AM | Śr: 7:00 AM – 12:00 AM | Czw: 7:00 AM – 12:00 AM | Pt: 7:00 AM – 12:00 AM | Sob: 7:00 AM – 12:00 AM | Ndz: 7:00 AM – 12:00 AM,3.8,11.3,https://www.google.com/maps/search/?api=1&query=120+Pratunam+Market%2C+45+Ratchaprarop+Rd%2C+Khwaeng+Thanon+Phaya+Thai%2C+Khet+Ratchathewi%2C+Krung+Thep+Maha+Nakhon+10400%2C+Thailand&query_place_id=ChIJ99vxsLWf4jAROkDwUVo-NT8
Chotivala 100% Pure Vegetarian & Jain Food Indian Restaurant,"120/24 Ratchaprarop Rd, Khwaeng Thanon Phaya Thai, Khet Ratchathewi, Krung Thep Maha Nakhon 10400, Thailand","120/24 Ratchaprarop Rd, Khwaeng Thanon Phaya Thai, Khet Ratchathewi, Krung Thep Maha Nakhon 10400, Thailand",Indyjska,Ratchathewi,$$$,4.7,4894,"Ta restauracja to doskonały wybór dla osób szukających autentycznych, domowych smaków indyjskich w wersji 100% wegetariańskiej oraz Jain. Warto zamówić sycące zestawy thali (północnoindyjskie lub gudżarackie), doskonałą dosę, dania z serem paneer oraz chrupiące paranthy podawane z pyszną herbatą chai. Miejsce wyróżnia się świeżymi składnikami oraz przyjazną obsługą w prostym i czystym wnętrzu.",Pon: 10:00 AM – 1:30 AM | Wt: 10:00 AM – 1:30 AM | Śr: 10:00 AM – 1:30 AM | Czw: 10:00 AM – 1:30 AM | Pt: 10:00 AM – 1:30 AM | Sob: 10:00 AM – 1:30 AM | Ndz: 10:00 AM – 1:30 AM,3.7,11.2,https://www.google.com/maps/search/?api=1&query=120%2F24+Ratchaprarop+Rd%2C+Khwaeng+Thanon+Phaya+Thai%2C+Khet+Ratchathewi%2C+Krung+Thep+Maha+Nakhon+10400%2C+Thailand&query_place_id=ChIJhxiKK8ae4jARErh7D3rnha0
Indiagate Indian Restaurant – Bangkok,"567/1 อาคาร, เซ็นทารา วอเตอร์เกท พาวิลเลียน กรุงเทพ, Ratchaprarop Rd, Khwaeng Makkasan, Khet Ratchathewi, Krung Thep Maha Nakhon 10400, Thailand","567/1 อาคาร, เซ็นทารา วอเตอร์เกท พาวิลเลียน กรุงเทพ, Ratchaprarop Rd, Khwaeng Makkasan, Khet Ratchathewi, Krung Thep Maha Nakhon 10400, Thailand",Indyjska,Ratchathewi,$$$,4.7,4354,"Indiagate to wysoko oceniana restauracja w pobliżu Indira Market, wyróżniająca się autentycznymi indyjskimi smakami oraz niezwykle uprzejmą i pomocną obsługą. Warto spróbować tu przede wszystkim Butter Chicken, Garlic Naan i Dal Makhani, które chwalone są za świeżość oraz idealnie zbalansowane przyprawy. Goście doceniają również czyste, spokojne wnętrze oraz bogaty wybór dań mięsnych i wegetariańskich.",Pon: 10:30 AM – 10:30 PM | Wt: 10:30 AM – 10:30 PM | Śr: 10:30 AM – 10:30 PM | Czw: 10:30 AM – 10:30 PM | Pt: 10:30 AM – 10:30 PM | Sob: 10:30 AM – 10:30 PM | Ndz: 10:30 AM – 10:30 PM,3.7,10.8,https://www.google.com/maps/search/?api=1&query=567%2F1+%E0%B8%AD%E0%B8%B2%E0%B8%84%E0%B8%B2%E0%B8%A3%2C+%E0%B9%80%E0%B8%8B%E0%B9%87%E0%B8%99%E0%B8%97%E0%B8%B2%E0%B8%A3%E0%B8%B2+%E0%B8%A7%E0%B8%AD%E0%B9%80%E0%B8%95%E0%B8%AD%E0%B8%A3%E0%B9%8C%E0%B9%80%E0%B8%81%E0%B8%97+%E0%B8%9E%E0%B8%B2%E0%B8%A7%E0%B8%B4%E0%B8%A5%E0%B9%80%E0%B8%A5%E0%B8%B5%E0%B8%A2%E0%B8%99+%E0%B8%81%E0%B8%A3%E0%B8%B8%E0%B8%87%E0%B9%80%E0%B8%97%E0%B8%9E%2C+Ratchaprarop+Rd%2C+Khwaeng+Makkasan%2C+Khet+Ratchathewi%2C+Krung+Thep+Maha+Nakhon+10400%2C+Thailand&query_place_id=ChIJP_IyC8ae4jARi73dVoEMQGE
Indique - Best Indian Restaurant in Bangkok,"54Sukhumvit, 54 Soi Sukhumvit 19, Khwaeng Khlong Toei Nuea, Watthana, Krung Thep Maha Nakhon 10110, Thailand","54Sukhumvit, 54 Soi Sukhumvit 19, Khwaeng Khlong Toei Nuea, Watthana, Krung Thep Maha Nakhon 10110, Thailand",Indyjska,Sukhumvit,$$$,4.9,3410,Indian restaurant with an upstairs location featuring vegetarian & vegan dishes.,Pon: 11:30 AM – 11:30 PM | Wt: 11:30 AM – 11:30 PM | Śr: 11:30 AM – 11:30 PM | Czw: 11:30 AM – 11:30 PM | Pt: 11:30 AM – 11:30 PM | Sob: 11:30 AM – 11:30 PM | Ndz: 11:30 AM – 11:30 PM,2.4,8.0,https://www.google.com/maps/search/?api=1&query=54Sukhumvit%2C+54+Soi+Sukhumvit+19%2C+Khwaeng+Khlong+Toei+Nuea%2C+Watthana%2C+Krung+Thep+Maha+Nakhon+10110%2C+Thailand&query_place_id=ChIJW6dD4QKf4jAR-x-CiXYXo_I
India Greens Restaurant,"70/52, Petchaburi 31 Road. Opp Eastin Hotel Soi Charurat, Khwaeng Makkasan, Khet Ratchathewi, Krung Thep Maha Nakhon 10400, Thailand","70/52, Petchaburi 31 Road. Opp Eastin Hotel Soi Charurat, Khwaeng Makkasan, Khet Ratchathewi, Krung Thep Maha Nakhon 10400, Thailand",Indyjska,Ratchathewi,,4.9,2409,"Restauracja India Greens w Bangkoku wyróżnia się autentyczną kuchnią dostępną przez całą dobę oraz niezwykle pomocną obsługą, która chętnie doradza gościom i tłumaczy sposób jedzenia dań. Warto zamówić tu w szczególności tikka masala, chrupiący garlic naan oraz dania z jagnięciny, które zachwycają smakiem w towarzystwie wyśmienitych chutneyów.",Pon: Open 24 hours | Wt: Open 24 hours | Śr: Open 24 hours | Czw: Open 24 hours | Pt: Open 24 hours | Sob: Open 24 hours | Ndz: Open 24 hours,3.1,10.8,https://www.google.com/maps/search/?api=1&query=70%2F52%2C+Petchaburi+31+Road.+Opp+Eastin+Hotel+Soi+Charurat%2C+Khwaeng+Makkasan%2C+Khet+Ratchathewi%2C+Krung+Thep+Maha+Nakhon+10400%2C+Thailand&query_place_id=ChIJcQdAh3ef4jARxp3Cgv1y-P8
Bawarchi Indian Restaurant: Grand President Hotel,"16 Soi Sukhumvit 11, Khwaeng Khlong Toei Nuea, Watthana, Krung Thep Maha Nakhon 10110, Thailand","16 Soi Sukhumvit 11, Khwaeng Khlong Toei Nuea, Watthana, Krung Thep Maha Nakhon 10110, Thailand",Indyjska,Sukhumvit,,4.4,1751,"Bawarchi to luksusowa restauracja serwująca kuchnię północnoindyjską, w której szczególnie warto spróbować chwalonego Rogan Josh, Chicken Tikka Masala oraz serwowanych bezpłatnie, wyjątkowych chutneyów. Miejsce wyróżnia się nowoczesnym, eleganckim wystrojem oraz profesjonalną obsługą, która z dużą dbałością podchodzi do potrzeb dietetycznych gości, oferując m.in. dania bezglutenowe. To propozycja dla osób szukających doświadczenia premium z dbałością o detale i estetykę podania.",Pon: 9:00 AM – 4:00 AM | Wt: 9:00 AM – 4:00 AM | Śr: 9:00 AM – 4:00 AM | Czw: 9:00 AM – 4:00 AM | Pt: 9:00 AM – 4:00 AM | Sob: 9:00 AM – 4:00 AM | Ndz: 9:00 AM – 4:00 AM,3.0,8.6,https://www.google.com/maps/search/?api=1&query=16+Soi+Sukhumvit+11%2C+Khwaeng+Khlong+Toei+Nuea%2C+Watthana%2C+Krung+Thep+Maha+Nakhon+10110%2C+Thailand&query_place_id=ChIJNYiwcSSf4jARvz6BtwXg5L0
Shree Khodiyar Kathiyawadi Dhaba pure vegetarian Indian restaurant Bangkok,"120 29 Soi Ratchaprarop 3, Khwaeng Thanon Phaya Thai, Khet Ratchathewi, Krung Thep Maha Nakhon 10400, Thailand","120 29 Soi Ratchaprarop 3, Khwaeng Thanon Phaya Thai, Khet Ratchathewi, Krung Thep Maha Nakhon 10400, Thailand",Indyjska,Ratchathewi,,4.8,1481,"Ta restauracja w Bangkoku słynie z autentycznej kuchni gudżarackiej oraz ogromnego wyboru darmowych dodatków, takich jak indyjskie pikle i sałatki. Zamiast dań z karty, klienci szczególnie polecają zamówienie sycącego zestawu Thali, który oferuje świetny stosunek jakości do ceny i różnorodność smaków. To idealne miejsce na posiłek o każdej porze, również późno w nocy, ze względu na dogodną lokalizację w pobliżu targu Indra.",Pon: 11:00 AM – 11:00 PM | Wt: 11:00 AM – 11:00 PM | Śr: 11:00 AM – 11:00 PM | Czw: 11:00 AM – 11:00 PM | Pt: 11:00 AM – 11:00 PM | Sob: 11:00 AM – 11:00 PM | Ndz: 11:00 AM – 11:00 PM,3.7,11.3,https://www.google.com/maps/search/?api=1&query=120+29+Soi+Ratchaprarop+3%2C+Khwaeng+Thanon+Phaya+Thai%2C+Khet+Ratchathewi%2C+Krung+Thep+Maha+Nakhon+10400%2C+Thailand&query_place_id=ChIJM5TtO6if4jARl2NfEcipK3o
Punjab Grill,"23/2-3 Soi Sukhumvit 13, Khwaeng Khlong Tan Nuea, Watthana, Krung Thep Maha Nakhon 10110, Thailand","23/2-3 Soi Sukhumvit 13, Khwaeng Khlong Tan Nuea, Watthana, Krung Thep Maha Nakhon 10110, Thailand",Indyjska,Sukhumvit,$$$$,4.6,1432,"Ta wyróżniona przez przewodnik Michelin restauracja zachwyca eleganckim wystrojem, muzyką Bollywood na żywo oraz spektakularną prezentacją dań, w tym potrawami podpalanymi przy stoliku. Warto zamówić klasyczne zestawy degustacyjne (Classic Set), kremowe dal makhni, palak paneer lub cheese naan, które oddają autentyczne smaki kuchni północnoindyjskiej. Miejsce wyróżnia się nienaganną, pomocną obsługą i wyjątkową atmosferą, idealną na uroczyste kolacje.","Pon: 6:00 PM – 12:00 AM | Wt: 6:00 PM – 12:00 AM | Śr: 6:00 PM – 12:00 AM | Czw: 6:00 PM – 12:00 AM | Pt: 6:00 PM – 12:00 AM | Sob: 12:00 – 3:00 PM, 6:00 PM – 12:00 AM | Ndz: 12:00 – 3:00 PM, 6:00 PM – 12:00 AM",2.3,8.6,https://www.google.com/maps/search/?api=1&query=23%2F2-3+Soi+Sukhumvit+13%2C+Khwaeng+Khlong+Tan+Nuea%2C+Watthana%2C+Krung+Thep+Maha+Nakhon+10110%2C+Thailand&query_place_id=ChIJ72LddOae4jARRR0jIdhfDJw
Dum Handi Biryani - Sukhumvit 11 - Indian Restaurant,"14 Soi Sukhumvit 11/1, Khwaeng Khlong Toei, Khet Khlong Toei, Krung Thep Maha Nakhon 10110, Thailand","14 Soi Sukhumvit 11/1, Khwaeng Khlong Toei, Khet Khlong Toei, Krung Thep Maha Nakhon 10110, Thailand",Indyjska,Sukhumvit,,4.6,1374,"Ta popularna wśród indyjskiej społeczności restauracja wyróżnia się profesjonalną obsługą, nienaganną czystością oraz autentycznym menu w rozsądnych cenach. Warto zamówić tu aromatyczne Dum Biryani, wrapa z paneerem lub kurczaka przyrządzanego w glinianym garnku (handi), pamiętając, że na niektóre świeżo przygotowywane specjały warto poczekać około 30 minut.",Pon: 10:00 AM – 4:00 AM | Wt: 10:00 AM – 4:00 AM | Śr: 10:00 AM – 4:00 AM | Czw: 10:00 AM – 4:00 AM | Pt: 10:00 AM – 4:00 AM | Sob: 10:00 AM – 4:00 AM | Ndz: 10:00 AM – 4:00 AM,3.0,8.2,https://www.google.com/maps/search/?api=1&query=14+Soi+Sukhumvit+11%2F1%2C+Khwaeng+Khlong+Toei%2C+Khet+Khlong+Toei%2C+Krung+Thep+Maha+Nakhon+10110%2C+Thailand&query_place_id=ChIJ4dIQaISf4jARfC9K7TWbzIg
MALGUDI The Village Food (Malgudi Indra),"120/28 RATCHAPRAROP 3, ถ. เพชรบุรี แขวงถนนพญาไท เขตราชเทวี กรุงเทพมหานคร 10400, Thailand","120/28 RATCHAPRAROP 3, ถ. เพชรบุรี แขวงถนนพญาไท เขตราชเทวี กรุงเทพมหานคร 10400, Thailand",Indyjska,,,4.8,1326,"Restauracja serwuje różnorodne dania kuchni indyjskiej, spośród których warto zamówić klasyczny Rasam, Paneer Tikka oraz chrupiące Kurkure Bhindi. Miejsce wyróżnia się bardzo uprzejmą i cierpliwą obsługą, a goście szczególnie polecają dobrze przyrządzony zestaw Amritsari Kulcha z Chole. Choć opinie o jakości niektórych potraw są podzielone, wielu odwiedzających docenia gościnność personelu i autentyczne smaki.",Pon: 10:00 AM – 12:00 AM | Wt: 10:00 AM – 12:00 AM | Śr: 10:00 AM – 12:00 AM | Czw: 10:00 AM – 12:00 AM | Pt: 10:00 AM – 12:00 AM | Sob: 10:00 AM – 12:00 AM | Ndz: 10:00 AM – 12:00 AM,3.7,11.2,https://www.google.com/maps/search/?api=1&query=120%2F28+RATCHAPRAROP+3%2C+%E0%B8%96.+%E0%B9%80%E0%B8%9E%E0%B8%8A%E0%B8%A3%E0%B8%9A%E0%B8%B8%E0%B8%A3%E0%B8%B5+%E0%B9%81%E0%B8%82%E0%B8%A7%E0%B8%87%E0%B8%96%E0%B8%99%E0%B8%99%E0%B8%9E%E0%B8%8D%E0%B8%B2%E0%B9%84%E0%B8%97+%E0%B9%80%E0%B8%82%E0%B8%95%E0%B8%A3%E0%B8%B2%E0%B8%8A%E0%B9%80%E0%B8%97%E0%B8%A7%E0%B8%B5+%E0%B8%81%E0%B8%A3%E0%B8%B8%E0%B8%87%E0%B9%80%E0%B8%97%E0%B8%9E%E0%B8%A1%E0%B8%AB%E0%B8%B2%E0%B8%99%E0%B8%84%E0%B8%A3+10400%2C+Thailand&query_place_id=ChIJlZsYCqCf4jARzts9Akl1bCg
Radha Krishna Indian Restaurant ร้านอาหารราด้ากฤษณะ,"1091, 326 329 Khwaeng Makkasan, Khet Ratchathewi, Krung Thep Maha Nakhon 10400, Thailand","1091, 326 329 Khwaeng Makkasan, Khet Ratchathewi, Krung Thep Maha Nakhon 10400, Thailand",Indyjska,Ratchathewi,,4.8,1201,"Radha Krishna to doskonałe miejsce na wegetariańską kuchnię indyjską, oferujące szeroki wybór dań z północy i południa Indii, w tym polecane North Indian Thali, Paneer Butter Masala oraz Dum Aloo. Restauracja wyróżnia się autentycznym smakiem potraw, dużymi porcjami i miłą obsługą, a jej lokalizacja w pobliżu centrum handlowego Platinum Mall czyni ją wygodnym przystankiem dla podróżnych.",Pon: 10:00 AM – 12:00 AM | Wt: 10:00 AM – 12:00 AM | Śr: 10:00 AM – 12:00 AM | Czw: 10:00 AM – 12:00 AM | Pt: 10:00 AM – 12:00 AM | Sob: 10:00 AM – 12:00 AM | Ndz: 10:00 AM – 12:00 AM,3.2,10.7,https://www.google.com/maps/search/?api=1&query=1091%2C+326+329+Khwaeng+Makkasan%2C+Khet+Ratchathewi%2C+Krung+Thep+Maha+Nakhon+10400%2C+Thailand&query_place_id=ChIJ3enJQYKf4jARRs5OSc8QsMM
DHAMAKA,"1091, Dhamaka​ restaurant, 330 ถนน เพชรบุรีตัดใหม่ แขวงมักกะสัน เขตราชเทวี กรุงเทพมหานคร 10400, Thailand","1091, Dhamaka​ restaurant, 330 ถนน เพชรบุรีตัดใหม่ แขวงมักกะสัน เขตราชเทวี กรุงเทพมหานคร 10400, Thailand",Indyjska,,,4.9,1120,"Dhamaka to wysoko oceniana restauracja w Bangkoku, słynąca z autentycznych smaków kuchni indyjskiej, dużych porcji oraz wyjątkowo uprzejmej obsługi. Goście szczególnie polecają aromatyczne mutton vindaloo, chrupiący chlebek garlic naan oraz smaczny bufet wegetariański. Miejsce wyróżnia się komfortową atmosferą i przystępnymi cenami, stanowiąc obowiązkowy punkt dla miłośników indyjskich potraw w stolicy Tajlandii.",Pon: 10:00 AM – 1:00 AM | Wt: 10:00 AM – 1:00 AM | Śr: 10:00 AM – 1:00 AM | Czw: 10:00 AM – 1:00 AM | Pt: 10:00 AM – 1:00 AM | Sob: 10:00 AM – 1:00 AM | Ndz: 10:00 AM – 1:00 AM,3.2,10.7,https://www.google.com/maps/search/?api=1&query=1091%2C+Dhamaka%E2%80%8B+restaurant%2C+330+%E0%B8%96%E0%B8%99%E0%B8%99+%E0%B9%80%E0%B8%9E%E0%B8%8A%E0%B8%A3%E0%B8%9A%E0%B8%B8%E0%B8%A3%E0%B8%B5%E0%B8%95%E0%B8%B1%E0%B8%94%E0%B9%83%E0%B8%AB%E0%B8%A1%E0%B9%88+%E0%B9%81%E0%B8%82%E0%B8%A7%E0%B8%87%E0%B8%A1%E0%B8%B1%E0%B8%81%E0%B8%81%E0%B8%B0%E0%B8%AA%E0%B8%B1%E0%B8%99+%E0%B9%80%E0%B8%82%E0%B8%95%E0%B8%A3%E0%B8%B2%E0%B8%8A%E0%B9%80%E0%B8%97%E0%B8%A7%E0%B8%B5+%E0%B8%81%E0%B8%A3%E0%B8%B8%E0%B8%87%E0%B9%80%E0%B8%97%E0%B8%9E%E0%B8%A1%E0%B8%AB%E0%B8%B2%E0%B8%99%E0%B8%84%E0%B8%A3+10400%2C+Thailand&query_place_id=ChIJTWK6hAWf4jAR3WohI8aq_8w
Dakshin Indian Restobar,"12/3 Soi Sainamthip, 22 ถ. สุขุมวิท แขวงคลองเตย Klongtoey, กรุงเทพมหานคร 10110, Thailand","12/3 Soi Sainamthip, 22 ถ. สุขุมวิท แขวงคลองเตย Klongtoey, กรุงเทพมหานคร 10110, Thailand",Indyjska,,,4.7,1074,"Dakshin Indian Restobar to jeden z niewielu lokali w Bangkoku serwujący autentyczną kuchnię z regionu Kerala, co przyciąga wielu indyjskich gości. Warto tu zamówić przede wszystkim pikantne curry rybne z kappą, fantastyczne pani puri oraz aromatyczny cheese naan. Miejsce wyróżnia się obfitymi porcjami i tradycyjnym smakiem, choć opinie na temat standardów czystości i obsługi są podzielone.",Pon: 12:00 PM – 12:00 AM | Wt: 12:00 PM – 12:00 AM | Śr: 12:00 PM – 12:00 AM | Czw: 12:00 PM – 12:00 AM | Pt: 12:00 PM – 12:00 AM | Sob: 12:00 PM – 12:00 AM | Ndz: 12:00 PM – 12:00 AM,3.4,7.2,https://www.google.com/maps/search/?api=1&query=12%2F3+Soi+Sainamthip%2C+22+%E0%B8%96.+%E0%B8%AA%E0%B8%B8%E0%B8%82%E0%B8%B8%E0%B8%A1%E0%B8%A7%E0%B8%B4%E0%B8%97+%E0%B9%81%E0%B8%82%E0%B8%A7%E0%B8%87%E0%B8%84%E0%B8%A5%E0%B8%AD%E0%B8%87%E0%B9%80%E0%B8%95%E0%B8%A2+Klongtoey%2C+%E0%B8%81%E0%B8%A3%E0%B8%B8%E0%B8%87%E0%B9%80%E0%B8%97%E0%B8%9E%E0%B8%A1%E0%B8%AB%E0%B8%B2%E0%B8%99%E0%B8%84%E0%B8%A3+10110%2C+Thailand&query_place_id=ChIJgTSekUmf4jARu4CZblTTLsY
Bombay Delight Indian restaurant,"487, 42 Ratchaprarop Rd, Khwaeng Makkasan, Khet Ratchathewi, Krung Thep Maha Nakhon 10400, Thailand","487, 42 Ratchaprarop Rd, Khwaeng Makkasan, Khet Ratchathewi, Krung Thep Maha Nakhon 10400, Thailand",Indyjska,Ratchathewi,,4.7,1021,"Restauracja Bombay Delight serwuje autentyczne dania kuchni indyjskiej, wśród których goście szczególnie polecają aromatyczne biryani, chicken makhani oraz jeera rice z plackami lachcha paratha. Miejsce wyróżnia się dogodną lokalizacją oraz przyjazną obsługą, która chętnie dostosowuje ostrość i skład potraw pod kątem dzieci. Warto jednak przygotować się na automatycznie doliczaną do rachunku opłatę za serwis oraz wziąć pod uwagę mieszane opinie dotyczące czasu oczekiwania na posiłek.",Pon: 9:00 AM – 1:30 AM | Wt: 9:00 AM – 1:30 AM | Śr: 9:00 AM – 1:30 AM | Czw: 9:00 AM – 1:30 AM | Pt: 9:00 AM – 1:30 AM | Sob: 9:00 AM – 1:30 AM | Ndz: 9:00 AM – 1:30 AM,3.8,11.0,https://www.google.com/maps/search/?api=1&query=487%2C+42+Ratchaprarop+Rd%2C+Khwaeng+Makkasan%2C+Khet+Ratchathewi%2C+Krung+Thep+Maha+Nakhon+10400%2C+Thailand&query_place_id=ChIJteh-6Kaf4jARhLy7vbaYomE
Haveli indian Restaurant (Bangkok),"63 Soi Sukhumvit 11, Khwaeng Khlong Toei Nuea, Watthana, Krung Thep Maha Nakhon 10110, Thailand","63 Soi Sukhumvit 11, Khwaeng Khlong Toei Nuea, Watthana, Krung Thep Maha Nakhon 10110, Thailand",Indyjska,Sukhumvit,,4.9,1018,"Haveli Indian Restaurant to autentyczne miejsce z kuchnią północnoindyjską, które wyróżnia się wyjątkową obsługą, klimatycznym wystrojem oraz dużym atutem w postaci własnego parkingu. Warto zamówić tu szczególnie polecane butter chicken, mutton Rogan Josh oraz bogate w smaku curry lub zestaw przystawek idealny do dzielenia się w grupie. Restauracja oferuje szeroki wybór dań mięsnych i wegetariańskich o wysokiej jakości, co czyni ją doskonałym wyborem zarówno na rodzinne uroczystości, jak i posiłki solo.",Pon: 10:00 AM – 2:00 AM | Wt: 10:00 AM – 2:00 AM | Śr: 10:00 AM – 2:00 AM | Czw: 10:00 AM – 2:00 AM | Pt: 10:00 AM – 2:00 AM | Sob: 10:00 AM – 2:00 AM | Ndz: 10:00 AM – 2:00 AM,2.3,9.3,https://www.google.com/maps/search/?api=1&query=63+Soi+Sukhumvit+11%2C+Khwaeng+Khlong+Toei+Nuea%2C+Watthana%2C+Krung+Thep+Maha+Nakhon+10110%2C+Thailand&query_place_id=ChIJgznzTPif4jARJNFzWVYXUi4
Salaam Namaste indian restaurant,"1091 New Petchaburi Rd, Khwaeng Makkasan, Khet Ratchathewi, Krung Thep Maha Nakhon 10400, Thailand","1091 New Petchaburi Rd, Khwaeng Makkasan, Khet Ratchathewi, Krung Thep Maha Nakhon 10400, Thailand",Indyjska,Ratchathewi,,4.8,963,"Salaam Namaste to miejsce słynące z autentycznego smaku indyjskich potraw oraz wyjątkowo uprzejmej i pomocnej obsługi. Goście szczególnie polecają wegetariańskie thali, idli oraz aromatyczną kawę chai, doceniając przy tym czyste wnętrza i relaksującą muzykę z lat 90. Restauracja oferuje doskonały stosunek jakości do ceny, serwując świeże dania, które według klientów smakują „jak w domu”.",Pon: 7:00 AM – 1:00 AM | Wt: 7:00 AM – 1:00 AM | Śr: 7:00 AM – 1:00 AM | Czw: 7:00 AM – 1:00 AM | Pt: 7:00 AM – 1:00 AM | Sob: 7:00 AM – 1:00 AM | Ndz: 7:00 AM – 1:00 AM,3.2,10.6,https://www.google.com/maps/search/?api=1&query=1091+New+Petchaburi+Rd%2C+Khwaeng+Makkasan%2C+Khet+Ratchathewi%2C+Krung+Thep+Maha+Nakhon+10400%2C+Thailand&query_place_id=ChIJG-jqaUKf4jARCS92CPuJtOU
Zafran Eatery - EMSPHERE (Indian Food),"GF ,Emsphere, 564 ถ. สุขุมวิท แขวงคลองตัน เขตคลองเตย กรุงเทพมหานคร 10110, Thailand","GF ,Emsphere, 564 ถ. สุขุมวิท แขวงคลองตัน เขตคลองเตย กรุงเทพมหานคร 10110, Thailand",Indyjska,,,4.8,925,"Zafran Eatery to obowiązkowy punkt dla miłośników indyjskich smaków, słynący z aromatycznego lamb curry, sycącego chicken biryani oraz wyjątkowo puszystych chlebków naan. Goście szczególnie polecają zestawy thali, Salmon Tikka oraz tradycyjne pani puri, podkreślając przy tym bogactwo przypraw i świeżość serwowanych dań. Miejsce wyróżnia się nie tylko autentyczną kuchnią, ale również niezwykle uprzejmą i sprawną obsługą, która dopełnia pozytywne wrażenia z wizyty w EmSphere.",Pon: 10:00 AM – 10:00 PM | Wt: 10:00 AM – 10:00 PM | Śr: 10:00 AM – 10:00 PM | Czw: 10:00 AM – 10:00 PM | Pt: 10:00 AM – 10:00 PM | Sob: 10:00 AM – 10:00 PM | Ndz: 10:00 AM – 10:00 PM,3.3,6.9,https://www.google.com/maps/search/?api=1&query=GF+%2CEmsphere%2C+564+%E0%B8%96.+%E0%B8%AA%E0%B8%B8%E0%B8%82%E0%B8%B8%E0%B8%A1%E0%B8%A7%E0%B8%B4%E0%B8%97+%E0%B9%81%E0%B8%82%E0%B8%A7%E0%B8%87%E0%B8%84%E0%B8%A5%E0%B8%AD%E0%B8%87%E0%B8%95%E0%B8%B1%E0%B8%99+%E0%B9%80%E0%B8%82%E0%B8%95%E0%B8%84%E0%B8%A5%E0%B8%AD%E0%B8%87%E0%B9%80%E0%B8%95%E0%B8%A2+%E0%B8%81%E0%B8%A3%E0%B8%B8%E0%B8%87%E0%B9%80%E0%B8%97%E0%B8%9E%E0%B8%A1%E0%B8%AB%E0%B8%B2%E0%B8%99%E0%B8%84%E0%B8%A3+10110%2C+Thailand&query_place_id=ChIJt96vXnqf4jARQfyYbLwyXpY
Maa Pure Vegetarian Indian Restaurant,"120/23 Ratchraprop Soi 3, Pratunam Room 841, Ground floor, Indra Square, แขวงถนนพญาไท เขตพญาไท กรุงเทพมหานคร 10400, Thailand","120/23 Ratchraprop Soi 3, Pratunam Room 841, Ground floor, Indra Square, แขวงถนนพญาไท เขตพญาไท กรุงเทพมหานคร 10400, Thailand",Indyjska,,,4.7,922,"Maa Pure Vegetarian to wyjątkowe miejsce w Bangkoku oferujące autentyczne indyjskie dania wegetariańskie i wegańskie o jakości porównywalnej do tej w samych Indiach. Restauracja wyróżnia się niezwykle serdeczną obsługą i gościnnością, a do obowiązkowych pozycji w menu należą Dal Tadka, Jeera Rice oraz aromatyczna indyjska herbata.",Pon: 10:00 AM – 11:30 PM | Wt: 10:00 AM – 11:30 PM | Śr: 10:00 AM – 11:30 PM | Czw: 10:00 AM – 11:30 PM | Pt: 10:00 AM – 11:30 PM | Sob: 10:00 AM – 11:30 PM | Ndz: 10:00 AM – 11:30 PM,3.7,11.3,https://www.google.com/maps/search/?api=1&query=120%2F23+Ratchraprop+Soi+3%2C+Pratunam+Room+841%2C+Ground+floor%2C+Indra+Square%2C+%E0%B9%81%E0%B8%82%E0%B8%A7%E0%B8%87%E0%B8%96%E0%B8%99%E0%B8%99%E0%B8%9E%E0%B8%8D%E0%B8%B2%E0%B9%84%E0%B8%97+%E0%B9%80%E0%B8%82%E0%B8%95%E0%B8%9E%E0%B8%8D%E0%B8%B2%E0%B9%84%E0%B8%97+%E0%B8%81%E0%B8%A3%E0%B8%B8%E0%B8%87%E0%B9%80%E0%B8%97%E0%B8%9E%E0%B8%A1%E0%B8%AB%E0%B8%B2%E0%B8%99%E0%B8%84%E0%B8%A3+10400%2C+Thailand&query_place_id=ChIJX1Z3Gsif4jARB6r0xDzhiZY
Bombay Masala Indian Restaurant,"44/14 Sukhumvit 21 Rd, Khwaeng Khlong Toei Nuea, Watthana, Krung Thep Maha Nakhon 10110, Thailand","44/14 Sukhumvit 21 Rd, Khwaeng Khlong Toei Nuea, Watthana, Krung Thep Maha Nakhon 10110, Thailand",Indyjska,Sukhumvit,$$,4.6,776,"Bombay Masala to ceniona za przystępne ceny i gościnność restauracja, oferująca autentyczne smaki oraz wyjątkowo obfite porcje. Goście szczególnie polecają chrupiące samosy, kurczaka tandoori lub tikka masala oraz wyśmienity serowy chlebek naan. Miejsce wyróżnia się aromatycznymi, ale przystępnymi przyprawami, miłą obsługą oraz klimatyzowaną salą na piętrze.",Pon: 10:00 AM – 10:00 PM | Wt: 10:00 AM – 10:00 PM | Śr: 10:00 AM – 10:00 PM | Czw: 10:00 AM – 10:00 PM | Pt: 10:00 AM – 10:00 PM | Sob: 10:00 AM – 10:00 PM | Ndz: 10:00 AM – 10:00 PM,2.0,8.3,https://www.google.com/maps/search/?api=1&query=44%2F14+Sukhumvit+21+Rd%2C+Khwaeng+Khlong+Toei+Nuea%2C+Watthana%2C+Krung+Thep+Maha+Nakhon+10110%2C+Thailand&query_place_id=ChIJfbFcxJ6f4jARlLSiMgWSYbg
JHOL Coastal Indian Cuisine,"7 2 Soi Sukhumvit 18, Khwaeng Khlong Toei, Khet Khlong Toei, Krung Thep Maha Nakhon 10110, Thailand","7 2 Soi Sukhumvit 18, Khwaeng Khlong Toei, Khet Khlong Toei, Krung Thep Maha Nakhon 10110, Thailand",Indyjska,Sukhumvit,,4.7,732,"JHOL Coastal Indian Cuisine oferuje unikalne smaki indyjskiego wybrzeża, serwowane w niezwykle kreatywnej i nowoczesnej formie. Warto spróbować takich specjałów jak kurczak ghee roast z dosą, curry mango z Alleppey czy krewetki tiger chilli, doceniając przy tym wyjątkowo uważną i proaktywną obsługę. To miejsce wyróżnia się doskonałym balansem przypraw oraz dbałością o detale, która sprawia, że każde danie wygląda jak kulinarne dzieło sztuki.","Pon: 12:00 – 2:30 PM, 5:30 – 9:30 PM | Wt: 12:00 – 2:30 PM, 5:30 – 9:30 PM | Śr: 12:00 – 2:30 PM, 5:30 – 9:30 PM | Czw: 12:00 – 2:30 PM, 5:30 – 9:30 PM | Pt: 12:00 – 2:30 PM, 5:30 – 9:30 PM | Sob: 12:00 – 2:30 PM, 5:30 – 9:30 PM | Ndz: 12:00 – 2:30 PM, 5:30 – 9:30 PM",3.0,7.5,https://www.google.com/maps/search/?api=1&query=7+2+Soi+Sukhumvit+18%2C+Khwaeng+Khlong+Toei%2C+Khet+Khlong+Toei%2C+Krung+Thep+Maha+Nakhon+10110%2C+Thailand&query_place_id=ChIJb8wnaXef4jARcAOBkQ3kJwo
Indian Oven Indian Food Bangkok,"425, 17 Soi Ratchaprarop 8, Khwaeng Makkasan, Khet Ratchathewi, Krung Thep Maha Nakhon 10400, Thailand","425, 17 Soi Ratchaprarop 8, Khwaeng Makkasan, Khet Ratchathewi, Krung Thep Maha Nakhon 10400, Thailand",Indyjska,Ratchathewi,,4.8,542,"Indian Oven to miejsce serwujące autentyczną kuchnię indyjską w przystępnych cenach, szczególnie polecane ze względu na wyśmienity, kremowy Butter Chicken oraz sycące porcje Chicken Dum Briyani. Restauracja wyróżnia się dużą popularnością wśród indyjskich rodzin, bardzo hojnymi porcjami idealnymi do dzielenia się oraz świeżością dodatków, takich jak chlebki roti czy aromatyczna Masala Tea.",Pon: 12:00 PM – 12:00 AM | Wt: 12:00 PM – 12:00 AM | Śr: 12:00 PM – 12:00 AM | Czw: 12:00 PM – 12:00 AM | Pt: 12:00 PM – 12:00 AM | Sob: 12:00 PM – 12:00 AM | Ndz: 12:00 PM – 12:00 AM,3.6,11.2,https://www.google.com/maps/search/?api=1&query=425%2C+17+Soi+Ratchaprarop+8%2C+Khwaeng+Makkasan%2C+Khet+Ratchathewi%2C+Krung+Thep+Maha+Nakhon+10400%2C+Thailand&query_place_id=ChIJ-yZ4bNKf4jARnewb-MX8ka0
Peshwa Restaurant Bangkok,"19/9 Soi Sukhumvit 20, Khwaeng Khlong Toei, Khet Khlong Toei, Krung Thep Maha Nakhon 10110, Thailand","19/9 Soi Sukhumvit 20, Khwaeng Khlong Toei, Khet Khlong Toei, Krung Thep Maha Nakhon 10110, Thailand",Indyjska,Sukhumvit,,4.8,535,"Peshwa Restaurant to wyjątkowy punkt na kulinarnej mapie Bangkoku, specjalizujący się w autentycznej i rzadko spotykanej kuchni z indyjskiego regionu Maharasztra. Warto zamówić tu tradycyjne zestawy thali (np. Kolhapuri Mutton Thali), Vada pav, Misal pav czy słodkie Shrikhand Puri, które zachwycają gości domowym smakiem. Miejsce wyróżnia się sprawną i bardzo życzliwą obsługą oraz bogatym menu, stanowiącym doskonałą alternatywę dla typowych dań indyjskich.",Pon: 9:00 AM – 11:30 PM | Wt: 9:00 AM – 11:30 PM | Śr: 9:00 AM – 11:30 PM | Czw: 9:00 AM – 11:30 PM | Pt: 9:00 AM – 11:30 PM | Sob: 9:00 AM – 11:30 PM | Ndz: 9:00 AM – 11:30 PM,3.3,7.5,https://www.google.com/maps/search/?api=1&query=19%2F9+Soi+Sukhumvit+20%2C+Khwaeng+Khlong+Toei%2C+Khet+Khlong+Toei%2C+Krung+Thep+Maha+Nakhon+10110%2C+Thailand&query_place_id=ChIJxfM_VwCf4jARWT4MA1Fsvi8
Finch Bangkok - Indian Restaurant,"155 Soi Sukhumvit 11, Khwaeng Khlong Toei Nuea, Watthana, Krung Thep Maha Nakhon 10110, Thailand","155 Soi Sukhumvit 11, Khwaeng Khlong Toei Nuea, Watthana, Krung Thep Maha Nakhon 10110, Thailand",Indyjska,Sukhumvit,,4.8,499,"Finch Bangkok to nowoczesna restauracja indyjska typu fusion, wyróżniająca się innowacyjnym podejściem do tradycyjnych przepisów oraz wyjątkowo uważną i profesjonalną obsługą. Goście szczególnie polecają spróbowanie mini kulchas (zwłaszcza w wersji chicken tikka), pizzy paratha oraz krokietów mac and cheese, a wielką atrakcją jest widowiskowy pokaz przyrządzania deseru na żywo. Dania zachwycają estetyczną prezentacją i bogactwem przypraw, co czyni to miejsce jedną z najciekawszych propozycji kulinarnych w dzielnicy Sukhumvit.",Pon: 12:00 PM – 2:00 AM | Wt: 12:00 PM – 2:00 AM | Śr: 12:00 PM – 2:00 AM | Czw: 12:00 PM – 2:00 AM | Pt: 12:00 PM – 2:00 AM | Sob: 12:00 PM – 2:00 AM | Ndz: 12:00 PM – 2:00 AM,3.1,8.3,https://www.google.com/maps/search/?api=1&query=155+Soi+Sukhumvit+11%2C+Khwaeng+Khlong+Toei+Nuea%2C+Watthana%2C+Krung+Thep+Maha+Nakhon+10110%2C+Thailand&query_place_id=ChIJeS5b9Zef4jARlZqWhCTwY1A
BENARES Modern Indian Cuisine Bangkok. (INDIAN RESTAURANT),"Ground Floor, 15 Sukhumvit Residences, ซ. สุขุมวิท 13 แขวงคลองเตยเหนือ เขตวัฒนา กรุงเทพมหานคร 10110, Thailand","Ground Floor, 15 Sukhumvit Residences, ซ. สุขุมวิท 13 แขวงคลองเตยเหนือ เขตวัฒนา กรุงเทพมหานคร 10110, Thailand",Indyjska,Sukhumvit,,4.7,436,"Benares to nowoczesna restauracja indyjska wyróżniająca się nienaganną obsługą oraz pięknie podanymi daniami o doskonale zbalansowanych przyprawach. Goście szczególnie polecają wielodaniowe menu degustacyjne z pairingiem win, które zachwyca wysoką jakością, świeżością i głębią smaku. Choć wejście prowadzące przez parking może być trudne do znalezienia, eleganckie wnętrze i profesjonalny personel gwarantują wyjątkowe doświadczenie kulinarne.","Pon: 11:00 AM – 3:00 PM, 5:30 – 11:00 PM | Wt: 11:00 AM – 3:00 PM, 5:30 – 11:00 PM | Śr: 11:00 AM – 3:00 PM, 5:30 – 11:00 PM | Czw: 11:00 AM – 3:00 PM, 5:30 – 11:00 PM | Pt: 11:00 AM – 3:00 PM, 5:30 – 11:00 PM | Sob: 11:00 AM – 3:00 PM, 5:30 – 11:00 PM | Ndz: 11:00 AM – 3:00 PM, 5:30 – 11:00 PM",2.7,8.4,https://www.google.com/maps/search/?api=1&query=Ground+Floor%2C+15+Sukhumvit+Residences%2C+%E0%B8%8B.+%E0%B8%AA%E0%B8%B8%E0%B8%82%E0%B8%B8%E0%B8%A1%E0%B8%A7%E0%B8%B4%E0%B8%97+13+%E0%B9%81%E0%B8%82%E0%B8%A7%E0%B8%87%E0%B8%84%E0%B8%A5%E0%B8%AD%E0%B8%87%E0%B9%80%E0%B8%95%E0%B8%A2%E0%B9%80%E0%B8%AB%E0%B8%99%E0%B8%B7%E0%B8%AD+%E0%B9%80%E0%B8%82%E0%B8%95%E0%B8%A7%E0%B8%B1%E0%B8%92%E0%B8%99%E0%B8%B2+%E0%B8%81%E0%B8%A3%E0%B8%B8%E0%B8%87%E0%B9%80%E0%B8%97%E0%B8%9E%E0%B8%A1%E0%B8%AB%E0%B8%B2%E0%B8%99%E0%B8%84%E0%B8%A3+10110%2C+Thailand&query_place_id=ChIJF2isI2Sf4jARX5WtDnK-s2o
Daryaganj Bangkok,"Park Plaza, 9 Soi Sukhumvit 18, Khwaeng Khlong Toei, Klongtoey, Krung Thep Maha Nakhon 10110, Thailand","Park Plaza, 9 Soi Sukhumvit 18, Khwaeng Khlong Toei, Klongtoey, Krung Thep Maha Nakhon 10110, Thailand",Indyjska,Sukhumvit,,4.8,428,"Daryaganj to obowiązkowy punkt dla miłośników kuchni indyjskiej, słynący jako miejsce narodzin kultowego Butter Chicken, którego warto spróbować zarówno w wersji oryginalnej, jak i nowoczesnej. Goście szczególnie polecają soczyste jagnięce kebaby, świeże chlebki naan oraz niedzielny brunch „all you can eat”, oferujący bogaty wybór dań, w tym unikalną stację live chaat z gol guppa. Restauracja wyróżnia się eleganckim wystrojem i wyjątkową obsługą, serwując autentyczne smaki północnych Indii, które mimo swej bogatej aromatyczności nie są przytłaczająco ciężkie.","Pon: 6:00 – 11:30 PM | Wt: 6:00 – 11:30 PM | Śr: 6:00 – 11:30 PM | Czw: 6:00 – 11:30 PM | Pt: 6:00 – 11:30 PM | Sob: 12:00 – 3:00 PM, 6:00 – 11:30 PM | Ndz: 12:00 – 3:00 PM, 6:00 – 11:30 PM",3.1,7.6,https://www.google.com/maps/search/?api=1&query=Park+Plaza%2C+9+Soi+Sukhumvit+18%2C+Khwaeng+Khlong+Toei%2C+Klongtoey%2C+Krung+Thep+Maha+Nakhon+10110%2C+Thailand&query_place_id=ChIJxeozR5Sf4jARtDhFsel4EXw
Indian Essence Art Cuisine,"6 Sukhumvit Soi 22, Khwaeng Khlong Toei, Khet Khlong Toei, Krung Thep Maha Nakhon 10110, Thailand","6 Sukhumvit Soi 22, Khwaeng Khlong Toei, Khet Khlong Toei, Krung Thep Maha Nakhon 10110, Thailand",Indyjska,Sukhumvit,,4.6,372,"To klimatyczne miejsce z artystycznym wystrojem słynie z autentycznej kuchni indyjskiej i dużych porcji, a goście szczególnie polecają Lamb Rogan Josh, aromatyczne Chicken Biryani oraz kurczaka tandoori. Restauracja wyróżnia się doskonałym serwisem i darmowymi dodatkami w formie przystawek czy deserów, choć warto pamiętać o doliczanych do rachunku opłatach serwisowych i podatku. Jakość składników oraz staranność przygotowania potraw w pełni uzasadniają nieco wyższe ceny.",Pon: 8:30 AM – 4:00 AM | Wt: 8:30 AM – 4:00 AM | Śr: 8:30 AM – 3:00 AM | Czw: 8:30 AM – 4:00 AM | Pt: 8:30 AM – 4:00 AM | Sob: 8:30 AM – 4:00 AM | Ndz: 8:30 AM – 4:00 AM,3.3,7.1,https://www.google.com/maps/search/?api=1&query=6+Sukhumvit+Soi+22%2C+Khwaeng+Khlong+Toei%2C+Khet+Khlong+Toei%2C+Krung+Thep+Maha+Nakhon+10110%2C+Thailand&query_place_id=ChIJab9QrPif4jARxkiz-FwabFA
Bawarchi Ambassador Indian Restaurant,"171 Soi Sukhumvit 11, Khwaeng Khlong Toei Nuea, Watthana, Krung Thep Maha Nakhon 10110, Thailand","171 Soi Sukhumvit 11, Khwaeng Khlong Toei Nuea, Watthana, Krung Thep Maha Nakhon 10110, Thailand",Indyjska,Sukhumvit,,4.7,311,"Bawarchi to autentyczna restauracja indyjska, która wyróżnia się sprowadzanymi z Indii przyprawami oraz wieczorami z karaoke. Warto spróbować tu takich dań jak paneer tikka, biryani czy daal roti, serwowanych przez wyjątkowo uważną i sprawną obsługę. Choć ceny są wyższe niż przeciętnie w Bangkoku, goście chwalą miejsce za wyśmienity smak potraw i przytulną atmosferę idealną na spotkania z bliskimi.",Pon: 9:00 AM – 5:00 AM | Wt: 9:00 AM – 5:00 AM | Śr: 9:00 AM – 5:00 AM | Czw: 9:00 AM – 5:00 AM | Pt: 9:00 AM – 5:00 AM | Sob: 9:00 AM – 5:00 AM | Ndz: 9:00 AM – 5:00 AM,3.2,8.4,https://www.google.com/maps/search/?api=1&query=171+Soi+Sukhumvit+11%2C+Khwaeng+Khlong+Toei+Nuea%2C+Watthana%2C+Krung+Thep+Maha+Nakhon+10110%2C+Thailand&query_place_id=ChIJuUdZCQCf4jAR2oqrhurMMuk
NILA Indian Cuisine,"847 Thanon Phetchaburi, Khwaeng Thanon Phaya Thai, Khet Ratchathewi, Krung Thep Maha Nakhon 10400, Thailand","847 Thanon Phetchaburi, Khwaeng Thanon Phaya Thai, Khet Ratchathewi, Krung Thep Maha Nakhon 10400, Thailand",Indyjska,Ratchathewi,,4.9,286,"NILA to elegancka restauracja specjalizująca się w wyrafinowanej kuchni indyjskiej z wybrzeża Goa, która jakością dań i poziomem serwisu dorównuje lokalom z gwiazdką Michelin. Goście szczególnie polecają niezwykle kruchą gicz jagnięcą, krewetki peri-peri oraz chrupiące placki malabar parrota, podkreślając kreatywność i piękny sposób podania potraw. Wyjątkowe doświadczenie dopełniają luksusowe wnętrza z portugalskimi akcentami oraz wyśmienite desery, takie jak daktylowe kulfi z sosem karmelowym.",Pon: 12:00 PM – 12:00 AM | Wt: 12:00 PM – 12:00 AM | Śr: 12:00 PM – 12:00 AM | Czw: 12:00 PM – 12:00 AM | Pt: 12:00 PM – 12:00 AM | Sob: 12:00 PM – 12:00 AM | Ndz: 12:00 PM – 12:00 AM,3.8,11.0,https://www.google.com/maps/search/?api=1&query=847+Thanon+Phetchaburi%2C+Khwaeng+Thanon+Phaya+Thai%2C+Khet+Ratchathewi%2C+Krung+Thep+Maha+Nakhon+10400%2C+Thailand&query_place_id=ChIJPbkGrTOf4jARCJKyC6FQu84
SUSHI SEKI,"EmQuartier, 4th Floor, ถ. สุขุมวิท แขวงคลองตันเหนือ เขตวัฒนา กรุงเทพมหานคร 10110, Thailand","EmQuartier, 4th Floor, ถ. สุขุมวิท แขวงคลองตันเหนือ เขตวัฒนา กรุงเทพมหานคร 10110, Thailand",Japońska,,,4.8,4110,"Sushi Seki to miejsce cenione za wyjątkowo świeże sashimi oraz doskonałą teksturę ryżu, oferujące wysoką jakość potraw w przystępnych cenach. Warto zamówić sushi z unagi, kremowe udon z małżami oraz estetycznie podane rolki, choć należy przygotować się na ich dość słodki profil smakowy. Restauracja wyróżnia się profesjonalną, przyjazną obsługą oraz ciepłą atmosferą, która sprzyja częstym powrotom.",Pon: 10:00 AM – 10:00 PM | Wt: 10:00 AM – 10:00 PM | Śr: 10:00 AM – 10:00 PM | Czw: 10:00 AM – 10:00 PM | Pt: 10:00 AM – 10:00 PM | Sob: 10:00 AM – 10:00 PM | Ndz: 10:00 AM – 10:00 PM,3.8,6.7,https://www.google.com/maps/search/?api=1&query=EmQuartier%2C+4th+Floor%2C+%E0%B8%96.+%E0%B8%AA%E0%B8%B8%E0%B8%82%E0%B8%B8%E0%B8%A1%E0%B8%A7%E0%B8%B4%E0%B8%97+%E0%B9%81%E0%B8%82%E0%B8%A7%E0%B8%87%E0%B8%84%E0%B8%A5%E0%B8%AD%E0%B8%87%E0%B8%95%E0%B8%B1%E0%B8%99%E0%B9%80%E0%B8%AB%E0%B8%99%E0%B8%B7%E0%B8%AD+%E0%B9%80%E0%B8%82%E0%B8%95%E0%B8%A7%E0%B8%B1%E0%B8%92%E0%B8%99%E0%B8%B2+%E0%B8%81%E0%B8%A3%E0%B8%B8%E0%B8%87%E0%B9%80%E0%B8%97%E0%B8%9E%E0%B8%A1%E0%B8%AB%E0%B8%B2%E0%B8%99%E0%B8%84%E0%B8%A3+10110%2C+Thailand&query_place_id=ChIJp2dcohif4jARn3uNvezBlkU
Sushi Juban Takumi Thonglor 寿司十番匠トンロー,"36, 1Fl, 1 Soi Phrom Phak, Khwaeng Khlong Tan Nuea, Watthana, Krung Thep Maha Nakhon 10110, Thailand","36, 1Fl, 1 Soi Phrom Phak, Khwaeng Khlong Tan Nuea, Watthana, Krung Thep Maha Nakhon 10110, Thailand",Japońska,Watthana,$$$,4.9,3535,"Sushi Juban Takumi Thonglor to miejsce na wyjątkowe omakase, które wyróżnia się świeżością składników oraz pełnym niespodzianek, autorskim podejściem szefów Okamury i Kena. Goście chwalą niezwykle angażującą atmosferę, w której każde kunsztownie przygotowane danie jest szczegółowo objaśniane, co tworzy idealny balans między japońską tradycją a kreatywnością.",Pon: 11:30 AM – 12:00 AM | Wt: 11:30 AM – 12:00 AM | Śr: 11:30 AM – 12:00 AM | Czw: 11:30 AM – 12:00 AM | Pt: 11:30 AM – 12:00 AM | Sob: 11:30 AM – 12:00 AM | Ndz: 11:30 AM – 12:00 AM,3.4,7.1,https://www.google.com/maps/search/?api=1&query=36%2C+1Fl%2C+1+Soi+Phrom+Phak%2C+Khwaeng+Khlong+Tan+Nuea%2C+Watthana%2C+Krung+Thep+Maha+Nakhon+10110%2C+Thailand&query_place_id=ChIJhQpOHFSe4jAR-rDq_LXsjrk
Sho Ryu Ramen (Ratchada),"88/3 Thanon Ratchadaphisek, Khwaeng Huai Khwang, Khet Huai Khwang, Krung Thep Maha Nakhon 10320, Thailand","88/3 Thanon Ratchadaphisek, Khwaeng Huai Khwang, Khet Huai Khwang, Krung Thep Maha Nakhon 10320, Thailand",Japońska,Huai Khwang,,4.9,3167,"To przytulne miejsce słynie z wyśmienitego tonkatsu ramen o kremowym bulionie oraz aromatycznego curry, oferując gościom darmowe jajka i atrakcyjne promocje cenowe. Lokal jest otwarty aż do 3:00 rano, co czyni go idealnym wyborem na niedrogi, wysokiej jakości posiłek późno w nocy w Bangkoku.",Pon: 12:00 PM – 4:30 AM | Wt: 12:00 PM – 4:30 AM | Śr: 12:00 PM – 4:30 AM | Czw: 12:00 PM – 4:30 AM | Pt: 12:00 PM – 4:30 AM | Sob: 12:00 PM – 4:30 AM | Ndz: 12:00 PM – 4:30 AM,1.9,11.4,https://www.google.com/maps/search/?api=1&query=88%2F3+Thanon+Ratchadaphisek%2C+Khwaeng+Huai+Khwang%2C+Khet+Huai+Khwang%2C+Krung+Thep+Maha+Nakhon+10320%2C+Thailand&query_place_id=ChIJv_V9Rhqd4jARNr2ETxCjLgI
Sushi Juban Asok Branch,"120, 26 Soi Sukhumvit 23, Khwaeng Khlong Toei Nuea, Watthana, Krung Thep Maha Nakhon 10110, Thailand","120, 26 Soi Sukhumvit 23, Khwaeng Khlong Toei Nuea, Watthana, Krung Thep Maha Nakhon 10110, Thailand",Japońska,Sukhumvit,,4.9,2594,"Sushi Juban Asok to eleganckie miejsce specjalizujące się w zestawach omakase ze świeżych składników „rozpływających się w ustach”, a goście szczególnie polecają krewetki w bulionie grzybowym. Restauracja wyróżnia się wyjątkową atmosferą i rozrywkowym podejściem kucharzy, w tym Chefa Kobayashi, który urozmaica kolację żartami i sztuczkami magicznymi. To doskonały wybór na specjalne okazje, oferujący wysoką jakość jedzenia oraz ciekawe techniki kulinarne podkreślające smak i aromat potraw.",Pon: 11:30 AM – 12:00 AM | Wt: 11:30 AM – 12:00 AM | Śr: 11:30 AM – 12:00 AM | Czw: 11:30 AM – 12:00 AM | Pt: 11:30 AM – 12:00 AM | Sob: 11:30 AM – 12:00 AM | Ndz: 11:30 AM – 12:00 AM,2.7,7.9,https://www.google.com/maps/search/?api=1&query=120%2C+26+Soi+Sukhumvit+23%2C+Khwaeng+Khlong+Toei+Nuea%2C+Watthana%2C+Krung+Thep+Maha+Nakhon+10110%2C+Thailand&query_place_id=ChIJf-5ObPue4jAROd8Q_RDSo3U
BANKARA Ramen Sukhumvit 39,"The Manor 32/1 Soi Sukhumvit 39, Khwaeng Khlong Tan Nuea, Watthana, Krung Thep Maha Nakhon 10110, Thailand","The Manor 32/1 Soi Sukhumvit 39, Khwaeng Khlong Tan Nuea, Watthana, Krung Thep Maha Nakhon 10110, Thailand",Japońska,Sukhumvit,$$$,4.5,2570,"BANKARA Ramen to klimatyczny lokal w Bangkoku, który zachwyca autentycznym wystrojem i bogatym menu, w którym szczególnie polecane są dania Bankara Original, Tsukemen Double oraz chrupiące pierożki gyoza. Miejsce wyróżnia się niezwykle aromatycznymi wywarami oraz unikalnym udogodnieniem w postaci pras do świeżego czosnku, pozwalających gościom samodzielnie wzmocnić smak bulionu. Restauracja oferuje przytulną atmosferę „ukrytego klejnotu”, sprawną obsługę oraz specjalną sekcję przygotowaną z myślą o osobach jedzących solo.",Pon: 11:00 AM – 10:30 PM | Wt: 11:00 AM – 10:30 PM | Śr: 11:00 AM – 10:30 PM | Czw: 11:00 AM – 10:30 PM | Pt: 11:00 AM – 10:30 PM | Sob: 11:00 AM – 10:30 PM | Ndz: 11:00 AM – 10:30 PM,3.1,6.9,https://www.google.com/maps/search/?api=1&query=The+Manor+32%2F1+Soi+Sukhumvit+39%2C+Khwaeng+Khlong+Tan+Nuea%2C+Watthana%2C+Krung+Thep+Maha+Nakhon+10110%2C+Thailand&query_place_id=ChIJvXK6CgGf4jAR_2Xxh-nF1aY
Hotaru 119 Omakase & Izakaya - Sanampao,"899 (ในโครงการ The season mall, ถ. พหลโยธิน แขวงพญาไท เขตพญาไท กรุงเทพมหานคร 10400, Thailand","899 (ในโครงการ The season mall, ถ. พหลโยธิน แขวงพญาไท เขตพญาไท กรุงเทพมหานคร 10400, Thailand",Japońska,,,4.9,2487,"Hotaru 119 to przytulne miejsce wyróżniające się świeżymi składnikami oraz pasją szefów kuchni, którzy szczegółowo objaśniają każde danie również po angielsku. Warto zdecydować się na 14- lub 15-daniowe menu omakase, w którym królują rozpływające się w ustach sushi z tuńczyka i snapper oraz unikalne kompozycje smakowe z autorskimi sosami. Restauracja oferuje świetny stosunek jakości do ceny, szeroki wybór sake oraz charakterystyczny, orzeźwiający napój butterfly pea.",Pon: 11:30 AM – 9:30 PM | Wt: 11:30 AM – 9:30 PM | Śr: 11:30 AM – 9:30 PM | Czw: 11:30 AM – 9:30 PM | Pt: 11:30 AM – 9:30 PM | Sob: 11:30 AM – 9:30 PM | Ndz: 11:30 AM – 9:30 PM,4.0,13.0,https://www.google.com/maps/search/?api=1&query=899+%28%E0%B9%83%E0%B8%99%E0%B9%82%E0%B8%84%E0%B8%A3%E0%B8%87%E0%B8%81%E0%B8%B2%E0%B8%A3+The+season+mall%2C+%E0%B8%96.+%E0%B8%9E%E0%B8%AB%E0%B8%A5%E0%B9%82%E0%B8%A2%E0%B8%98%E0%B8%B4%E0%B8%99+%E0%B9%81%E0%B8%82%E0%B8%A7%E0%B8%87%E0%B8%9E%E0%B8%8D%E0%B8%B2%E0%B9%84%E0%B8%97+%E0%B9%80%E0%B8%82%E0%B8%95%E0%B8%9E%E0%B8%8D%E0%B8%B2%E0%B9%84%E0%B8%97+%E0%B8%81%E0%B8%A3%E0%B8%B8%E0%B8%87%E0%B9%80%E0%B8%97%E0%B8%9E%E0%B8%A1%E0%B8%AB%E0%B8%B2%E0%B8%99%E0%B8%84%E0%B8%A3+10400%2C+Thailand&query_place_id=ChIJ30_GoVif4jARFfi--XCV8tc
Isao,"5 Sukhumvit 31, Khwaeng Khlong Toei Nuea, Watthana, Krung Thep Maha Nakhon 10110, Thailand","5 Sukhumvit 31, Khwaeng Khlong Toei Nuea, Watthana, Krung Thep Maha Nakhon 10110, Thailand",Japońska,Sukhumvit,$$$,4.6,2418,Sushi & sashimi are offered along with classic appetizers in this laid-back Japanese eatery.,"Pon: 11:00 AM – 2:30 PM, 5:00 – 9:45 PM | Wt: 11:00 AM – 2:30 PM, 5:00 – 9:45 PM | Śr: 11:00 AM – 2:30 PM, 5:00 – 9:45 PM | Czw: 11:00 AM – 2:30 PM, 5:00 – 9:45 PM | Pt: 11:00 AM – 2:30 PM, 5:00 – 9:45 PM | Sob: 11:00 AM – 2:30 PM, 5:00 – 9:45 PM | Ndz: 11:00 AM – 2:30 PM, 5:00 – 9:45 PM",3.1,7.1,https://www.google.com/maps/search/?api=1&query=5+Sukhumvit+31%2C+Khwaeng+Khlong+Toei+Nuea%2C+Watthana%2C+Krung+Thep+Maha+Nakhon+10110%2C+Thailand&query_place_id=ChIJIfTRq_2e4jARxBfghlTtv50
Seki Grande (Central world),"7th floor, CentralWorld, ถ. พระรามที่ 1 แขวงปทุมวัน เขตปทุมวัน กรุงเทพมหานคร 10330, Thailand","7th floor, CentralWorld, ถ. พระรามที่ 1 แขวงปทุมวัน เขตปทุมวัน กรุงเทพมหานคร 10330, Thailand",Japońska,,,4.9,2013,"Seki Grande to elegancka restauracja serwująca japońską kuchnię premium, która wyróżnia się wyjątkową świeżością składników oraz kreatywną i estetyczną prezentacją dań. Goście szczególnie polecają tutejsze sashimi, sushi oraz zestaw A5 Wagyu Hamburg podawany z trzema sosami, podkreślając przy tym niezwykle profesjonalną obsługę. Ze względu na dużą popularność miejsca, w weekendy warto przyjść przed godziną 12:00, aby uniknąć oczekiwania na stolik.",Pon: 10:00 AM – 10:00 PM | Wt: 10:00 AM – 10:00 PM | Śr: 10:00 AM – 10:00 PM | Czw: 10:00 AM – 10:00 PM | Pt: 10:00 AM – 10:00 PM | Sob: 10:00 AM – 10:00 PM | Ndz: 10:00 AM – 10:00 PM,4.0,10.5,https://www.google.com/maps/search/?api=1&query=7th+floor%2C+CentralWorld%2C+%E0%B8%96.+%E0%B8%9E%E0%B8%A3%E0%B8%B0%E0%B8%A3%E0%B8%B2%E0%B8%A1%E0%B8%97%E0%B8%B5%E0%B9%88+1+%E0%B9%81%E0%B8%82%E0%B8%A7%E0%B8%87%E0%B8%9B%E0%B8%97%E0%B8%B8%E0%B8%A1%E0%B8%A7%E0%B8%B1%E0%B8%99+%E0%B9%80%E0%B8%82%E0%B8%95%E0%B8%9B%E0%B8%97%E0%B8%B8%E0%B8%A1%E0%B8%A7%E0%B8%B1%E0%B8%99+%E0%B8%81%E0%B8%A3%E0%B8%B8%E0%B8%87%E0%B9%80%E0%B8%97%E0%B8%9E%E0%B8%A1%E0%B8%AB%E0%B8%B2%E0%B8%99%E0%B8%84%E0%B8%A3+10330%2C+Thailand&query_place_id=ChIJoZWUTgCf4jARK3-ksQ_IoA4
Yuna,"155, 18-19 Soi Sukhumvit 11/1, Khwaeng Khlong Toei Nuea, Watthana, Krung Thep Maha Nakhon 10110, Thailand","155, 18-19 Soi Sukhumvit 11/1, Khwaeng Khlong Toei Nuea, Watthana, Krung Thep Maha Nakhon 10110, Thailand",Japońska,Sukhumvit,$$$,4.7,1967,"Yuna to autentyczna japońska izakaya, która słynie ze świeżego sashimi z łososia przygotowywanego przez japońskich szefów kuchni oraz dużych porcji dań. W menu warto zwrócić uwagę na wołowinę wagyu, świeże ostrygi oraz smaczną zupę z owoców morza, a w porze lunchu na atrakcyjne zestawy set menu. Miejsce wyróżnia się przyjazną obsługą i doskonałą lokalizacją w Bangkoku, choć warto pamiętać, że toaleta znajduje się w pewnej odległości poza lokalem.",Pon: 11:00 AM – 2:00 AM | Wt: 11:00 AM – 2:00 AM | Śr: 11:00 AM – 2:00 AM | Czw: 11:00 AM – 2:00 AM | Pt: 11:00 AM – 2:00 AM | Sob: 11:00 AM – 2:00 AM | Ndz: 11:00 AM – 2:00 AM,3.1,8.3,https://www.google.com/maps/search/?api=1&query=155%2C+18-19+Soi+Sukhumvit+11%2F1%2C+Khwaeng+Khlong+Toei+Nuea%2C+Watthana%2C+Krung+Thep+Maha+Nakhon+10110%2C+Thailand&query_place_id=ChIJsejE_Vmf4jAREtv7ucxXyl0
Shugetsu,"The 49 Terrace Soi Sukhumvit 49, Khwaeng Khlong Tan Nuea, Watthana, Krung Thep Maha Nakhon 10110, Thailand","The 49 Terrace Soi Sukhumvit 49, Khwaeng Khlong Tan Nuea, Watthana, Krung Thep Maha Nakhon 10110, Thailand",Japońska,Sukhumvit,$$$,4.7,1932,"Shugetsu słynie z ogromnych porcji i ramenu na bazie wywaru rybnego, a ich popisowym daniem jest tsukemen z dużą ilością chashu i możliwością wyboru wagi makaronu. To przytulne miejsce z przyjazną obsługą warto odwiedzić zwłaszcza w środy, kiedy obowiązuje promocja „kup jeden, drugi gratis”. Można tu również spróbować dania „volcano” z dobrą jakościowo wołowiną, korzystając z darmowej godziny parkingu.","Pon: 11:30 AM – 3:00 PM, 6:00 – 10:00 PM | Wt: 11:30 AM – 3:00 PM, 6:00 – 10:00 PM | Śr: 11:30 AM – 3:00 PM, 6:00 – 10:00 PM | Czw: 11:30 AM – 3:00 PM, 6:00 – 10:00 PM | Pt: 11:30 AM – 3:00 PM, 6:00 – 10:00 PM | Sob: 11:00 AM – 10:00 PM | Ndz: 11:00 AM – 10:00 PM",3.7,6.3,https://www.google.com/maps/search/?api=1&query=The+49+Terrace+Soi+Sukhumvit+49%2C+Khwaeng+Khlong+Tan+Nuea%2C+Watthana%2C+Krung+Thep+Maha+Nakhon+10110%2C+Thailand&query_place_id=ChIJKTRBqcaf4jARsehqbfqA-5g
MENSHO TOKYO,"571 อาร์เอสยู ทาวเวอร์ (RSU Tower) ห้อง G-03 ชั้น G Khwaeng Khlong Tan Nuea, Watthana, Krung Thep Maha Nakhon 10110, Thailand","571 อาร์เอสยู ทาวเวอร์ (RSU Tower) ห้อง G-03 ชั้น G Khwaeng Khlong Tan Nuea, Watthana, Krung Thep Maha Nakhon 10110, Thailand",Japońska,Watthana,$$$,4.4,1883,"Mensho Tokyo to obowiązkowy punkt na mapie Bangkoku dla fanów ramenu, słynący zwłaszcza z kremowego Tori Paitan o głębokim smaku umami oraz unikalnej wersji na bazie matchy. Warto spróbować również wyśmienitego Ebi Tsukemen z bogatym sosem oraz chrupiących takoyaki, które przez gości uznawane są za jedne z najlepszych w mieście. Choć ceny należą do wyższych, miejsce wyróżnia się doskonałą jakością sprężystego makaronu i świeżymi, sezonowymi dodatkami.",Pon: 11:00 AM – 9:30 PM | Wt: 11:00 AM – 9:30 PM | Śr: 11:00 AM – 9:30 PM | Czw: 11:00 AM – 9:30 PM | Pt: 11:00 AM – 9:30 PM | Sob: 11:00 AM – 9:30 PM | Ndz: 11:00 AM – 9:30 PM,3.3,6.9,https://www.google.com/maps/search/?api=1&query=571+%E0%B8%AD%E0%B8%B2%E0%B8%A3%E0%B9%8C%E0%B9%80%E0%B8%AD%E0%B8%AA%E0%B8%A2%E0%B8%B9+%E0%B8%97%E0%B8%B2%E0%B8%A7%E0%B9%80%E0%B8%A7%E0%B8%AD%E0%B8%A3%E0%B9%8C+%28RSU+Tower%29+%E0%B8%AB%E0%B9%89%E0%B8%AD%E0%B8%87+G-03+%E0%B8%8A%E0%B8%B1%E0%B9%89%E0%B8%99+G+Khwaeng+Khlong+Tan+Nuea%2C+Watthana%2C+Krung+Thep+Maha+Nakhon+10110%2C+Thailand&query_place_id=ChIJGVjGJOKf4jARu9eQ8w3Vod4
A RAMEN ราเมงข้อสอบ (เดอะสตรีทรัชดา),"B Floor, The Street Ratchada, 139 Thanon Ratchadaphisek, Khwaeng Din Daeng, Khet Din Daeng, Krung Thep Maha Nakhon 10400, Thailand","B Floor, The Street Ratchada, 139 Thanon Ratchadaphisek, Khwaeng Din Daeng, Khet Din Daeng, Krung Thep Maha Nakhon 10400, Thailand",Japońska,Din Daeng,$$$,4.4,1812,"To otwarte 24 godziny na dobę miejsce słynie z możliwości pełnej personalizacji ramenu oraz unikalnych stanowisk z ruchomymi przegrodami, które pozwalają na jedzenie w samotności lub z grupą. Lokal wyróżnia się szybką obsługą i japońskim wystrojem, stanowiąc doskonały wybór na zaspokojenie nocnego głodu w przystępnej cenie.",Pon: Open 24 hours | Wt: Open 24 hours | Śr: Open 24 hours | Czw: Open 24 hours | Pt: Open 24 hours | Sob: Open 24 hours | Ndz: Open 24 hours,2.2,11.6,https://www.google.com/maps/search/?api=1&query=B+Floor%2C+The+Street+Ratchada%2C+139+Thanon+Ratchadaphisek%2C+Khwaeng+Din+Daeng%2C+Khet+Din+Daeng%2C+Krung+Thep+Maha+Nakhon+10400%2C+Thailand&query_place_id=ChIJ0dR7voie4jAR6WIEvdQb-Nk
Sho Ryu Ramen (Phetchaburi Road),"1938/1 Thanon Phetchaburi, Khwaeng Bang Kapi, Khet Huai Khwang, Krung Thep Maha Nakhon 10110, Thailand","1938/1 Thanon Phetchaburi, Khwaeng Bang Kapi, Khet Huai Khwang, Krung Thep Maha Nakhon 10110, Thailand",Japońska,Huai Khwang,,4.9,1774,"To ukryty na stacji benzynowej, przytulny lokal w klimacie retro, który wyróżnia się nielimitowanymi darmowymi jajkami na twardo oraz promocją ""1+1 gratis"" po północy. Warto zamówić chwalonego przez gości kotleta wieprzowego lub ramen z wyrazistym i pikantnym wywarem mala. Dodatkową atrakcją jest dostępny na miejscu zabytkowy automat do gier arcade.",Pon: 11:30 AM – 5:00 AM | Wt: 11:30 AM – 5:00 AM | Śr: 11:30 AM – 5:00 AM | Czw: 11:30 AM – 5:00 AM | Pt: 11:30 AM – 5:00 AM | Sob: 11:30 AM – 5:00 AM | Ndz: 11:30 AM – 5:00 AM,1.6,8.5,https://www.google.com/maps/search/?api=1&query=1938%2F1+Thanon+Phetchaburi%2C+Khwaeng+Bang+Kapi%2C+Khet+Huai+Khwang%2C+Krung+Thep+Maha+Nakhon+10110%2C+Thailand&query_place_id=ChIJP02PQnyf4jARQeajq89NC-c
Masu Maki & Sushi Bar,"Soi Sukhumvit 39, Khwaeng Khlong Tan Nuea, Watthana, Krung Thep Maha Nakhon 10110, Thailand","Soi Sukhumvit 39, Khwaeng Khlong Tan Nuea, Watthana, Krung Thep Maha Nakhon 10110, Thailand",Japońska,Sukhumvit,$$$,4.6,1444,"Masu Maki & Sushi Bar to miejsce słynące z doskonałej jakości sushi, w tym dragon orange roll i salmon bowl, oraz chrupiących pierożków gyoza i wołowiny wagyu. Restauracja wyróżnia się wyjątkową obsługą i dbałością o detale, oferując bogate menu wegetariańskie z darmową zupą miso oraz dedykowanym sosem sojowym. Goście chwalą świeżość składników, przystępne ceny oraz profesjonalne podejście personelu, co czyni lokal obowiązkowym punktem na kulinarnej mapie Bangkoku.",Pon: 11:00 AM – 9:30 PM | Wt: 11:00 AM – 9:30 PM | Śr: 11:00 AM – 9:30 PM | Czw: 11:00 AM – 9:30 PM | Pt: 11:00 AM – 9:30 PM | Sob: 11:00 AM – 9:30 PM | Ndz: 11:00 AM – 9:30 PM,3.4,6.6,https://www.google.com/maps/search/?api=1&query=Soi+Sukhumvit+39%2C+Khwaeng+Khlong+Tan+Nuea%2C+Watthana%2C+Krung+Thep+Maha+Nakhon+10110%2C+Thailand&query_place_id=ChIJI1DS2gGf4jARsNX7SqGCmUc
Benihana at Grand Mercure Bangkok Atrium,"1880 Thanon Phetchaburi, Khwaeng Bang Kapi, Khet Huai Khwang, Krung Thep Maha Nakhon 10310, Thailand","1880 Thanon Phetchaburi, Khwaeng Bang Kapi, Khet Huai Khwang, Krung Thep Maha Nakhon 10310, Thailand",Japońska,Huai Khwang,$$$$,4.7,1291,Hibachi chain serving Japanese dishes grilled tableside by theatrical chefs.,Pon: 12:00 – 10:00 PM | Wt: 12:00 – 10:00 PM | Śr: 12:00 – 10:00 PM | Czw: 12:00 – 10:00 PM | Pt: 12:00 – 10:00 PM | Sob: 12:00 – 10:00 PM | Ndz: 12:00 – 10:00 PM,1.4,8.6,https://www.google.com/maps/search/?api=1&query=1880+Thanon+Phetchaburi%2C+Khwaeng+Bang+Kapi%2C+Khet+Huai+Khwang%2C+Krung+Thep+Maha+Nakhon+10310%2C+Thailand&query_place_id=ChIJNyFu3vae4jARj7Vl2pnMRnk
Sho ryu ramen (Century The Movie plaza),"15, แขวงถนนพญาไท เขตราชเทวี กรุงเทพมหานคร 10400, Thailand","15, แขวงถนนพญาไท เขตราชเทวี กรุงเทพมหานคร 10400, Thailand",Japońska,,,4.9,1164,"Sho ryu ramen słynie z kremowego tonkotsu oraz intensywnego miso w świetnej cenie, oferując przy tym unikalny bonus w postaci nielimitowanych, darmowych jajek na twardo. Lokal jest otwarty do 3:00 rano i przyciąga gości atrakcyjnymi promocjami nocnymi oraz automatami do gier arcade, co czyni go idealnym miejscem na późną kolację.",Pon: 11:30 AM – 5:00 AM | Wt: 11:30 AM – 5:00 AM | Śr: 11:30 AM – 5:00 AM | Czw: 11:30 AM – 5:00 AM | Pt: 11:30 AM – 5:00 AM | Sob: 11:30 AM – 5:00 AM | Ndz: 11:30 AM – 5:00 AM,4.0,12.4,https://www.google.com/maps/search/?api=1&query=15%2C+%E0%B9%81%E0%B8%82%E0%B8%A7%E0%B8%87%E0%B8%96%E0%B8%99%E0%B8%99%E0%B8%9E%E0%B8%8D%E0%B8%B2%E0%B9%84%E0%B8%97+%E0%B9%80%E0%B8%82%E0%B8%95%E0%B8%A3%E0%B8%B2%E0%B8%8A%E0%B9%80%E0%B8%97%E0%B8%A7%E0%B8%B5+%E0%B8%81%E0%B8%A3%E0%B8%B8%E0%B8%87%E0%B9%80%E0%B8%97%E0%B8%9E%E0%B8%A1%E0%B8%AB%E0%B8%B2%E0%B8%99%E0%B8%84%E0%B8%A3+10400%2C+Thailand&query_place_id=ChIJg9icFCWf4jARC7Kubkw7tdo
Tonkotsu Kazan Ramen (Jasmine City Tower),"G Floor 2 Soi Sukhumvit 23, Khwaeng Khlong Tan Nuea, Watthana, Krung Thep Maha Nakhon 10110, Thailand","G Floor 2 Soi Sukhumvit 23, Khwaeng Khlong Tan Nuea, Watthana, Krung Thep Maha Nakhon 10110, Thailand",Japońska,Sukhumvit,$$$,4.3,1136,"Miejsce to słynie z widowiskowego „ramenu wulkanicznego” podawanego w bardzo gorących naczyniach oraz fantastycznych, esencjonalnych wywarów, szczególnie w wersji curry lub shoyu. Goście chwalą sycące porcje z dużą ilością makaronu w przystępnej cenie oraz darmową dolewkę mrożonej zielonej herbaty. Całość dopełnia miła obsługa i bogata oferta dodatków, takich jak smażony kurczak czy krewetki w tempurze.",Pon: 11:00 AM – 11:00 PM | Wt: 11:00 AM – 11:00 PM | Śr: 11:00 AM – 11:00 PM | Czw: 11:00 AM – 11:00 PM | Pt: 11:00 AM – 11:00 PM | Sob: 11:00 AM – 11:00 PM | Ndz: 11:00 AM – 11:00 PM,2.8,7.4,https://www.google.com/maps/search/?api=1&query=G+Floor+2+Soi+Sukhumvit+23%2C+Khwaeng+Khlong+Tan+Nuea%2C+Watthana%2C+Krung+Thep+Maha+Nakhon+10110%2C+Thailand&query_place_id=ChIJeaL_mhqf4jAR7wgDhjY26zI
Sushi Mori,"127 อาคารเกษร ทาวเวอร์ ชั้น 3 Thanon Ratchadamri, Khwaeng Lumphini, Pathum Wan, Krung Thep Maha Nakhon 10330, Thailand","127 อาคารเกษร ทาวเวอร์ ชั้น 3 Thanon Ratchadamri, Khwaeng Lumphini, Pathum Wan, Krung Thep Maha Nakhon 10330, Thailand",Japońska,Pathum Wan,$$$$,4.7,1135,"Sushi Mori słynie z wyjątkowej świeżości składników, oferując wyśmienite sashimi, maślanego łososia oraz cenione przez gości dania z foie gras i uni. Warto spróbować także soczystych rolek z wołowiną wagyu i węgorzem, chrupiącej sałatki z kraba oraz Agedashi Tofu w aromatycznym sosie. Choć ceny są wyższe, hojne porcje i wysoka jakość serwowanych potraw w pełni uzasadniają tutejszą ofertę.",Pon: 11:00 AM – 10:00 PM | Wt: 11:00 AM – 10:00 PM | Śr: 11:00 AM – 10:00 PM | Czw: 11:00 AM – 10:00 PM | Pt: 11:00 AM – 10:00 PM | Sob: 11:00 AM – 10:00 PM | Ndz: 11:00 AM – 10:00 PM,4.0,10.4,https://www.google.com/maps/search/?api=1&query=127+%E0%B8%AD%E0%B8%B2%E0%B8%84%E0%B8%B2%E0%B8%A3%E0%B9%80%E0%B8%81%E0%B8%A9%E0%B8%A3+%E0%B8%97%E0%B8%B2%E0%B8%A7%E0%B9%80%E0%B8%A7%E0%B8%AD%E0%B8%A3%E0%B9%8C+%E0%B8%8A%E0%B8%B1%E0%B9%89%E0%B8%99+3+Thanon+Ratchadamri%2C+Khwaeng+Lumphini%2C+Pathum+Wan%2C+Krung+Thep+Maha+Nakhon+10330%2C+Thailand&query_place_id=ChIJMyDgUM2Y4jARfghU1wvvqiU
Hachicken Ramen (Terminal21 Asok),"Unit 4022A, 4th floor, 88 ซอย สุขุมวิท 19 แขวงคลองเตยเหนือ เขตวัฒนา กรุงเทพมหานคร 10110, Thailand","Unit 4022A, 4th floor, 88 ซอย สุขุมวิท 19 แขวงคลองเตยเหนือ เขตวัฒนา กรุงเทพมหานคร 10110, Thailand",Japońska,,,4.7,1075,"Hachicken Ramen w Terminal 21 słynie z aromatycznych bulionów i wysokiej jakości składników, a szczególnie warto spróbować Spicy Shoyu Ramen, Noko Karamen oraz sycącego Chasu Don. Miejsce wyróżnia się sprawną, niezwykle uprzejmą obsługą oraz unikalnymi propozycjami, takimi jak Matcha Ramen o głębokim smaku czy pikantne karaage. To świetny wybór na posiłek w dobrej cenie, oferujący bogate smaki i porcje z dużą ilością makaronu.",Pon: 10:00 AM – 10:00 PM | Wt: 10:00 AM – 10:00 PM | Śr: 10:00 AM – 10:00 PM | Czw: 10:00 AM – 10:00 PM | Pt: 10:00 AM – 10:00 PM | Sob: 10:00 AM – 10:00 PM | Ndz: 10:00 AM – 10:00 PM,2.8,7.9,https://www.google.com/maps/search/?api=1&query=Unit+4022A%2C+4th+floor%2C+88+%E0%B8%8B%E0%B8%AD%E0%B8%A2+%E0%B8%AA%E0%B8%B8%E0%B8%82%E0%B8%B8%E0%B8%A1%E0%B8%A7%E0%B8%B4%E0%B8%97+19+%E0%B9%81%E0%B8%82%E0%B8%A7%E0%B8%87%E0%B8%84%E0%B8%A5%E0%B8%AD%E0%B8%87%E0%B9%80%E0%B8%95%E0%B8%A2%E0%B9%80%E0%B8%AB%E0%B8%99%E0%B8%B7%E0%B8%AD+%E0%B9%80%E0%B8%82%E0%B8%95%E0%B8%A7%E0%B8%B1%E0%B8%92%E0%B8%99%E0%B8%B2+%E0%B8%81%E0%B8%A3%E0%B8%B8%E0%B8%87%E0%B9%80%E0%B8%97%E0%B8%9E%E0%B8%A1%E0%B8%AB%E0%B8%B2%E0%B8%99%E0%B8%84%E0%B8%A3+10110%2C+Thailand&query_place_id=ChIJZVy5gm6f4jARZNIAsJKyW30
ซึเคเมน โกโก (BIO HOUSE สุขุมวิท 39),"55 Soi Sukhumvit 39, Khwaeng Khlong Toei Nuea, Watthana, Krung Thep Maha Nakhon 10110, Thailand","55 Soi Sukhumvit 39, Khwaeng Khlong Toei Nuea, Watthana, Krung Thep Maha Nakhon 10110, Thailand",Japońska,Sukhumvit,$$$,4.4,856,"To miejsce specjalizuje się w tsukemen z bogatym, aromatycznym wywarem, szczególnie polecanym w wersji Gyuhorumon z możliwością dostosowania twardości makaronu. Goście chwalą również soczystego kurczaka karaage, pierożki gyoza oraz gęsty ramen tonkotsu, podkreślając świetną atmosferę lokalu i wyjątkowo miłą obsługę.",Pon: 11:00 AM – 11:00 PM | Wt: 11:00 AM – 11:00 PM | Śr: 11:00 AM – 11:00 PM | Czw: 11:00 AM – 11:00 PM | Pt: 11:00 AM – 11:00 PM | Sob: 11:00 AM – 11:00 PM | Ndz: 11:00 AM – 11:00 PM,2.8,7.1,https://www.google.com/maps/search/?api=1&query=55+Soi+Sukhumvit+39%2C+Khwaeng+Khlong+Toei+Nuea%2C+Watthana%2C+Krung+Thep+Maha+Nakhon+10110%2C+Thailand&query_place_id=ChIJ_RwRyf-e4jARC2FvDNjFkKw
Tonchin Ramen x Kaburaya - Mercury Ville,"1st FL, Mercury Ville, Khwaeng Lumphini, Pathum Wan, Krung Thep Maha Nakhon 10330, Thailand","1st FL, Mercury Ville, Khwaeng Lumphini, Pathum Wan, Krung Thep Maha Nakhon 10330, Thailand",Japońska,Pathum Wan,,4.7,840,"Tonchin Ramen, wyróżnione nagrodą Michelin Bib Gourmand, słynie z domowego makaronu oraz doskonałego tsukemen, w tym dostępnego tylko w Tajlandii „Special Noko Ebi Tsukemen” z bogatymi dodatkami takimi jak chashu, klopsiki drobiowe i kawior. Goście doceniają wyrazisty smak umami oraz korzystne zestawy obiadowe, które serwowane są z dopracowanymi przystawkami i kuflem zimnego piwa. To miejsce dla wielbicieli zbalansowanych wywarów i wysokiej jakości składników, choć opinie na temat tekstury makaronu i gęstości bulionu bywają zróżnicowane.","Pon: 11:00 AM – 4:00 PM, 5:00 – 10:00 PM | Wt: 11:00 AM – 4:00 PM, 5:00 – 10:00 PM | Śr: 11:00 AM – 4:00 PM, 5:00 – 10:00 PM | Czw: 11:00 AM – 4:00 PM, 5:00 – 10:00 PM | Pt: 11:00 AM – 4:00 PM, 5:00 – 10:00 PM | Sob: 11:00 AM – 4:00 PM, 5:00 – 10:00 PM | Ndz: 11:00 AM – 4:00 PM, 5:00 – 10:00 PM",3.9,9.8,https://www.google.com/maps/search/?api=1&query=1st+FL%2C+Mercury+Ville%2C+Khwaeng+Lumphini%2C+Pathum+Wan%2C+Krung+Thep+Maha+Nakhon+10330%2C+Thailand&query_place_id=ChIJJTKtFi-f4jARTIGU5wp21no
Wagyu Sukiyaki Yuna2,"171 Room B03, Yuna Restaurants Sukhumvit 11 Klongtoey, Nua, เขตวัฒนา กรุงเทพมหานคร 10110, Thailand","171 Room B03, Yuna Restaurants Sukhumvit 11 Klongtoey, Nua, เขตวัฒนา กรุงเทพมหานคร 10110, Thailand",Japońska,Sukhumvit,,4.8,793,"Wagyu Sukiyaki Yuna2 to stylowa restauracja serwująca świeże sushi, wyśmienitego węgorza oraz wysokiej jakości wołowinę wagyu. Miejsce wyróżnia się nowoczesnym wystrojem i pomocną obsługą, która chętnie dostosowuje dania do życzeń klientów, przygotowując np. wegetariańskie sukiyaki w uroczych, małych kociołkach.",Pon: 11:00 AM – 4:30 AM | Wt: 11:00 AM – 4:30 AM | Śr: 11:00 AM – 4:30 AM | Czw: 11:00 AM – 4:30 AM | Pt: 11:00 AM – 4:30 AM | Sob: 11:00 AM – 4:30 AM | Ndz: 11:00 AM – 2:30 AM,3.2,8.4,https://www.google.com/maps/search/?api=1&query=171+Room+B03%2C+Yuna+Restaurants+Sukhumvit+11+Klongtoey%2C+Nua%2C+%E0%B9%80%E0%B8%82%E0%B8%95%E0%B8%A7%E0%B8%B1%E0%B8%92%E0%B8%99%E0%B8%B2+%E0%B8%81%E0%B8%A3%E0%B8%B8%E0%B8%87%E0%B9%80%E0%B8%97%E0%B8%9E%E0%B8%A1%E0%B8%AB%E0%B8%B2%E0%B8%99%E0%B8%84%E0%B8%A3+10110%2C+Thailand&query_place_id=ChIJoYpwvjOf4jARAMLQG2Xzwwc
Kouchan Ramen,"15, ห้องเลขที่ 9, Khwaeng Khlong Tan Nuea, Watthana, Krung Thep Maha Nakhon 10110, Thailand","15, ห้องเลขที่ 9, Khwaeng Khlong Tan Nuea, Watthana, Krung Thep Maha Nakhon 10110, Thailand",Japońska,Watthana,,4.7,768,"Kouchan Ramen to lokal w stylu Nagahama, który wyróżnia się japońskim wystrojem oraz możliwością pełnej personalizacji dania, od stopnia twardości makaronu po poziom ostrości. Warto spróbować tu Signature Tonkotsu Ramen z sycącym dodatkiem cha shu lub smażonego ryżu Takana Cha han, korzystając z wygodnego systemu zamówień na specjalnych arkuszach. Choć opinie o intensywności bulionu są podzielone, restauracja przyciąga gośćmi dostępnymi zestawami lunchowymi i darmową wodą do picia.",Pon: 11:00 AM – 10:00 PM | Wt: 11:00 AM – 10:00 PM | Śr: 11:00 AM – 10:00 PM | Czw: 11:00 AM – 10:00 PM | Pt: 11:00 AM – 10:00 PM | Sob: 11:00 AM – 10:00 PM | Ndz: 11:00 AM – 10:00 PM,3.5,6.8,https://www.google.com/maps/search/?api=1&query=15%2C+%E0%B8%AB%E0%B9%89%E0%B8%AD%E0%B8%87%E0%B9%80%E0%B8%A5%E0%B8%82%E0%B8%97%E0%B8%B5%E0%B9%88+9%2C+Khwaeng+Khlong+Tan+Nuea%2C+Watthana%2C+Krung+Thep+Maha+Nakhon+10110%2C+Thailand&query_place_id=ChIJUTvYGwCf4jARp4qox-519ck
Tsu Japanese Restaurant,"JW Marriott Hotel 4 Sukhumvit Rd, Khwaeng Khlong Toei, Khet Khlong Toei, Krung Thep Maha Nakhon 10110, Thailand","JW Marriott Hotel 4 Sukhumvit Rd, Khwaeng Khlong Toei, Khet Khlong Toei, Krung Thep Maha Nakhon 10110, Thailand",Japońska,Sukhumvit,$$$$$,4.7,753,"Tsu w hotelu JW Marriott to elegancka restauracja serwująca autentyczną kuchnię japońską, która wyróżnia się wyśmienitą wołowiną Matsusaka Wagyu oraz wyjątkowo świeżym sashimi. Goście szczególnie chwalą niezwykle uważną obsługę oraz wysoką jakość dań, takich jak soczysta wieprzowina kurobuta czy chrupiące smażone ostrygi. To idealne miejsce na rodzinny posiłek lub kolację w formie bufetu, oferujące luksusową atmosferę i świetny stosunek jakości do ceny.","Pon: 11:30 AM – 2:30 PM, 5:30 – 10:00 PM | Wt: 11:30 AM – 2:30 PM, 5:30 – 10:00 PM | Śr: 11:30 AM – 2:30 PM, 5:30 – 10:00 PM | Czw: 11:30 AM – 2:30 PM, 5:30 – 10:00 PM | Pt: 11:30 AM – 2:30 PM, 5:30 – 10:00 PM | Sob: 11:30 AM – 3:00 PM, 5:30 – 10:00 PM | Ndz: 11:30 AM – 3:00 PM, 5:30 – 10:00 PM",3.2,8.9,https://www.google.com/maps/search/?api=1&query=JW+Marriott+Hotel+4+Sukhumvit+Rd%2C+Khwaeng+Khlong+Toei%2C+Khet+Khlong+Toei%2C+Krung+Thep+Maha+Nakhon+10110%2C+Thailand&query_place_id=ChIJW3-qd-ae4jARDVL7g9x4vnM
Sushi Masato,"3 22 Soi Sawatdi, Khwaeng Khlong Toei Nuea, Watthana, Krung Thep Maha Nakhon 10110, Thailand","3 22 Soi Sawatdi, Khwaeng Khlong Toei Nuea, Watthana, Krung Thep Maha Nakhon 10110, Thailand",Japońska,Watthana,$$$$$,4.8,733,"Sushi Masato to renomowana restauracja w Bangkoku specjalizująca się w luksusowym menu omakase, w którym warto spróbować wyjątkowo świeżego, maślanego toro oraz wysokiej jakości uni. Miejsce wyróżnia się bezpośrednią interakcją z japońskim szefem kuchni, który chętnie dzieli się wiedzą o sezonowych składnikach i dba o precyzyjne techniki przygotowania ryb. Ze względu na dużą popularność lokalu, konieczna jest wcześniejsza rezerwacja.","Pon: Closed | Wt: 12:00 – 2:00 PM, 5:00 – 10:00 PM | Śr: 12:00 – 2:00 PM, 5:00 – 10:00 PM | Czw: 12:00 – 2:00 PM, 5:00 – 10:00 PM | Pt: 12:00 – 2:00 PM, 5:00 – 10:00 PM | Sob: 12:00 – 2:00 PM, 5:00 – 10:00 PM | Ndz: 12:00 – 2:00 PM, 5:00 – 10:00 PM",3.1,7.1,https://www.google.com/maps/search/?api=1&query=3+22+Soi+Sawatdi%2C+Khwaeng+Khlong+Toei+Nuea%2C+Watthana%2C+Krung+Thep+Maha+Nakhon+10110%2C+Thailand&query_place_id=ChIJob7bn_2e4jARUP-ZMAVjLc8
Akira Back,"Bangkok Marriott Marquis Queen’s Park, 199 Sukhumvit Soi 22, Klong Ton, Khet Khlong Toei, Krung Thep Maha Nakhon 10110, Thailand","Bangkok Marriott Marquis Queen’s Park, 199 Sukhumvit Soi 22, Klong Ton, Khet Khlong Toei, Krung Thep Maha Nakhon 10110, Thailand",Japońska,Sukhumvit,,4.7,705,"Akira Back to elegancka restauracja łącząca smaki Japonii i Korei, która zachwyca stylowym, kameralnym wnętrzem oraz profesjonalną obsługą. Warto zamówić tu przede wszystkim kultową pizzę z tuńczykiem, duszone żebra wagyu oraz „shrimp popcorn”, które goście opisują jako kulinarne hity pełne smaku. Miejsce wyróżnia się wyjątkowo świeżymi składnikami oraz nowoczesnym podejściem do kuchni fusion, stanowiąc doskonały wybór na wyjątkową kolację z pięknym widokiem na miasto.","Pon: 5:30 – 11:00 PM | Wt: 5:30 – 11:00 PM | Śr: 5:30 – 11:00 PM | Czw: 12:00 – 2:30 PM, 5:30 – 11:00 PM | Pt: 12:00 – 2:30 PM, 5:30 – 11:00 PM | Sob: 12:00 – 2:30 PM, 5:30 – 11:00 PM | Ndz: 12:00 – 2:30 PM, 5:30 – 11:00 PM",3.5,7.4,https://www.google.com/maps/search/?api=1&query=Bangkok+Marriott+Marquis+Queen%E2%80%99s+Park%2C+199+Sukhumvit+Soi+22%2C+Klong+Ton%2C+Khet+Khlong+Toei%2C+Krung+Thep+Maha+Nakhon+10110%2C+Thailand&query_place_id=ChIJdZ8wAwOf4jARWGdeSBVyS-M
Japanese Kitchen Ant'z – Izakaya (Japanese-style Pub),"416/4 Soi Sukhumvit 55(Thonglor Klongton, Nua, เขตวัฒนา กรุงเทพมหานคร 10110, Thailand","416/4 Soi Sukhumvit 55(Thonglor Klongton, Nua, เขตวัฒนา กรุงเทพมหานคร 10110, Thailand",Japońska,Sukhumvit,,4.8,702,"Japanese Kitchen Ant’z to przytulna izakaya w Thonglor, której absolutnym hitem jest pieczony kurczak z sosem gravy, wyróżniający się chrupiącą skórką i soczystym mięsem. Warto spróbować także puszystego omletu z szczypiorkiem czosnkowym, frytek z masłem algowym oraz świeżego Salmon Ikura Oyakodon. Miejsce zachwyca domową atmosferą i niezwykle serdeczną obsługą, jednak ze względu na ograniczoną przestrzeń zaleca się wcześniejszą rezerwację.",Pon: 5:00 PM – 2:00 AM | Wt: 5:00 PM – 2:00 AM | Śr: 5:00 PM – 2:00 AM | Czw: 5:00 PM – 2:00 AM | Pt: 5:00 PM – 2:00 AM | Sob: 5:00 PM – 2:00 AM | Ndz: 5:00 PM – 2:00 AM,4.0,6.3,https://www.google.com/maps/search/?api=1&query=416%2F4+Soi+Sukhumvit+55%28Thonglor+Klongton%2C+Nua%2C+%E0%B9%80%E0%B8%82%E0%B8%95%E0%B8%A7%E0%B8%B1%E0%B8%92%E0%B8%99%E0%B8%B2+%E0%B8%81%E0%B8%A3%E0%B8%B8%E0%B8%87%E0%B9%80%E0%B8%97%E0%B8%9E%E0%B8%A1%E0%B8%AB%E0%B8%B2%E0%B8%99%E0%B8%84%E0%B8%A3+10110%2C+Thailand&query_place_id=ChIJg3ajJE2f4jARtZZWpdWH-uw
Tonchin Emsphere,"ห้องเลขที่ GH01, GI01 ชั้น G, 628 Sukhumvit Rd, Khwaeng Khlong Tan, Khet Khlong Toei, Krung Thep Maha Nakhon 10110, Thailand","ห้องเลขที่ GH01, GI01 ชั้น G, 628 Sukhumvit Rd, Khwaeng Khlong Tan, Khet Khlong Toei, Krung Thep Maha Nakhon 10110, Thailand",Japońska,Sukhumvit,,4.7,697,"Tonchin Emsphere to miejsce chwalone za wyśmienity bulion tonkotsu oraz ramen o idealnie sprężystym, „gumowym” makaronie, dostępny również w smacznej wersji wegańskiej. Warto zamówić flagowy „Signature Ramen”, który mimo przystępnej ceny wyróżnia się głębią smaku i wysoką jakością składników. Choć w godzinach szczytu jakość dodatków bywa zmienna, sprawna obsługa pomaga sprawnie zająć miejsce przy ograniczonej liczbie stolików.",Pon: 10:00 AM – 10:00 PM | Wt: 10:00 AM – 10:00 PM | Śr: 10:00 AM – 10:00 PM | Czw: 10:00 AM – 10:00 PM | Pt: 10:00 AM – 10:00 PM | Sob: 10:00 AM – 10:00 PM | Ndz: 10:00 AM – 10:00 PM,3.3,6.9,https://www.google.com/maps/search/?api=1&query=%E0%B8%AB%E0%B9%89%E0%B8%AD%E0%B8%87%E0%B9%80%E0%B8%A5%E0%B8%82%E0%B8%97%E0%B8%B5%E0%B9%88+GH01%2C+GI01+%E0%B8%8A%E0%B8%B1%E0%B9%89%E0%B8%99+G%2C+628+Sukhumvit+Rd%2C+Khwaeng+Khlong+Tan%2C+Khet+Khlong+Toei%2C+Krung+Thep+Maha+Nakhon+10110%2C+Thailand&query_place_id=ChIJXyNSRQCf4jARwC71pPutH4s
UMA UMA 博多うま馬-Asoke,"39/1 Soi Sukhumvit 23, Khwaeng Khlong Toei Nuea, Watthana, Krung Thep Maha Nakhon 10110, Thailand","39/1 Soi Sukhumvit 23, Khwaeng Khlong Toei Nuea, Watthana, Krung Thep Maha Nakhon 10110, Thailand",Japońska,Sukhumvit,$$$,4.4,679,"To autentyczne japońskie miejsce wyróżnia się doskonałymi zestawami lunchowymi oraz jednym z najlepszych w Bangkoku ryżem smażonym z wieprzowiną. Warto zamówić chrupiącego kurczaka nanban oraz ramen, do którego podawany jest świeży czosnek do samodzielnego wyciśnięcia. W menu znajdziemy także szaszłyki z ozora wołowego czy skóry kurczaka, choć należy przygotować się na to, że niektóre potrawy bywają dość tłuste.","Pon: 11:00 AM – 2:30 PM, 4:00 – 11:00 PM | Wt: 11:00 AM – 2:30 PM, 4:00 – 11:00 PM | Śr: 11:00 AM – 2:30 PM, 4:00 – 11:00 PM | Czw: 11:00 AM – 2:30 PM, 4:00 – 11:00 PM | Pt: 11:00 AM – 2:30 PM, 4:00 – 11:00 PM | Sob: 11:00 AM – 11:00 PM | Ndz: 11:00 AM – 10:00 PM",2.3,7.9,https://www.google.com/maps/search/?api=1&query=39%2F1+Soi+Sukhumvit+23%2C+Khwaeng+Khlong+Toei+Nuea%2C+Watthana%2C+Krung+Thep+Maha+Nakhon+10110%2C+Thailand&query_place_id=ChIJy2FYtOSe4jARm7XlfJjIbUY
Tensui,"33 Soi Sukhumvit 16, Khwaeng Khlong Toei, Khet Khlong Toei, Krung Thep Maha Nakhon 10110, Thailand","33 Soi Sukhumvit 16, Khwaeng Khlong Toei, Khet Khlong Toei, Krung Thep Maha Nakhon 10110, Thailand",Japońska,Sukhumvit,$$$$,4.5,644,"Tensui to autentyczna japońska restauracja, która zachwyca spokojną atmosferą, pięknym ogrodem oraz profesjonalną obsługą w tradycyjnych kimonach. Warto zamówić świeże sashimi, rozpływającą się w ustach wołowinę wagyu lub zupę w papierowym naczyniu, a szczególnie polecane są zestawy lunchowe o doskonałym stosunku jakości do ceny. To idealne miejsce na elegancką kolację z wielodaniowym menu kaiseki, które pozwala poczuć się jak w samej Japonii.","Pon: 11:30 AM – 2:00 PM, 5:30 – 10:00 PM | Wt: 11:30 AM – 2:00 PM, 5:30 – 10:00 PM | Śr: 11:30 AM – 2:00 PM, 5:30 – 10:00 PM | Czw: 11:30 AM – 2:00 PM, 5:30 – 10:00 PM | Pt: 11:30 AM – 2:00 PM, 5:30 – 10:00 PM | Sob: 11:30 AM – 2:00 PM, 5:30 – 10:00 PM | Ndz: 11:30 AM – 2:00 PM, 5:30 – 10:00 PM",3.1,8.0,https://www.google.com/maps/search/?api=1&query=33+Soi+Sukhumvit+16%2C+Khwaeng+Khlong+Toei%2C+Khet+Khlong+Toei%2C+Krung+Thep+Maha+Nakhon+10110%2C+Thailand&query_place_id=ChIJ927ngeKe4jARrWulru3zlks
Shichi Central Chidlom,"ชั้น 1, เซ็นทรัลชิดลม โซน public lane, แขวงลุมพินี เขตปทุมวัน กรุงเทพมหานคร 10330, Thailand","ชั้น 1, เซ็นทรัลชิดลม โซน public lane, แขวงลุมพินี เขตปทุมวัน กรุงเทพมหานคร 10330, Thailand",Japońska,,,4.8,615,"Shichi Central Chidlom to miejsce słynące z wyjątkowo świeżych dań kuchni japońskiej i przytulnej atmosfery, serwowanych w bardzo estetyczny sposób. Warto tu zamówić przede wszystkim sashimi, grillowanego łososia, unagi rice oraz chwalone przez gości sałatki i zestawy Sushi Engawa czy Shiromi. Restauracja wyróżnia się również miłą, uważną obsługą i uczciwym stosunkiem jakości do ceny.",Pon: 10:00 AM – 10:00 PM | Wt: 10:00 AM – 10:00 PM | Śr: 10:00 AM – 10:00 PM | Czw: 10:00 AM – 10:00 PM | Pt: 10:00 AM – 10:00 PM | Sob: 10:00 AM – 10:00 PM | Ndz: 10:00 AM – 10:00 PM,3.9,9.9,https://www.google.com/maps/search/?api=1&query=%E0%B8%8A%E0%B8%B1%E0%B9%89%E0%B8%99+1%2C+%E0%B9%80%E0%B8%8B%E0%B9%87%E0%B8%99%E0%B8%97%E0%B8%A3%E0%B8%B1%E0%B8%A5%E0%B8%8A%E0%B8%B4%E0%B8%94%E0%B8%A5%E0%B8%A1+%E0%B9%82%E0%B8%8B%E0%B8%99+public+lane%2C+%E0%B9%81%E0%B8%82%E0%B8%A7%E0%B8%87%E0%B8%A5%E0%B8%B8%E0%B8%A1%E0%B8%9E%E0%B8%B4%E0%B8%99%E0%B8%B5+%E0%B9%80%E0%B8%82%E0%B8%95%E0%B8%9B%E0%B8%97%E0%B8%B8%E0%B8%A1%E0%B8%A7%E0%B8%B1%E0%B8%99+%E0%B8%81%E0%B8%A3%E0%B8%B8%E0%B8%87%E0%B9%80%E0%B8%97%E0%B8%9E%E0%B8%A1%E0%B8%AB%E0%B8%B2%E0%B8%99%E0%B8%84%E0%B8%A3+10330%2C+Thailand&query_place_id=ChIJv37Kf66f4jAR9EFcHBqyiVI
Kisso Japanese Restaurant,"259 Soi Sukhumvit 19, Khwaeng Khlong Toei Nuea, Watthana, Krung Thep Maha Nakhon 10110, Thailand","259 Soi Sukhumvit 19, Khwaeng Khlong Toei Nuea, Watthana, Krung Thep Maha Nakhon 10110, Thailand",Japońska,Sukhumvit,,4.6,549,"Casual, earth-toned hotel eatery offering cooked Japanese fare alongside sushi rolls & sake drinks.","Pon: 12:00 – 2:30 PM, 6:00 – 10:30 PM | Wt: 12:00 – 2:30 PM, 6:00 – 10:30 PM | Śr: 12:00 – 2:30 PM, 6:00 – 10:30 PM | Czw: 12:00 – 2:30 PM, 6:00 – 10:30 PM | Pt: 12:00 – 2:30 PM, 6:00 – 10:30 PM | Sob: 12:00 – 2:30 PM, 6:00 – 10:30 PM | Ndz: 12:00 – 2:30 PM, 6:00 – 10:30 PM",2.7,7.9,https://www.google.com/maps/search/?api=1&query=259+Soi+Sukhumvit+19%2C+Khwaeng+Khlong+Toei+Nuea%2C+Watthana%2C+Krung+Thep+Maha+Nakhon+10110%2C+Thailand&query_place_id=ChIJP_npluOe4jAR9WRY9XmeheM
Rockmen 69men,"44 11 Soi Akapat Sukhumvit 55 Rd, Khwaeng Khlong Tan Nuea, Watthana, Krung Thep Maha Nakhon 10110, Thailand","44 11 Soi Akapat Sukhumvit 55 Rd, Khwaeng Khlong Tan Nuea, Watthana, Krung Thep Maha Nakhon 10110, Thailand",Japońska,Sukhumvit,,4.5,547,"To miejsce w dzielnicy Thonglor wyróżnia się rzadko spotykanym w Bangkoku Niboshi Shoyu Ramen o głębokim aromacie suszonych sardynek oraz wyśmienitym Shio Ramen z rozpływającą się w ustach wieprzowiną. Goście doceniają idealną teksturę makaronu oraz wyjątkowo profesjonalną i pomocną obsługę, która chętnie doradza przy wyborze dań. Całość dopełnia jasne, czyste wnętrze oraz swobodna, przytulna atmosfera.","Pon: 12:00 – 3:00 PM, 6:00 PM – 12:00 AM | Wt: 12:00 – 3:00 PM, 6:00 – 9:00 PM | Śr: 12:00 – 3:00 PM, 6:00 PM – 12:00 AM | Czw: 12:00 – 3:00 PM, 6:00 PM – 12:00 AM | Pt: 12:00 – 3:00 PM, 6:00 PM – 12:00 AM | Sob: 12:00 PM – 12:00 AM | Ndz: 12:00 PM – 12:00 AM",3.7,6.4,https://www.google.com/maps/search/?api=1&query=44+11+Soi+Akapat+Sukhumvit+55+Rd%2C+Khwaeng+Khlong+Tan+Nuea%2C+Watthana%2C+Krung+Thep+Maha+Nakhon+10110%2C+Thailand&query_place_id=ChIJyxHkUZKf4jAROJ5gk1aHKXU
Banpuku Yokocho Rama 9,"12/1 Rama IX Rd, Khwaeng Huai Khwang, Khet Huai Khwang, Krung Thep Maha Nakhon 10310, Thailand","12/1 Rama IX Rd, Khwaeng Huai Khwang, Khet Huai Khwang, Krung Thep Maha Nakhon 10310, Thailand",Japońska,Huai Khwang,,4.6,546,"Banpuku Yokocho Rama 9 to klimatyczna izakaya z muzyką na żywo, położona zaledwie kilka minut od stacji metra, idealna na relaks po pracy. Goście szczególnie polecają świeże sushi, rozgrzewające kimchi nabe oraz ogromne drinki, w tym codzienne promocje na duże piwo Asahi. Miejsce wyróżnia się przytulną, kameralną atmosferą oraz wyjątkowo uprzejmą i sprawną obsługą.",Pon: 5:00 PM – 1:00 AM | Wt: 5:00 PM – 1:00 AM | Śr: 5:00 PM – 1:00 AM | Czw: 5:00 PM – 1:00 AM | Pt: 5:00 PM – 1:00 AM | Sob: 5:00 PM – 1:00 AM | Ndz: 5:00 PM – 1:00 AM,0.4,9.7,https://www.google.com/maps/search/?api=1&query=12%2F1+Rama+IX+Rd%2C+Khwaeng+Huai+Khwang%2C+Khet+Huai+Khwang%2C+Krung+Thep+Maha+Nakhon+10310%2C+Thailand&query_place_id=ChIJr67N0fqf4jARB-HBSWiXP1o
Yamazato,"57 Thanon Witthayu, Khwaeng Lumphini, Pathum Wan, Krung Thep Maha Nakhon 10330, Thailand","57 Thanon Witthayu, Khwaeng Lumphini, Pathum Wan, Krung Thep Maha Nakhon 10330, Thailand",Japońska,Pathum Wan,,4.5,530,"Yamazato to jedna z najlepszych japońskich restauracji w Bangkoku, zachwycająca autentycznym smakiem oraz wyjątkową świeżością składników, takich jak sashimi czy rozpływająca się w ustach wołowina wagyu przyrządzana na grillu teppanyaki. Miejsce wyróżnia się mistrzowską prezentacją dań, profesjonalną obsługą oraz eleganckim wystrojem z pięknym widokiem z 24. piętra, co czyni je idealnym wyborem na wyrafinowany lunch lub kolację.","Pon: 6:00 – 10:30 AM, 11:30 AM – 2:30 PM, 6:00 – 10:30 PM | Wt: 6:00 – 10:30 AM, 11:30 AM – 2:30 PM, 6:00 – 10:30 PM | Śr: 6:00 – 10:30 AM, 11:30 AM – 2:30 PM, 6:00 – 10:30 PM | Czw: 6:00 – 10:30 AM, 11:30 AM – 2:30 PM, 6:00 – 10:30 PM | Pt: 6:00 – 10:30 AM, 11:30 AM – 2:30 PM, 6:00 – 10:30 PM | Sob: 6:00 – 10:30 AM, 11:30 AM – 2:30 PM, 6:00 – 10:30 PM | Ndz: 6:00 – 10:30 AM, 11:30 AM – 2:30 PM, 6:00 – 10:30 PM",3.7,9.3,https://www.google.com/maps/search/?api=1&query=57+Thanon+Witthayu%2C+Khwaeng+Lumphini%2C+Pathum+Wan%2C+Krung+Thep+Maha+Nakhon+10330%2C+Thailand&query_place_id=ChIJ73g189ye4jARp7aiVovKf9c
Fuego,"ตึก The Taste Thonglor ชั้น 2 Soi Thong Lo, Khwaeng Khlong Tan Nuea, Watthana, Krung Thep Maha Nakhon 10110, Thailand","ตึก The Taste Thonglor ชั้น 2 Soi Thong Lo, Khwaeng Khlong Tan Nuea, Watthana, Krung Thep Maha Nakhon 10110, Thailand",Japońska,Thonglor,,4.7,489,"Fuego to wyróżnione w przewodniku Michelin miejsce oferujące kreatywną fuzję kuchni hiszpańskiej i japońskiej, którą można podziwiać dzięki tętniącej życiem otwartej kuchni. Goście szczególnie polecają tost z ankimo (wątrobą żabnicy), manchego z truflą oraz orzeźwiający koktajl Bonita Mochi. Lokal wyróżnia się elegancką, a jednocześnie swobodną atmosferą i wyjątkowo profesjonalną obsługą, co czyni go idealnym wyborem na celebrację specjalnych okazji.",Pon: 6:00 PM – 12:00 AM | Wt: 6:00 PM – 12:00 AM | Śr: 6:00 PM – 12:00 AM | Czw: 6:00 PM – 12:00 AM | Pt: 6:00 PM – 12:00 AM | Sob: 6:00 PM – 12:00 AM | Ndz: 6:00 PM – 12:00 AM,4.0,6.2,https://www.google.com/maps/search/?api=1&query=%E0%B8%95%E0%B8%B6%E0%B8%81+The+Taste+Thonglor+%E0%B8%8A%E0%B8%B1%E0%B9%89%E0%B8%99+2+Soi+Thong+Lo%2C+Khwaeng+Khlong+Tan+Nuea%2C+Watthana%2C+Krung+Thep+Maha+Nakhon+10110%2C+Thailand&query_place_id=ChIJN7fHY7Gf4jAR8jjTD8UA81k
Tsubaki Japanese Restaurant RAMA9椿日本料理,"29/11-12 Soonvijai Aly, Rama 9 Road, Bang Kapi Subdistrict, แขวงบางกะปิ เขตห้วยขวาง กรุงเทพมหานคร 10310, Thailand","29/11-12 Soonvijai Aly, Rama 9 Road, Bang Kapi Subdistrict, แขวงบางกะปิ เขตห้วยขวาง กรุงเทพมหานคร 10310, Thailand",Japońska,Rama 9,,4.6,416,"Tsubaki Japanese Restaurant RAMA9 to popularne miejsce na bufet, które słynie z szerokiego wyboru świeżego łososia, shabu, sushi oraz ramenu w przystępnych cenach. Goście doceniają autentyczną atmosferę, orzeźwiające smoothie owocowe i wyjątkowo miłą obsługę, a dodatkowym atutem jest dostępny dla klientów parking. Ze względu na duże zainteresowanie, warto zarezerwować stolik z wyprzedzeniem poprzez profil restauracji na Facebooku.",Pon: 5:00 PM – 2:00 AM | Wt: 5:00 PM – 2:00 AM | Śr: 5:00 PM – 2:00 AM | Czw: 5:00 PM – 2:00 AM | Pt: 5:00 PM – 2:00 AM | Sob: 5:00 PM – 2:00 AM | Ndz: 5:00 PM – 2:00 AM,0.8,9.7,https://www.google.com/maps/search/?api=1&query=29%2F11-12+Soonvijai+Aly%2C+Rama+9+Road%2C+Bang+Kapi+Subdistrict%2C+%E0%B9%81%E0%B8%82%E0%B8%A7%E0%B8%87%E0%B8%9A%E0%B8%B2%E0%B8%87%E0%B8%81%E0%B8%B0%E0%B8%9B%E0%B8%B4+%E0%B9%80%E0%B8%82%E0%B8%95%E0%B8%AB%E0%B9%89%E0%B8%A7%E0%B8%A2%E0%B8%82%E0%B8%A7%E0%B8%B2%E0%B8%87+%E0%B8%81%E0%B8%A3%E0%B8%B8%E0%B8%87%E0%B9%80%E0%B8%97%E0%B8%9E%E0%B8%A1%E0%B8%AB%E0%B8%B2%E0%B8%99%E0%B8%84%E0%B8%A3+10310%2C+Thailand&query_place_id=ChIJbej8P1Cf4jARsmttz6rqC-A
Ramen Tenyo,"155/8-9 Soi Sukhumvit 11/1, Khwaeng Khlong Toei Nuea, Watthana, Krung Thep Maha Nakhon 10110, Thailand","155/8-9 Soi Sukhumvit 11/1, Khwaeng Khlong Toei Nuea, Watthana, Krung Thep Maha Nakhon 10110, Thailand",Japońska,Sukhumvit,,4.7,401,"Ta przytulna izakaya w Bangkoku słynie z autentycznego ramenu z regionu Kansai (szczególnie wieprzowego i pikantnego wołowego) oraz popularnego odenu i gyozy. Warto zamówić tu mniejszą porcję ze względu na bardzo duże rozmiary misek oraz spróbować niedrogiego lanego piwa lub szerokiego wyboru sake. Miejsce wyróżnia się wysoką jakością mięsa, bogatą ofertą dodatków oraz wygodnym systemem zamawiania przez kod QR.",Pon: 11:00 AM – 3:00 AM | Wt: 11:00 AM – 3:00 AM | Śr: 11:00 AM – 3:00 AM | Czw: 11:00 AM – 3:00 AM | Pt: 11:00 AM – 3:00 AM | Sob: 11:00 AM – 3:00 AM | Ndz: 11:00 AM – 3:00 AM,3.0,8.2,https://www.google.com/maps/search/?api=1&query=155%2F8-9+Soi+Sukhumvit+11%2F1%2C+Khwaeng+Khlong+Toei+Nuea%2C+Watthana%2C+Krung+Thep+Maha+Nakhon+10110%2C+Thailand&query_place_id=ChIJO4tExk-f4jAREQjMdMIT1m0
Osaka Ohsho (Central World) 6 Floor,"Pathum Wan, Bangkok 10330, Thailand","Pathum Wan, Bangkok 10330, Thailand",Japońska,Pathum Wan,,4.7,378,"Osaka Ohsho to idealne miejsce na wyśmienite pierożki gyoza serwowane w wielu wariantach, a także chrupiącego kurczaka i aromatyczne Buta Garlic podawane na gorącym talerzu. Restauracja wyróżnia się szybką obsługą oraz bardzo korzystnym stosunkiem jakości do ceny, oferując m.in. bogate zestawy combo i nielimitowane dolewki napojów.",Pon: 10:30 AM – 10:00 PM | Wt: 10:30 AM – 10:00 PM | Śr: 10:30 AM – 10:00 PM | Czw: 10:30 AM – 10:00 PM | Pt: 10:30 AM – 10:00 PM | Sob: 10:30 AM – 10:00 PM | Ndz: 10:30 AM – 10:00 PM,4.0,10.5,https://www.google.com/maps/search/?api=1&query=Pathum+Wan%2C+Bangkok+10330%2C+Thailand&query_place_id=ChIJzeHjsECf4jARDOgHLayO3XE
Dai Ramen - ดาอิ ราเมน สาขา เหม่งจ๋าย,"593 อาคาร ลุมพินี วิลล์ ศูนย์วัฒนธรรม 1 Pracha Uthit Rd, Khwaeng Samsen Nok, Khet Huai Khwang, Krung Thep Maha Nakhon 10310, Thailand","593 อาคาร ลุมพินี วิลล์ ศูนย์วัฒนธรรม 1 Pracha Uthit Rd, Khwaeng Samsen Nok, Khet Huai Khwang, Krung Thep Maha Nakhon 10310, Thailand",Japońska,Huai Khwang,,5.0,361,"Dai Ramen to miejsce z pysznym ramenem w przystępnych cenach, które wyróżnia się świetną atmosferą oraz wyjątkowo przyjazną i szybką obsługą. Klienci doceniają zróżnicowane smaki serwowanych dań, podkreślając, że wysoka jakość jedzenia jest w pełni warta swojej ceny.",Pon: 11:00 AM – 10:00 PM | Wt: 11:00 AM – 10:00 PM | Śr: 11:00 AM – 10:00 PM | Czw: 11:00 AM – 10:00 PM | Pt: 11:00 AM – 12:00 AM | Sob: 11:00 AM – 12:00 AM | Ndz: 11:00 AM – 10:00 PM,3.6,11.9,https://www.google.com/maps/search/?api=1&query=593+%E0%B8%AD%E0%B8%B2%E0%B8%84%E0%B8%B2%E0%B8%A3+%E0%B8%A5%E0%B8%B8%E0%B8%A1%E0%B8%9E%E0%B8%B4%E0%B8%99%E0%B8%B5+%E0%B8%A7%E0%B8%B4%E0%B8%A5%E0%B8%A5%E0%B9%8C+%E0%B8%A8%E0%B8%B9%E0%B8%99%E0%B8%A2%E0%B9%8C%E0%B8%A7%E0%B8%B1%E0%B8%92%E0%B8%99%E0%B8%98%E0%B8%A3%E0%B8%A3%E0%B8%A1+1+Pracha+Uthit+Rd%2C+Khwaeng+Samsen+Nok%2C+Khet+Huai+Khwang%2C+Krung+Thep+Maha+Nakhon+10310%2C+Thailand&query_place_id=ChIJVUSk1oCf4jARPdQKb24LufU
Wagyu Volcano bangna,"Debaratna Rd, Bang Na Nuea, Khet Bang Na, Krung Thep Maha Nakhon 10260, Thailand","Debaratna Rd, Bang Na Nuea, Khet Bang Na, Krung Thep Maha Nakhon 10260, Thailand",Japońska,Bang Na,,4.9,333,"Wagyu Volcano wyróżnia się potrawami grillowanymi na węglu binchotan o wyjątkowym aromacie, a w szczególności soczystym wagyu hamburg steak oraz pyszną picanha beef bowl. Klienci polecają spróbowanie autorskich sosów, zwłaszcza czosnkowego yakiniku, doceniając przy tym wysoką jakość składników i profesjonalną obsługę. Dodatkowym atutem miejsca jest dostępność bezpłatnego parkingu przez cztery godziny.",Pon: 11:00 AM – 9:00 PM | Wt: 11:00 AM – 9:00 PM | Śr: 11:00 AM – 9:00 PM | Czw: 11:00 AM – 9:00 PM | Pt: 11:00 AM – 9:00 PM | Sob: 11:00 AM – 9:00 PM | Ndz: 11:00 AM – 9:00 PM,13.4,3.5,https://www.google.com/maps/search/?api=1&query=Debaratna+Rd%2C+Bang+Na+Nuea%2C+Khet+Bang+Na%2C+Krung+Thep+Maha+Nakhon+10260%2C+Thailand&query_place_id=ChIJkSKQo3JfHTERZ9Xus7g1kr0
Ramen Tei (Soi 39 branch),"77 Soi Sukhumvit 39, Khwaeng Khlong Tan Nuea, Watthana, Krung Thep Maha Nakhon 10110, Thailand","77 Soi Sukhumvit 39, Khwaeng Khlong Tan Nuea, Watthana, Krung Thep Maha Nakhon 10110, Thailand",Japońska,Sukhumvit,$$$,4.4,295,"Ramen Tei to jedna z najstarszych restauracji w Bangkoku serwująca sycącą kuchnię japońsko-chińską w stylu Yokohama, wyróżniająca się ogromnymi porcjami i sprawną obsługą z darmową dolewką herbaty. Warto zamówić tu Miso Spicy Ramen, grillowaną gyozę lub smażonego kurczaka, ciesząc się autentyczną atmosferą tworzoną przez otwartą kuchnię i liczną japońską klientelę.",Pon: 10:30 AM – 10:30 PM | Wt: 10:30 AM – 10:30 PM | Śr: 10:30 AM – 10:30 PM | Czw: 10:30 AM – 10:30 PM | Pt: 10:30 AM – 10:30 PM | Sob: 10:30 AM – 10:30 PM | Ndz: 10:30 AM – 10:30 PM,2.1,7.8,https://www.google.com/maps/search/?api=1&query=77+Soi+Sukhumvit+39%2C+Khwaeng+Khlong+Tan+Nuea%2C+Watthana%2C+Krung+Thep+Maha+Nakhon+10110%2C+Thailand&query_place_id=ChIJ213WSPie4jARXkKHmaN51HQ
RAMEN KAISUGI Bangkok,"39 Soi Sukhumvit 33, Dangudom, แขวงคลองตันเหนือ เขตวัฒนา กรุงเทพมหานคร 10110, Thailand","39 Soi Sukhumvit 33, Dangudom, แขวงคลองตันเหนือ เขตวัฒนา กรุงเทพมหานคร 10110, Thailand",Japońska,Sukhumvit,,4.6,259,"RAMEN KAISUGI to minimalistyczne miejsce słynące z wyrazistego, bogatego w umami ramenu, w tym wyjątkowo cenionych opcji wegańskich, takich jak Vegan Cream Ramen czy DanDan Noodles. Goście szczególnie polecają Spicy Miso Ramen, gyozę oraz zestawy lunchowe, doceniając przy tym sprawną obsługę i serwowaną do posiłku zieloną herbatę. To idealny wybór dla miłośników intensywnych, słonych smaków, jednak warto uważać na wysoki poziom ostrości wybranych dań.",Pon: 11:00 AM – 11:30 PM | Wt: 11:00 AM – 11:30 PM | Śr: 11:00 AM – 11:30 PM | Czw: 11:00 AM – 11:30 PM | Pt: 11:00 AM – 11:30 PM | Sob: 11:00 AM – 11:30 PM | Ndz: 11:00 AM – 11:30 PM,3.0,7.4,https://www.google.com/maps/search/?api=1&query=39+Soi+Sukhumvit+33%2C+Dangudom%2C+%E0%B9%81%E0%B8%82%E0%B8%A7%E0%B8%87%E0%B8%84%E0%B8%A5%E0%B8%AD%E0%B8%87%E0%B8%95%E0%B8%B1%E0%B8%99%E0%B9%80%E0%B8%AB%E0%B8%99%E0%B8%B7%E0%B8%AD+%E0%B9%80%E0%B8%82%E0%B8%95%E0%B8%A7%E0%B8%B1%E0%B8%92%E0%B8%99%E0%B8%B2+%E0%B8%81%E0%B8%A3%E0%B8%B8%E0%B8%87%E0%B9%80%E0%B8%97%E0%B8%9E%E0%B8%A1%E0%B8%AB%E0%B8%B2%E0%B8%99%E0%B8%84%E0%B8%A3+10110%2C+Thailand&query_place_id=ChIJrUYs1Xuf4jARDnd40CFUUAE
Sababa Mediterranean Izakaya,"53 S. Torsak Khwaeng Khlong Tan Nuea, Watthana, Krung Thep Maha Nakhon 10110, Thailand","53 S. Torsak Khwaeng Khlong Tan Nuea, Watthana, Krung Thep Maha Nakhon 10110, Thailand",Japońska,Watthana,,4.8,252,"Sababa Mediterranean Izakaya to eleganckie i przyjazne zwierzętom miejsce o domowej atmosferze, które wyróżnia się innowacyjnym podejściem do świeżych składników. Warto zamówić tu przede wszystkim tartę tatin z jabłkami oraz tatara z tuńczyka, choć należy przygotować się na dość wysokie ceny i niewielkie porcje dań. To świetny punkt na kolację z przyjaciółmi, doceniany za serdeczną obsługę i wyjątkowy, przytulny klimat.",Pon: Closed | Wt: 3:00 – 11:00 PM | Śr: 3:00 – 11:00 PM | Czw: 3:00 – 11:00 PM | Pt: 3:00 PM – 12:00 AM | Sob: 3:00 PM – 12:00 AM | Ndz: 12:00 – 11:00 PM,3.5,6.7,https://www.google.com/maps/search/?api=1&query=53+S.+Torsak+Khwaeng+Khlong+Tan+Nuea%2C+Watthana%2C+Krung+Thep+Maha+Nakhon+10110%2C+Thailand&query_place_id=ChIJXbT5OQCf4jARYgE488vV-Uk
Honobono Ramen,"633 Sukhumvit 103 Rd, Khwaeng Bang Chak, Khet Phra Khanong, Krung Thep Maha Nakhon 10260, Thailand","633 Sukhumvit 103 Rd, Khwaeng Bang Chak, Khet Phra Khanong, Krung Thep Maha Nakhon 10260, Thailand",Japońska,Sukhumvit,,4.7,248,"To autentyczne miejsce serwuje tradycyjny ramen z bogatym wywarem, w którym szczególną uwagę zwraca wyjątkowo delikatna pierś z kurczaka oraz pyszne gyoza. Lokal wyróżnia się kameralną atmosferą z miejscami przy ladzie i bardzo przyjazną obsługą, oferując wysoką jakość dań w przystępnej cenie wraz z bezpłatnym parkingiem.",Pon: 11:00 AM – 8:00 PM | Wt: 11:00 AM – 8:00 PM | Śr: 11:00 AM – 8:00 PM | Czw: 11:00 AM – 8:00 PM | Pt: 11:00 AM – 8:00 PM | Sob: 11:00 AM – 8:00 PM | Ndz: 11:00 AM – 8:00 PM,12.9,3.1,https://www.google.com/maps/search/?api=1&query=633+Sukhumvit+103+Rd%2C+Khwaeng+Bang+Chak%2C+Khet+Phra+Khanong%2C+Krung+Thep+Maha+Nakhon+10260%2C+Thailand&query_place_id=ChIJdSBCFABfHTER2StD4EwDMC4
Yurijin Izakaya & Japanese Dining,"Thanon Ratchadaphisek, ดินแดง Khet Din Daeng, Krung Thep Maha Nakhon 10400, Thailand","Thanon Ratchadaphisek, ดินแดง Khet Din Daeng, Krung Thep Maha Nakhon 10400, Thailand",Japońska,Din Daeng,,4.7,236,"To miejsce serwuje autentyczne dania japońskie w rozsądnych cenach, w tym wyjątkowo świeże sushi, sake oraz kurczaka namban. Restauracja wyróżnia się przyjemną atmosferą z muzyką na żywo i ogródkiem, a goście mogą obserwować kucharzy przy pracy dzięki otwartemu stanowisku „chef station”. Jest to idealny lokal zarówno na spotkanie w grupie, jak i na romantyczną randkę.",Pon: 11:30 AM – 11:00 PM | Wt: 11:30 AM – 11:00 PM | Śr: 11:30 AM – 11:00 PM | Czw: 11:30 AM – 11:00 PM | Pt: 11:30 AM – 11:00 PM | Sob: 12:00 – 11:00 PM | Ndz: 12:00 – 11:00 PM,1.1,10.5,https://www.google.com/maps/search/?api=1&query=Thanon+Ratchadaphisek%2C+%E0%B8%94%E0%B8%B4%E0%B8%99%E0%B9%81%E0%B8%94%E0%B8%87+Khet+Din+Daeng%2C+Krung+Thep+Maha+Nakhon+10400%2C+Thailand&query_place_id=ChIJ65-DIEWf4jARQGBAS4vFor8
otsu izakaya おつ (โอสึ),"248, 6 Debaratna Rd, Khwaeng Bang Na, Khet Bang Na, Krung Thep Maha Nakhon 10260, Thailand","248, 6 Debaratna Rd, Khwaeng Bang Na, Khet Bang Na, Krung Thep Maha Nakhon 10260, Thailand",Japońska,Bang Na,,4.9,234,"Otsu Izakaya to przytulny lokal wyróżniający się nowoczesnym wystrojem i fenomenalnymi szaszłykami z grilla węglowego, zwłaszcza z boczku, ryby saba oraz serc i udek kurczaka. Warto spróbować również sycącego kociołka ryżowego z owocami morza, gulaszu wieprzowego z ramenem oraz świeżego sashimi z unikalnym sosem sezamowym miso. Miejsce oferuje relaksującą atmosferę z dobrą muzyką i gościnną obsługą, idealną na spokojną kolację przy zimnym piwie.",Pon: Closed | Wt: 5:00 PM – 12:30 AM | Śr: 5:00 PM – 12:30 AM | Czw: 5:00 PM – 12:30 AM | Pt: 5:00 PM – 12:30 AM | Sob: 5:00 PM – 1:30 AM | Ndz: 5:00 PM – 1:30 AM,13.0,3.1,https://www.google.com/maps/search/?api=1&query=248%2C+6+Debaratna+Rd%2C+Khwaeng+Bang+Na%2C+Khet+Bang+Na%2C+Krung+Thep+Maha+Nakhon+10260%2C+Thailand&query_place_id=ChIJfwYQx5dfHTER2aAXx6vPIsg
Sho Ryu Ramen (Sukhumvit 66/1),"107 1 ซอย สุขุมวิท 66/1 Bang Na Nuea, Khet Bang Na, Krung Thep Maha Nakhon 10260, Thailand","107 1 ซอย สุขุมวิท 66/1 Bang Na Nuea, Khet Bang Na, Krung Thep Maha Nakhon 10260, Thailand",Japońska,Bang Na,,4.9,213,"Sho Ryu Ramen to prawdziwa perełka serwująca ramen z rzemieślniczą pasją, który wyróżnia się bogatym, głębokim w smaku wywarem oraz idealnie sprężystym makaronem. To doskonałe miejsce na późny posiłek w przystępnej cenie, chwalone przez gości za dopracowane składniki oraz sprawną obsługę.",Pon: 12:00 PM – 4:30 AM | Wt: 12:00 PM – 4:30 AM | Śr: 12:00 PM – 4:30 AM | Czw: 12:00 PM – 4:30 AM | Pt: 12:00 PM – 4:30 AM | Sob: 12:00 PM – 4:30 AM | Ndz: 12:00 PM – 4:30 AM,11.3,1.6,https://www.google.com/maps/search/?api=1&query=107+1+%E0%B8%8B%E0%B8%AD%E0%B8%A2+%E0%B8%AA%E0%B8%B8%E0%B8%82%E0%B8%B8%E0%B8%A1%E0%B8%A7%E0%B8%B4%E0%B8%97+66%2F1+Bang+Na+Nuea%2C+Khet+Bang+Na%2C+Krung+Thep+Maha+Nakhon+10260%2C+Thailand&query_place_id=ChIJk1ylh2Gh4jARfDTThrP2PJs
寿司庭Sushi Niwa Bangkok,"39/5 Soi Ruam Rudi 2, Khwaeng Lumphini, Pathum Wan, Krung Thep Maha Nakhon 10330, Thailand","39/5 Soi Ruam Rudi 2, Khwaeng Lumphini, Pathum Wan, Krung Thep Maha Nakhon 10330, Thailand",Japońska,Pathum Wan,,4.5,211,"Sushi Niwa Bangkok oferuje luksusowe doświadczenie omakase oparte na świeżych składnikach sprowadzanych prosto z Japonii, wśród których szczególnym uznaniem cieszą się sushi oraz uni. Miejsce wyróżnia się kreatywnością szefa kuchni oraz unikalną, multimedialną oprawą „team lab” na blatach, która nadaje posiłkowi nowoczesny i niezapomniany charakter. To idealny wybór na specjalne okazje, chwalony za autentyczną atmosferę oraz troskliwą obsługę pomagającą w tłumaczeniu menu.","Pon: 12:00 – 2:30 PM, 5:30 – 10:00 PM | Wt: 12:00 – 2:30 PM, 5:30 – 10:00 PM | Śr: 12:00 – 2:30 PM, 5:30 – 10:00 PM | Czw: 12:00 – 2:30 PM, 5:30 – 10:00 PM | Pt: 12:00 – 2:30 PM, 5:30 – 10:00 PM | Sob: 12:00 – 2:30 PM, 5:30 – 10:00 PM | Ndz: 12:00 – 2:30 PM, 5:30 – 10:00 PM",3.9,9.6,https://www.google.com/maps/search/?api=1&query=39%2F5+Soi+Ruam+Rudi+2%2C+Khwaeng+Lumphini%2C+Pathum+Wan%2C+Krung+Thep+Maha+Nakhon+10330%2C+Thailand&query_place_id=ChIJr2BoZd6e4jARGN0coXj_YCI
MISO RAMEN CHIKURA BKK / Ramen Restaurant,"595 /9 Soi Sukhumvit 33/1, Khwaeng Khlong Tan Nuea, Watthana, Krung Thep Maha Nakhon 10110, Thailand","595 /9 Soi Sukhumvit 33/1, Khwaeng Khlong Tan Nuea, Watthana, Krung Thep Maha Nakhon 10110, Thailand",Japońska,Sukhumvit,,4.6,196,"To popularne wśród Japończyków miejsce wyróżnia się wyjątkowo gęstym, kremowym i intensywnym w smaku bulionem, szczególnie polecanym w daniach Spicy Scallion Miso oraz tsukemen. Warto zamówić tutejsze gyoza z unikalnym sosem i wybrać miejsce przy barze, aby z bliska obserwować proces opalania mięsa chashu. Szybka obsługa i autentyczne smaki sprawiają, że to doskonały wybór dla miłośników sycącego ramenu.",Pon: 11:00 AM – 10:00 PM | Wt: 11:00 AM – 10:00 PM | Śr: 11:00 AM – 10:00 PM | Czw: 11:00 AM – 10:00 PM | Pt: 11:00 AM – 10:00 PM | Sob: 11:00 AM – 10:00 PM | Ndz: 11:00 AM – 10:00 PM,3.6,6.7,https://www.google.com/maps/search/?api=1&query=595+%2F9+Soi+Sukhumvit+33%2F1%2C+Khwaeng+Khlong+Tan+Nuea%2C+Watthana%2C+Krung+Thep+Maha+Nakhon+10110%2C+Thailand&query_place_id=ChIJ240sp1af4jARKW1TmG954W4
麺屋 NARUTO กรุงเทพ สุขุมวิท ราเมง,"No, 9 สุขุมวิท 26 Khlongtun, เขตคลองเตย กรุงเทพมหานคร 10110, Thailand","No, 9 สุขุมวิท 26 Khlongtun, เขตคลองเตย กรุงเทพมหานคร 10110, Thailand",Japońska,,,4.3,177,"Ta autentyczna ramenownia w stylu Hokkaido słynie z wyrazistego miso ramen, pikantnych wariantów oraz sycącego Jiro Ramen z górą warzyw, czosnku i grubym makaronem. Goście szczególnie polecają soczysty boczek (pork belly), chrupiące pierożki gyoza oraz buta kimchi, chwaląc przy tym smaki porównywalne do tych w Japonii. Miejsce wyróżnia się darmową wodą dla klientów oraz przystępnymi cenami, a na deser warto zamówić lody z brązowym cukrem.",Pon: 11:30 AM – 12:00 AM | Wt: 11:30 AM – 12:00 AM | Śr: 11:30 AM – 12:00 AM | Czw: 11:30 AM – 12:00 AM | Pt: 11:30 AM – 12:00 AM | Sob: 11:30 AM – 12:00 AM | Ndz: 11:30 AM – 12:00 AM,3.8,6.3,https://www.google.com/maps/search/?api=1&query=No%2C+9+%E0%B8%AA%E0%B8%B8%E0%B8%82%E0%B8%B8%E0%B8%A1%E0%B8%A7%E0%B8%B4%E0%B8%97+26+Khlongtun%2C+%E0%B9%80%E0%B8%82%E0%B8%95%E0%B8%84%E0%B8%A5%E0%B8%AD%E0%B8%87%E0%B9%80%E0%B8%95%E0%B8%A2+%E0%B8%81%E0%B8%A3%E0%B8%B8%E0%B8%87%E0%B9%80%E0%B8%97%E0%B8%9E%E0%B8%A1%E0%B8%AB%E0%B8%B2%E0%B8%99%E0%B8%84%E0%B8%A3+10110%2C+Thailand&query_place_id=ChIJf4T_Xzmf4jAROJcovGHy6HI
SHOYU STAND,"ชั้น M, The Commons Thonglor, แขวง คลองตัน, Watthana, Krung Thep Maha Nakhon 10110, Thailand","ชั้น M, The Commons Thonglor, แขวง คลองตัน, Watthana, Krung Thep Maha Nakhon 10110, Thailand",Japońska,Thonglor,,4.5,176,"SHOYU STAND przyciąga miłośników ramenu swoim flagowym Shoyu Ramen, który wyróżnia się sprężystym makaronem al dente oraz esencjonalnym bulionem o głębokim smaku umami z lekką nutą słodyczy. W kameralnej atmosferze lokalu goście mogą obserwować proces przygotowywania dań, doceniając wysoką jakość składników, takich jak perfekcyjnie ugotowane jajko czy delikatne chashu. To idealne miejsce na prosty, autentyczny posiłek serwowany przez przyjazną obsługę w samym sercu Bangkoku.",Pon: 11:00 AM – 10:00 PM | Wt: 11:00 AM – 10:00 PM | Śr: 11:00 AM – 10:00 PM | Czw: 11:00 AM – 10:00 PM | Pt: 11:00 AM – 10:00 PM | Sob: 11:00 AM – 10:00 PM | Ndz: 11:00 AM – 10:00 PM,4.0,6.6,https://www.google.com/maps/search/?api=1&query=%E0%B8%8A%E0%B8%B1%E0%B9%89%E0%B8%99+M%2C+The+Commons+Thonglor%2C+%E0%B9%81%E0%B8%82%E0%B8%A7%E0%B8%87+%E0%B8%84%E0%B8%A5%E0%B8%AD%E0%B8%87%E0%B8%95%E0%B8%B1%E0%B8%99%2C+Watthana%2C+Krung+Thep+Maha+Nakhon+10110%2C+Thailand&query_place_id=ChIJCaNrAMqf4jARiBDtNxl_KBA
TEN-SHOW Live Kitchen / Japanese Cuisine Restaurant,"12Soi Sukhumvit 24, Sukhumvit Rd.,, Khlong Toei 12 Soi Sukhumvit 24, Khwaeng Khlong Tan, Khet Khlong Toei, Krung Thep Maha Nakhon 10110, Thailand","12Soi Sukhumvit 24, Sukhumvit Rd.,, Khlong Toei 12 Soi Sukhumvit 24, Khwaeng Khlong Tan, Khet Khlong Toei, Krung Thep Maha Nakhon 10110, Thailand",Japońska,Sukhumvit,,4.8,171,"Ta autentyczna japońska restauracja w dzielnicy Phrom Phong oferuje unikalne doświadczenie „live kitchen”, podczas którego można obserwować szefa kuchni przygotowującego sushi bezpośrednio przy barze. Goście szczególnie polecają tempurę z węgorza, luksusowy ramen (wymagający wcześniejszej rezerwacji) oraz bardzo obfite zestawy obiadowe, które ze względu na wielkość warto zamawiać do dzielenia się. Miejsce wyróżnia się świeżością składników na poziomie premium, hojnymi porcjami uni oraz dbałością o estetykę podania dań.","Pon: Closed | Wt: 11:30 AM – 2:30 PM, 5:30 – 10:00 PM | Śr: 11:30 AM – 2:30 PM, 5:30 – 10:00 PM | Czw: 11:30 AM – 2:30 PM, 5:30 – 10:00 PM | Pt: 11:30 AM – 2:30 PM, 5:30 – 10:00 PM | Sob: 11:30 AM – 2:30 PM, 5:30 – 10:00 PM | Ndz: 11:30 AM – 2:30 PM, 5:30 – 10:00 PM",3.9,6.6,https://www.google.com/maps/search/?api=1&query=12Soi+Sukhumvit+24%2C+Sukhumvit+Rd.%2C%2C+Khlong+Toei+12+Soi+Sukhumvit+24%2C+Khwaeng+Khlong+Tan%2C+Khet+Khlong+Toei%2C+Krung+Thep+Maha+Nakhon+10110%2C+Thailand&query_place_id=ChIJLRVFjHWf4jARYiH1cIDj64o
Kozue Omakase Thonglor,"Town Hall Sukhumvit 49, Khwaeng Khlong Tan Nuea, Watthana, Krung Thep Maha Nakhon 10110, Thailand","Town Hall Sukhumvit 49, Khwaeng Khlong Tan Nuea, Watthana, Krung Thep Maha Nakhon 10110, Thailand",Japońska,Sukhumvit,,4.7,171,"Kozue Omakase Thonglor to eleganckie i kameralne miejsce, które wyróżnia się wyjątkowo świeżymi składnikami oraz doskonałym stosunkiem jakości do ceny. Warto spróbować szczególnie polecanego przez gości uni z chlebem węglowym (charcoal bread), serwowanego przez doświadczonego i niezwykle przyjaznego szefa kuchni. Restauracja idealnie nadaje się na specjalne okazje, oferując dopracowane wizualnie dania oraz gościnną atmosferę sprzyjającą świętowaniu.",Pon: 12:00 – 10:00 PM | Wt: 12:00 – 10:00 PM | Śr: 12:00 – 10:00 PM | Czw: 12:00 – 10:00 PM | Pt: 12:00 – 10:00 PM | Sob: 12:00 – 10:00 PM | Ndz: 12:00 – 10:00 PM,3.5,6.4,https://www.google.com/maps/search/?api=1&query=Town+Hall+Sukhumvit+49%2C+Khwaeng+Khlong+Tan+Nuea%2C+Watthana%2C+Krung+Thep+Maha+Nakhon+10110%2C+Thailand&query_place_id=ChIJ71-DLCKf4jARrmU8bZU4X9w
Yoki Sushi & Japanese Fusion,"29/1 ถนน สุขุมวิท 101/1 Khwaeng Bang Chak, Khet Phra Khanong, Krung Thep Maha Nakhon 10260, Thailand","29/1 ถนน สุขุมวิท 101/1 Khwaeng Bang Chak, Khet Phra Khanong, Krung Thep Maha Nakhon 10260, Thailand",Japońska,Phra Khanong,,4.3,166,"To miejsce wyróżnia się świeżymi składnikami i wyjątkowym, rozpływającym się w ustach łososiem oraz chwalonym przez gości zapiekanym sushi (baked sushi). Restauracja oferuje bogate menu w przystępnych cenach, w tym darmową zieloną herbatę i dolewki zupy, a także atrakcyjne zniżki na pojedyncze porcje sushi. Całość dopełnia przyjazna obsługa, przytulne wnętrze oraz dostępny dla klientów parking.",Pon: 12:00 – 10:00 PM | Wt: 12:00 – 10:00 PM | Śr: 12:00 – 10:00 PM | Czw: 12:00 – 10:00 PM | Pt: 12:00 – 10:00 PM | Sob: 12:00 – 10:00 PM | Ndz: 12:00 – 10:00 PM,10.8,0.9,https://www.google.com/maps/search/?api=1&query=29%2F1+%E0%B8%96%E0%B8%99%E0%B8%99+%E0%B8%AA%E0%B8%B8%E0%B8%82%E0%B8%B8%E0%B8%A1%E0%B8%A7%E0%B8%B4%E0%B8%97+101%2F1+Khwaeng+Bang+Chak%2C+Khet+Phra+Khanong%2C+Krung+Thep+Maha+Nakhon+10260%2C+Thailand&query_place_id=ChIJj81xbAKg4jARcBtH4kgC4P8
Lust Ramen One Udomsuk - โครงการ วัน อุดมสุข,"38 Soi Panittha, Bang Na Nuea, Khet Bang Na, Krung Thep Maha Nakhon 10260, Thailand","38 Soi Panittha, Bang Na Nuea, Khet Bang Na, Krung Thep Maha Nakhon 10260, Thailand",Japońska,Bang Na,,4.7,161,"Lust Ramen to miejsce oferujące świetny stosunek jakości do ceny, gdzie warto spróbować kremowego Tonkotsu, pikantnego Hell Ramen lub chrupiącego kurczaka karaage. Menu wyróżnia się także smacznym Pork Teriyaki Don oraz opcjami wegańskimi, takimi jak ramen grzybowy czy pomidorowy, a wszystko to serwowane jest w czystym lokalu z przyjemną atmosferą.",Pon: 10:00 AM – 10:00 PM | Wt: 10:00 AM – 10:00 PM | Śr: 10:00 AM – 10:00 PM | Czw: 10:00 AM – 10:00 PM | Pt: 10:00 AM – 10:00 PM | Sob: 10:00 AM – 10:00 PM | Ndz: 10:00 AM – 10:00 PM,11.2,1.4,https://www.google.com/maps/search/?api=1&query=38+Soi+Panittha%2C+Bang+Na+Nuea%2C+Khet+Bang+Na%2C+Krung+Thep+Maha+Nakhon+10260%2C+Thailand&query_place_id=ChIJzwWhisOh4jARv4cv_neCMS4
Maison Mizuki,"189 Sukhumvit Rd, Khwaeng Khlong Toei Nuea, Watthana, Krung Thep Maha Nakhon 10110, Thailand","189 Sukhumvit Rd, Khwaeng Khlong Toei Nuea, Watthana, Krung Thep Maha Nakhon 10110, Thailand",Japońska,Sukhumvit,,4.9,151,"Maison Mizuki to jedna z najlepszych restauracji japońskich w Bangkoku, wyróżniająca się wyjątkowo świeżym sashimi o grubych cięciach (szczególnie otoro i chutoro) oraz doskonale przyrządzoną wołowiną wagyu. Warto zamówić zestaw sushi MaiZon, salmon lava lub sezonowe specjały, takie jak soba z truflami i małżami hotate, a wizytę dopełnić drinkiem z fantastycznego baru. Goście chwalą miejsce za wysoką jakość składników, przyjemną atmosferę oraz niezwykłą gościnność personelu.",Pon: 5:00 PM – 1:00 AM | Wt: 5:00 PM – 1:00 AM | Śr: 5:00 PM – 1:00 AM | Czw: 5:00 PM – 1:00 AM | Pt: 5:00 PM – 1:00 AM | Sob: 5:00 PM – 1:00 AM | Ndz: 5:00 PM – 1:00 AM,2.8,8.1,https://www.google.com/maps/search/?api=1&query=189+Sukhumvit+Rd%2C+Khwaeng+Khlong+Toei+Nuea%2C+Watthana%2C+Krung+Thep+Maha+Nakhon+10110%2C+Thailand&query_place_id=ChIJVWipRHWf4jARVdX7OBFiR9c
Hachicken Ramen (Emsphere),"GM Floor, 628 ถ. สุขุมวิท แขวงคลองตัน เขตคลองเตย กรุงเทพมหานคร 10110, Thailand","GM Floor, 628 ถ. สุขุมวิท แขวงคลองตัน เขตคลองเตย กรุงเทพมหานคร 10110, Thailand",Japońska,,,4.5,150,"Hachicken Ramen to miejsce słynące z wyśmienitego, aromatycznego, a zarazem lekkiego bulionu drobiowego paitan, który klienci polecają szczególnie w wersji shio (solnej) z dodatkiem kurczaka i kaczki. Lokal wyróżnia się błyskawiczną i niezwykle uprzejmą obsługą oraz doskonałym stosunkiem jakości do ceny, oferując także smaczne przystawki, takie jak karaage czy spring rollsy. Mimo niewielkiej przestrzeni w centrum handlowym, restauracja uznawana jest za jeden z najlepszych punktów z ramenem w Bangkoku.",Pon: 10:00 AM – 9:30 PM | Wt: 10:00 AM – 9:30 PM | Śr: 10:00 AM – 9:30 PM | Czw: 10:00 AM – 9:30 PM | Pt: 10:00 AM – 9:30 PM | Sob: 10:00 AM – 9:30 PM | Ndz: 10:00 AM – 9:30 PM,3.3,6.9,https://www.google.com/maps/search/?api=1&query=GM+Floor%2C+628+%E0%B8%96.+%E0%B8%AA%E0%B8%B8%E0%B8%82%E0%B8%B8%E0%B8%A1%E0%B8%A7%E0%B8%B4%E0%B8%97+%E0%B9%81%E0%B8%82%E0%B8%A7%E0%B8%87%E0%B8%84%E0%B8%A5%E0%B8%AD%E0%B8%87%E0%B8%95%E0%B8%B1%E0%B8%99+%E0%B9%80%E0%B8%82%E0%B8%95%E0%B8%84%E0%B8%A5%E0%B8%AD%E0%B8%87%E0%B9%80%E0%B8%95%E0%B8%A2+%E0%B8%81%E0%B8%A3%E0%B8%B8%E0%B8%87%E0%B9%80%E0%B8%97%E0%B8%9E%E0%B8%A1%E0%B8%AB%E0%B8%B2%E0%B8%99%E0%B8%84%E0%B8%A3+10110%2C+Thailand&query_place_id=ChIJExzDT0uf4jARl-6W4oG-AoQ
縁 Yukari Japanese restaurant,"14/2 Soi Sukhumvit 33, Khwaeng Khlong Tan Nuea, Watthana, Krung Thep Maha Nakhon 10110, Thailand","14/2 Soi Sukhumvit 33, Khwaeng Khlong Tan Nuea, Watthana, Krung Thep Maha Nakhon 10110, Thailand",Japońska,Sukhumvit,,4.9,134,"To doskonałe miejsce na kolację, słynące z dużych porcji oraz świeżych dań, takich jak znakomity ramen, yakisoba czy onigiri z grillowanym serem. Restauracja wyróżnia się swobodną atmosferą i bardzo miłą obsługą, która sprawnie serwuje aromatyczne potrawy i pyszne desery, np. lody matcha mochi.",Pon: 3:30 – 11:15 PM | Wt: 3:30 – 11:15 PM | Śr: 3:30 – 11:15 PM | Czw: 3:30 – 11:15 PM | Pt: 3:30 – 11:15 PM | Sob: 12:00 – 11:15 PM | Ndz: 12:00 – 11:15 PM,3.1,7.1,https://www.google.com/maps/search/?api=1&query=14%2F2+Soi+Sukhumvit+33%2C+Khwaeng+Khlong+Tan+Nuea%2C+Watthana%2C+Krung+Thep+Maha+Nakhon+10110%2C+Thailand&query_place_id=ChIJiZPQNACf4jARvE8BNl9jPwg
Hashiri,"61 Thanon Witthayu, Khwaeng Lumphini, Pathum Wan, Krung Thep Maha Nakhon 10330, Thailand","61 Thanon Witthayu, Khwaeng Lumphini, Pathum Wan, Krung Thep Maha Nakhon 10330, Thailand",Japońska,Pathum Wan,,4.6,128,"Hashiri to elegancka restauracja japońska słynąca z dopracowanego menu degustacyjnego w przystępnej cenie, w którym szczególną uwagę zwracają soba z abalone (awabi) oraz soczysty stek Wagyu A4 Picanha. Goście polecają również zestawy lunchowe z sukiyaki lub tofu oraz maki z krabem i przegrzebkami, podkreślając przy tym wysoką jakość świeżych składników. Miejsce wyróżnia się wyjątkowo serdeczną, uważną obsługą oraz estetycznym sposobem podania wszystkich potraw.","Pon: 11:30 AM – 2:30 PM, 6:00 – 10:00 PM | Wt: Closed | Śr: 11:30 AM – 2:30 PM, 6:00 – 10:00 PM | Czw: 11:30 AM – 2:30 PM, 6:00 – 10:00 PM | Pt: 11:30 AM – 2:30 PM, 6:00 – 10:00 PM | Sob: 11:30 AM – 2:30 PM, 6:00 – 10:00 PM | Ndz: 11:30 AM – 2:30 PM, 6:00 – 10:00 PM",3.7,9.4,https://www.google.com/maps/search/?api=1&query=61+Thanon+Witthayu%2C+Khwaeng+Lumphini%2C+Pathum+Wan%2C+Krung+Thep+Maha+Nakhon+10330%2C+Thailand&query_place_id=ChIJ_6tIbeqf4jARKRiQmCjgQtE
TOMOFUKU RAMEN,"2 Khwaeng Khlong Toei Nuea, Watthana, Krung Thep Maha Nakhon 10110, Thailand","2 Khwaeng Khlong Toei Nuea, Watthana, Krung Thep Maha Nakhon 10110, Thailand",Japońska,Watthana,,4.3,67,"TOMOFUKU RAMEN, prowadzone przez cenionego szefa Sasadę, słynie z autorskiego shio ramen na bazie wywaru drobiowego oraz wyjątkowego tsukemenu z sosem ankimo (z wątroby żabnicy). Goście polecają również aromatyczne shio mala i ramen shoyu z nutą yuzu, choć należy liczyć się z wyższymi cenami oraz dodatkowymi opłatami za składniki takie jak jajko. Miejsce wyróżnia się unikalnymi kompozycjami smakowymi i miłą obsługą, mimo że porcje dla niektórych mogą być mało sycące.","Pon: Closed | Wt: 11:30 AM – 3:00 PM, 5:00 – 8:00 PM | Śr: 11:30 AM – 3:00 PM, 5:00 – 8:00 PM | Czw: 11:30 AM – 3:00 PM, 5:00 – 8:00 PM | Pt: 11:30 AM – 3:00 PM, 5:00 – 8:00 PM | Sob: 11:30 AM – 3:00 PM, 5:00 – 8:00 PM | Ndz: 11:30 AM – 3:00 PM, 5:00 – 8:00 PM",2.9,8.2,https://www.google.com/maps/search/?api=1&query=2+Khwaeng+Khlong+Toei+Nuea%2C+Watthana%2C+Krung+Thep+Maha+Nakhon+10110%2C+Thailand&query_place_id=ChIJy-T31Jyf4jAR7LmqjtVjAuE
Japanese Fusion Restaurant Ginsui / Sushi Restaurant,"Ambassador Hotel Bangkok, Share Space area 1 st Floor. no.171 Sukhunvit Road Sub - district, Klongtoey Nua, เขตวัฒนา กรุงเทพมหานคร 10110, Thailand","Ambassador Hotel Bangkok, Share Space area 1 st Floor. no.171 Sukhunvit Road Sub - district, Klongtoey Nua, เขตวัฒนา กรุงเทพมหานคร 10110, Thailand",Japońska,,,4.8,34,"To „ukryty klejnot” w Bangkoku, który wyróżnia się autentyczną kuchnią przygotowywaną przez doświadczonego szefa oraz niezwykle świeżymi rybami. Goście szczególnie polecają salmon Alaska roll, ume shiso pasta oraz sushi, które dosłownie rozpływa się w ustach, a wszystko to w bardzo przystępnych cenach i przy profesjonalnej obsłudze. Szukając najlepszych wrażeń, warto zdecydować się na miejsce bezpośrednio przy ladzie, by obserwować pracę kucharza.",Pon: 11:30 AM – 11:00 PM | Wt: 11:30 AM – 11:00 PM | Śr: 11:30 AM – 11:00 PM | Czw: 11:30 AM – 11:00 PM | Pt: 11:30 AM – 11:00 PM | Sob: 11:30 AM – 11:00 PM | Ndz: 11:30 AM – 11:00 PM,2.7,8.4,https://www.google.com/maps/search/?api=1&query=Ambassador+Hotel+Bangkok%2C+Share+Space+area+1+st+Floor.+no.171+Sukhunvit+Road+Sub+-+district%2C+Klongtoey+Nua%2C+%E0%B9%80%E0%B8%82%E0%B8%95%E0%B8%A7%E0%B8%B1%E0%B8%92%E0%B8%99%E0%B8%B2+%E0%B8%81%E0%B8%A3%E0%B8%B8%E0%B8%87%E0%B9%80%E0%B8%97%E0%B8%9E%E0%B8%A1%E0%B8%AB%E0%B8%B2%E0%B8%99%E0%B8%84%E0%B8%A3+10110%2C+Thailand&query_place_id=ChIJoeg1J2ef4jARox66-Wjhv4Q
MISO RAMEN CHIKURA,"อาคาร Young Place Soi Sukhumvit 23, Khwaeng Khlong Toei Nuea, Watthana, Krung Thep Maha Nakhon 10110, Thailand","อาคาร Young Place Soi Sukhumvit 23, Khwaeng Khlong Toei Nuea, Watthana, Krung Thep Maha Nakhon 10110, Thailand",Japońska,Sukhumvit,,4.5,13,"MISO RAMEN CHIKURA słynie z wyśmienitego „aged miso ramen” z bogatym bulionem i sprężystym makaronem, uznawanego przez gości za jeden z najlepszych w Tajlandii. Miejsce wyróżnia się niezwykle uprzejmą obsługą oraz faktem, że jest otwarte aż do 4 rano, co czyni je idealnym punktem na posiłek na zakończenie nocnego wyjścia. Klienci doceniają spokojną atmosferę oraz elastyczność kucharzy, którzy potrafią przygotować pyszne dania spoza karty, takie jak wegetariańska yakisoba.",Pon: 6:00 PM – 5:00 AM | Wt: 6:00 PM – 5:00 AM | Śr: 6:00 PM – 5:00 AM | Czw: 6:00 PM – 5:00 AM | Pt: 6:00 PM – 5:00 AM | Sob: 6:00 PM – 5:00 AM | Ndz: Closed,2.7,7.9,https://www.google.com/maps/search/?api=1&query=%E0%B8%AD%E0%B8%B2%E0%B8%84%E0%B8%B2%E0%B8%A3+Young+Place+Soi+Sukhumvit+23%2C+Khwaeng+Khlong+Toei+Nuea%2C+Watthana%2C+Krung+Thep+Maha+Nakhon+10110%2C+Thailand&query_place_id=ChIJVTCvAwCf4jAR7m8fRhixoCU
After You,"222, อาคารแพลทินัมแฟชั่นมอลล์, 512 Thanon Phetchaburi, แขวง ราชเทวี, เขต พญาไท, Krung Thep Maha Nakhon 10400, Thailand","222, อาคารแพลทินัมแฟชั่นมอลล์, 512 Thanon Phetchaburi, แขวง ราชเทวี, เขต พญาไท, Krung Thep Maha Nakhon 10400, Thailand",Kawiarnia,,$$$,4.4,1192,"After You to obowiązkowy punkt na kulinarnej mapie Bangkoku, słynący z doskonałych deserów takich jak maślane bułeczki Milk Bun, Shibuya honey toast oraz orzeźwiające kakigori o smaku mango sticky rice. Miejsce wyróżnia się szybką i niezwykle uprzejmą obsługą, a goście szczególnie polecają spróbowanie unikalnego Cheese Toast oraz tradycyjnej Thai tea. To idealna lokalizacja na słodki odpoczynek po zakupach, która zdaniem odwiedzających w pełni zasługuje na swoją wysoką renomę.",Pon: 10:00 AM – 9:00 PM | Wt: 10:00 AM – 9:00 PM | Śr: 10:00 AM – 9:00 PM | Czw: 10:00 AM – 9:00 PM | Pt: 10:00 AM – 9:00 PM | Sob: 10:00 AM – 9:00 PM | Ndz: 10:00 AM – 9:00 PM,3.8,11.0,https://www.google.com/maps/search/?api=1&query=222%2C+%E0%B8%AD%E0%B8%B2%E0%B8%84%E0%B8%B2%E0%B8%A3%E0%B9%81%E0%B8%9E%E0%B8%A5%E0%B8%97%E0%B8%B4%E0%B8%99%E0%B8%B1%E0%B8%A1%E0%B9%81%E0%B8%9F%E0%B8%8A%E0%B8%B1%E0%B9%88%E0%B8%99%E0%B8%A1%E0%B8%AD%E0%B8%A5%E0%B8%A5%E0%B9%8C%2C+512+Thanon+Phetchaburi%2C+%E0%B9%81%E0%B8%82%E0%B8%A7%E0%B8%87+%E0%B8%A3%E0%B8%B2%E0%B8%8A%E0%B9%80%E0%B8%97%E0%B8%A7%E0%B8%B5%2C+%E0%B9%80%E0%B8%82%E0%B8%95+%E0%B8%9E%E0%B8%8D%E0%B8%B2%E0%B9%84%E0%B8%97%2C+Krung+Thep+Maha+Nakhon+10400%2C+Thailand&query_place_id=ChIJgVNtYcuf4jARrMnjBoy0L7M
Guss Damn Good (True Digital Park),"ชั้น1 โครงการทรู ดิจิทัลพาร์ค เฟส1, 101 Sukhumvit Rd, Khwaeng Bang Chak, Khet Phra Khanong, Krung Thep Maha Nakhon 10260, Thailand","ชั้น1 โครงการทรู ดิจิทัลพาร์ค เฟส1, 101 Sukhumvit Rd, Khwaeng Bang Chak, Khet Phra Khanong, Krung Thep Maha Nakhon 10260, Thailand",Kawiarnia,Sukhumvit,,4.9,172,"Guss Damn Good oferuje szeroki wybór kreatywnych, autorskich smaków o intensywnym aromacie, wśród których klienci szczególnie polecają lody kawowe. Miejsce wyróżnia się wysoką jakością składników oraz wyjątkowo miłą i pomocną obsługą, co sprawia, że mimo nieco wyższych cen warto tu zajrzeć na szybki deser.",Pon: 10:00 AM – 10:00 PM | Wt: 10:00 AM – 10:00 PM | Śr: 10:00 AM – 10:00 PM | Czw: 10:00 AM – 10:00 PM | Pt: 10:00 AM – 10:00 PM | Sob: 10:00 AM – 10:00 PM | Ndz: 10:00 AM – 10:00 PM,10.8,0.9,https://www.google.com/maps/search/?api=1&query=%E0%B8%8A%E0%B8%B1%E0%B9%89%E0%B8%991+%E0%B9%82%E0%B8%84%E0%B8%A3%E0%B8%87%E0%B8%81%E0%B8%B2%E0%B8%A3%E0%B8%97%E0%B8%A3%E0%B8%B9+%E0%B8%94%E0%B8%B4%E0%B8%88%E0%B8%B4%E0%B8%97%E0%B8%B1%E0%B8%A5%E0%B8%9E%E0%B8%B2%E0%B8%A3%E0%B9%8C%E0%B8%84+%E0%B9%80%E0%B8%9F%E0%B8%AA1%2C+101+Sukhumvit+Rd%2C+Khwaeng+Bang+Chak%2C+Khet+Phra+Khanong%2C+Krung+Thep+Maha+Nakhon+10260%2C+Thailand&query_place_id=ChIJFRYCIIqh4jAR8IaJu0FaEP8
HEBE Plant Bar ไอศครีมฮีบี้ (Emquartier),"695 G floor, Sukhumvit Rd, Khwaeng Khlong Tan Nuea, Watthana, Krung Thep Maha Nakhon 10110, Thailand","695 G floor, Sukhumvit Rd, Khwaeng Khlong Tan Nuea, Watthana, Krung Thep Maha Nakhon 10110, Thailand",Kawiarnia,Sukhumvit,,4.9,170,"HEBE Plant Bar to wyjątkowy punkt w Bangkoku serwujący kremowe lody wegańskie o naturalnym składzie, bez sztucznych dodatków i bez dodatku cukru. Warto spróbować lodów pistacjowych z prawdziwymi orzechami, które dzięki doskonałej konsystencji i wyważonej słodyczy zachwycą nie tylko wegan, ale i miłośników tradycyjnych deserów. To idealne miejsce na lekki, orzeźwiający przysmak przygotowany z lokalnych składników, który smakiem w ogóle nie ustępuje produktom mlecznym.",Pon: 10:00 AM – 10:00 PM | Wt: 10:00 AM – 10:00 PM | Śr: 10:00 AM – 10:00 PM | Czw: 10:00 AM – 10:00 PM | Pt: 10:00 AM – 10:00 PM | Sob: 10:00 AM – 10:00 PM | Ndz: 10:00 AM – 10:00 PM,3.7,6.7,https://www.google.com/maps/search/?api=1&query=695+G+floor%2C+Sukhumvit+Rd%2C+Khwaeng+Khlong+Tan+Nuea%2C+Watthana%2C+Krung+Thep+Maha+Nakhon+10110%2C+Thailand&query_place_id=ChIJfeNfaWKf4jAR8j8J__8Ya4Y
Le Macaron,"189 Sukhumvit Rd, Khwaeng Khlong Toei Nuea, Watthana, Krung Thep Maha Nakhon 10110, Thailand","189 Sukhumvit Rd, Khwaeng Khlong Toei Nuea, Watthana, Krung Thep Maha Nakhon 10110, Thailand",Kawiarnia,Sukhumvit,,4.3,97,"Le Macaron to nowoczesna i spokojna cukiernia w hotelu Sofitel, słynąca z rzemieślniczych deserów, makaroników oraz chrupiących czekoladowych croissantów. Warto zamówić tu kawę Americano, która serwowana jest w wyjątkowym zestawie z canelé, ciastkiem i darmową wodą, lub spróbować orzeźwiającego kawowego slushy o konsystencji sorbetu. Miejsce wyróżnia się eleganckim wystrojem idealnym do obserwowania życia ulicy oraz profesjonalną i przyjazną obsługą.",Pon: 7:00 AM – 10:00 PM | Wt: 7:00 AM – 10:00 PM | Śr: 7:00 AM – 10:00 PM | Czw: 7:00 AM – 10:00 PM | Pt: 7:00 AM – 10:00 PM | Sob: 7:00 AM – 10:00 PM | Ndz: 7:00 AM – 10:00 PM,2.8,8.0,https://www.google.com/maps/search/?api=1&query=189+Sukhumvit+Rd%2C+Khwaeng+Khlong+Toei+Nuea%2C+Watthana%2C+Krung+Thep+Maha+Nakhon+10110%2C+Thailand&query_place_id=ChIJq3qx_-Oe4jAR-aOjXujm98c
Phuketique Bangkok,"759 Soi Thong Lo, Thonglor), Klongton-Nua, Watthana, Krung Thep Maha Nakhon 10110, Thailand","759 Soi Thong Lo, Thonglor), Klongton-Nua, Watthana, Krung Thep Maha Nakhon 10110, Thailand",Kawiarnia,Thonglor,,4.4,80,"Phuketique to obowiązkowy punkt dla miłośników słodkości, słynący z wyjątkowego, smażonego na maśle tostu z sosem z palonego karmelu i domowymi lodami waniliowymi. Choć ceny są wyższe, goście doceniają duże porcje oraz wysoką jakość składników, a jako prezent polecają zakup pakowanych ""flat toasts"". Miejsce wyróżnia się swobodną atmosferą i przyjazną obsługą, oferując dodatkowo strefę gier dla odwiedzających.",Pon: Closed | Wt: 12:00 – 10:30 PM | Śr: 12:00 – 10:30 PM | Czw: 12:00 – 10:30 PM | Pt: 12:00 – 10:30 PM | Sob: 12:00 – 10:30 PM | Ndz: 12:00 – 10:30 PM,3.3,7.4,https://www.google.com/maps/search/?api=1&query=759+Soi+Thong+Lo%2C+Thonglor%29%2C+Klongton-Nua%2C+Watthana%2C+Krung+Thep+Maha+Nakhon+10110%2C+Thailand&query_place_id=ChIJz8vBQJWf4jARN9k4jEn-drA
kanomsiam Emquartier (ขนมสยาม เอ็มควอเทียร์),"693, 695Sukhumvit Road, แขวงคลองตันเหนือ เขตวัฒนา กรุงเทพมหานคร 10110, Thailand","693, 695Sukhumvit Road, แขวงคลองตันเหนือ เขตวัฒนา กรุงเทพมหานคร 10110, Thailand",Kawiarnia,Sukhumvit,,4.7,62,"Kanomsiam w Emquartier słynie z tradycyjnych placuszków pandanowych (Pandan Sweetmelts) o unikalnej, sprężystej konsystencji i uroczych kształtach przypominających małe kwiaty. Warto zamówić także placuszki kukurydziane oraz warianty z nadzieniem z tajskiej herbaty mlecznej, które najlepiej smakują kupione na miejscu i zjedzone na świeżo. Miejsce to jest cenione za wysoką jakość deserów łączących tradycję z nowoczesnymi smakami.",Pon: 10:00 AM – 10:00 PM | Wt: 10:00 AM – 10:00 PM | Śr: 10:00 AM – 10:00 PM | Czw: 10:00 AM – 10:00 PM | Pt: 10:00 AM – 10:00 PM | Sob: 10:00 AM – 10:00 PM | Ndz: 10:00 AM – 10:00 PM,3.7,6.5,https://www.google.com/maps/search/?api=1&query=693%2C+695Sukhumvit+Road%2C+%E0%B9%81%E0%B8%82%E0%B8%A7%E0%B8%87%E0%B8%84%E0%B8%A5%E0%B8%AD%E0%B8%87%E0%B8%95%E0%B8%B1%E0%B8%99%E0%B9%80%E0%B8%AB%E0%B8%99%E0%B8%B7%E0%B8%AD+%E0%B9%80%E0%B8%82%E0%B8%95%E0%B8%A7%E0%B8%B1%E0%B8%92%E0%B8%99%E0%B8%B2+%E0%B8%81%E0%B8%A3%E0%B8%B8%E0%B8%87%E0%B9%80%E0%B8%97%E0%B8%9E%E0%B8%A1%E0%B8%AB%E0%B8%B2%E0%B8%99%E0%B8%84%E0%B8%A3+10110%2C+Thailand&query_place_id=ChIJKZbCQ1Wf4jARl2z7vUrvzas
DOYAJI Korean BBQ Buffet Asok โดยาจี อโศก 도야지 아속,"2nd Floor, 246 Sukhumvit Rd, Khwaeng Khlong Toei, Khet Khlong Toei, Krung Thep Maha Nakhon 10110, Thailand","2nd Floor, 246 Sukhumvit Rd, Khwaeng Khlong Toei, Khet Khlong Toei, Krung Thep Maha Nakhon 10110, Thailand",Koreańska,Sukhumvit,,4.9,3221,"DOYAJI to budżetowy bufet bez limitu czasowego, oferujący bogaty wybór dań, z których goście szczególnie polecają rolki z wodorostów oraz chrupiącą pizzę. Unikalnym udogodnieniem jest fakt, że obsługa samodzielnie grilluje mięsa (wieprzowinę i kurczaka) dla klientów, co pozwala w pełni cieszyć się szeroką gamą tradycyjnych przystawek, zup i kimbapu.",Pon: 11:00 AM – 10:30 PM | Wt: 11:00 AM – 10:30 PM | Śr: 11:00 AM – 10:30 PM | Czw: 11:00 AM – 10:30 PM | Pt: 11:00 AM – 10:30 PM | Sob: 11:00 AM – 10:30 PM | Ndz: 11:00 AM – 10:30 PM,2.9,7.9,https://www.google.com/maps/search/?api=1&query=2nd+Floor%2C+246+Sukhumvit+Rd%2C+Khwaeng+Khlong+Toei%2C+Khet+Khlong+Toei%2C+Krung+Thep+Maha+Nakhon+10110%2C+Thailand&query_place_id=ChIJmRkPaACf4jARyewh9Wqp940
The Tang 더탕 เดอะ ทัง _by Sura39,"595 Sukhumvit Rd, Khwaeng Khlong Tan Nuea, Watthana, Krung Thep Maha Nakhon 10110, Thailand","595 Sukhumvit Rd, Khwaeng Khlong Tan Nuea, Watthana, Krung Thep Maha Nakhon 10110, Thailand",Koreańska,Sukhumvit,,4.8,2362,"The Tang serwuje autentyczne dania kuchni koreańskiej w hojnych porcjach, a ich specjalnością jest pożywna, parzona przez siedem godzin zupa z kurczaka z żeń-szeniem oraz doskonale przyrządzona zupa wołowa z ryżem. To jasne i przytulne miejsce wyróżnia się niezwykle przyjazną obsługą oraz relaksującą atmosferą, idealną na spokojny i regenerujący lunch. Warto spróbować także orzeźwiającego makaronu gryczanego oraz pełnego smaku duszonego kurczaka na ostro.",Pon: 8:00 AM – 9:30 PM | Wt: 8:00 AM – 9:30 PM | Śr: 8:00 AM – 9:30 PM | Czw: 8:00 AM – 9:30 PM | Pt: 8:00 AM – 9:30 PM | Sob: 8:00 AM – 9:30 PM | Ndz: 8:00 AM – 9:30 PM,3.6,6.8,https://www.google.com/maps/search/?api=1&query=595+Sukhumvit+Rd%2C+Khwaeng+Khlong+Tan+Nuea%2C+Watthana%2C+Krung+Thep+Maha+Nakhon+10110%2C+Thailand&query_place_id=ChIJ8x4q516f4jAR61pr3LVRsaA
Dong E,"212/20, 1st Floor, Sukhumvit Plaza Soi 12 (Korean Town, ถ. สุขุมวิท แขวงคลองเตย เขตคลองเตย กรุงเทพมหานคร 10110, Thailand","212/20, 1st Floor, Sukhumvit Plaza Soi 12 (Korean Town, ถ. สุขุมวิท แขวงคลองเตย เขตคลองเตย กรุงเทพมหานคร 10110, Thailand",Koreańska,Sukhumvit,,4.9,2335,"Dong E to autentyczna koreańska restauracja słynąca z doskonałego BBQ, placków z owocami morza oraz zupy z pierożkami Tteok Mandutguk. Miejsce wyróżnia się nielimitowanymi, wysokiej jakości przystawkami z pysznym kimchi oraz wyjątkowo ciepłą i profesjonalną obsługą. To przytulny i czysty lokal w samym sercu Korean Town, oferujący znakomite jedzenie w przystępnych cenach.",Pon: 10:30 AM – 10:00 PM | Wt: 10:30 AM – 10:00 PM | Śr: 10:30 AM – 10:00 PM | Czw: 10:30 AM – 10:00 PM | Pt: 10:30 AM – 10:00 PM | Sob: 10:30 AM – 10:00 PM | Ndz: 10:30 AM – 10:00 PM,3.0,8.1,https://www.google.com/maps/search/?api=1&query=212%2F20%2C+1st+Floor%2C+Sukhumvit+Plaza+Soi+12+%28Korean+Town%2C+%E0%B8%96.+%E0%B8%AA%E0%B8%B8%E0%B8%82%E0%B8%B8%E0%B8%A1%E0%B8%A7%E0%B8%B4%E0%B8%97+%E0%B9%81%E0%B8%82%E0%B8%A7%E0%B8%87%E0%B8%84%E0%B8%A5%E0%B8%AD%E0%B8%87%E0%B9%80%E0%B8%95%E0%B8%A2+%E0%B9%80%E0%B8%82%E0%B8%95%E0%B8%84%E0%B8%A5%E0%B8%AD%E0%B8%87%E0%B9%80%E0%B8%95%E0%B8%A2+%E0%B8%81%E0%B8%A3%E0%B8%B8%E0%B8%87%E0%B9%80%E0%B8%97%E0%B8%9E%E0%B8%A1%E0%B8%AB%E0%B8%B2%E0%B8%99%E0%B8%84%E0%B8%A3+10110%2C+Thailand&query_place_id=ChIJox7O4eOe4jARMNBT7vmIDzY
Myeong Ga,"21216 สุขุมวิทพลาซ่า ซอย Sukhumvit 12, Khwaeng Khlong Toei, Khet Khlong Toei, Krung Thep Maha Nakhon 10110, Thailand","21216 สุขุมวิทพลาซ่า ซอย Sukhumvit 12, Khwaeng Khlong Toei, Khet Khlong Toei, Krung Thep Maha Nakhon 10110, Thailand",Koreańska,Sukhumvit,$$$,4.8,2261,"Myeong Ga to ceniona od lat restauracja serwująca autentyczne koreańskie smaki, w tym polecany boczek wieprzowy, kimbap oraz zupę soondobu. Miejsce wyróżnia się bogatym wyborem darmowych przystawek oraz profesjonalną obsługą, która wyręcza gości w grillowaniu mięsa bezpośrednio przy stoliku. To punkt obowiązkowy dla fanów koreańskiego BBQ, chwalony za świeżość składników i niezmienny od lat, wysokiej jakości smak.",Pon: 10:00 AM – 10:00 PM | Wt: 10:00 AM – 10:00 PM | Śr: 10:00 AM – 10:00 PM | Czw: 10:00 AM – 10:00 PM | Pt: 10:00 AM – 10:00 PM | Sob: 10:00 AM – 10:00 PM | Ndz: 10:00 AM – 10:00 PM,2.9,8.0,https://www.google.com/maps/search/?api=1&query=21216+%E0%B8%AA%E0%B8%B8%E0%B8%82%E0%B8%B8%E0%B8%A1%E0%B8%A7%E0%B8%B4%E0%B8%97%E0%B8%9E%E0%B8%A5%E0%B8%B2%E0%B8%8B%E0%B9%88%E0%B8%B2+%E0%B8%8B%E0%B8%AD%E0%B8%A2+Sukhumvit+12%2C+Khwaeng+Khlong+Toei%2C+Khet+Khlong+Toei%2C+Krung+Thep+Maha+Nakhon+10110%2C+Thailand&query_place_id=ChIJkTWS3eOe4jARauzDiBy263Y
Itaewon Shabu Buffet,"Thailand, Bangkok, Phra Khanong, Bangkok, Sukhumvit 103 Rd, Udomsuk Walk, Itaewon Shabu Buffet","Thailand, Bangkok, Phra Khanong, Bangkok, Sukhumvit 103 Rd, Udomsuk Walk, Itaewon Shabu Buffet",Koreańska,Sukhumvit,,4.8,2126,"Itaewon Shabu Buffet to koreańska restauracja oferująca nielimitowane shabu-shabu z bogatym wyborem świeżych mięs, owoców morza i warzyw w przystępnej cenie 299 THB (z napojami). Warto spróbować autentycznych dań, takich jak koreański smażony kurczak, kimbap czy tteokbokki, wybierając do zestawu jeden z kilku aromatycznych bulionów (np. kostny lub rybny). Miejsce wyróżnia się brakiem limitu czasowego, sprawną obsługą oraz klimatyzowaną salą i dużym parkingiem.",Pon: 11:00 AM – 10:00 PM | Wt: 11:00 AM – 10:00 PM | Śr: 11:00 AM – 10:00 PM | Czw: 11:00 AM – 10:00 PM | Pt: 11:00 AM – 10:00 PM | Sob: 11:00 AM – 10:00 PM | Ndz: 11:00 AM – 10:00 PM,13.3,3.4,https://www.google.com/maps/search/?api=1&query=Thailand%2C+Bangkok%2C+Phra+Khanong%2C+Bangkok%2C+Sukhumvit+103+Rd%2C+Udomsuk+Walk%2C+Itaewon+Shabu+Buffet&query_place_id=ChIJg7dExINfHTER3iW8S8n00wg
SURA Korean BBQ_by Korean Chef,"32/1 Soi Sukhumvit 39, Khwaeng Khlong Tan Nuea, Watthana, Krung Thep Maha Nakhon 10110, Thailand","32/1 Soi Sukhumvit 39, Khwaeng Khlong Tan Nuea, Watthana, Krung Thep Maha Nakhon 10110, Thailand",Koreańska,Sukhumvit,$$$,4.7,2028,"SURA Korean BBQ to autentyczna restauracja wyróżniająca się tradycyjnym grillowaniem na węglu drzewnym oraz rzadko spotykanymi daniami, takimi jak Kimchi Jjim, sycące zupy z tofu czy placki z owocami morza. Goście doceniają hojne porcje darmowych przystawek (banchan), przystępne ceny oraz ciepłą, gościnną atmosferę. To ukryty skarb Bangkoku, który oferuje wysoką jakość potraw i profesjonalną obsługę, idealną na nieformalną kolację.",Pon: 11:30 AM – 10:30 PM | Wt: 11:30 AM – 10:30 PM | Śr: 11:30 AM – 10:30 PM | Czw: 11:30 AM – 10:30 PM | Pt: 11:30 AM – 10:30 PM | Sob: 11:30 AM – 10:30 PM | Ndz: 11:30 AM – 10:30 PM,3.1,6.9,https://www.google.com/maps/search/?api=1&query=32%2F1+Soi+Sukhumvit+39%2C+Khwaeng+Khlong+Tan+Nuea%2C+Watthana%2C+Krung+Thep+Maha+Nakhon+10110%2C+Thailand&query_place_id=ChIJcQq1s_-e4jARN4ySRHpTidY
Doo Rae,"212 15 Sukhumvit Rd, Khwaeng Khlong Toei, Khet Khlong Toei, Krung Thep Maha Nakhon 10110, Thailand","212 15 Sukhumvit Rd, Khwaeng Khlong Toei, Khet Khlong Toei, Krung Thep Maha Nakhon 10110, Thailand",Koreańska,Sukhumvit,$$$,4.6,1741,"Doo Rae w Korean Town to autentyczna restauracja słynąca z doskonałych żeberek (marinated prime rib), zupy z tofu i małżami oraz bogatego wyboru darmowych przystawek i świeżych warzyw. Miejsce wyróżnia się profesjonalną obsługą, która wyręcza gości w grillowaniu mięsa i dba o wyjątkową czystość rusztu, regularnie go wymieniając. Warto spróbować tu także japchae lub gamjatang, ciesząc się smakami, które przyciągają nawet rodowitych Koreańczyków.",Pon: 11:00 AM – 10:00 PM | Wt: 11:00 AM – 10:00 PM | Śr: 11:00 AM – 10:00 PM | Czw: 11:00 AM – 10:00 PM | Pt: 11:00 AM – 10:00 PM | Sob: 11:00 AM – 10:00 PM | Ndz: 11:00 AM – 10:00 PM,2.9,8.0,https://www.google.com/maps/search/?api=1&query=212+15+Sukhumvit+Rd%2C+Khwaeng+Khlong+Toei%2C+Khet+Khlong+Toei%2C+Krung+Thep+Maha+Nakhon+10110%2C+Thailand&query_place_id=ChIJt-itk-Oe4jAR-7mgbaBJzlg
Factory Buffet,"308, ปาก Soi Udom Suk 26, Bang Na Nuea, Khet Bang Na, Krung Thep Maha Nakhon 10260, Thailand","308, ปาก Soi Udom Suk 26, Bang Na Nuea, Khet Bang Na, Krung Thep Maha Nakhon 10260, Thailand",Koreańska,Bang Na,$$$,4.8,1607,"Factory Buffet to popularny koreański grill, który wyróżnia się brakiem limitu czasowego oraz wyjątkowo kruchą wieprzowiną sezonowaną na sucho (dry-aged pork). Poza wysokiej jakości mięsem i owocami morza, warto spróbować bogatego wyboru tradycyjnych dodatków, przekąsek oraz zimnego makaronu. Goście doceniają to miejsce za świetny stosunek jakości do ceny oraz niezwykle profesjonalną i przyjazną obsługę.",Pon: 11:00 AM – 11:00 PM | Wt: 11:00 AM – 11:00 PM | Śr: 11:00 AM – 11:00 PM | Czw: 11:00 AM – 11:00 PM | Pt: 11:00 AM – 11:00 PM | Sob: 11:00 AM – 11:00 PM | Ndz: 11:00 AM – 11:00 PM,12.2,2.3,https://www.google.com/maps/search/?api=1&query=308%2C+%E0%B8%9B%E0%B8%B2%E0%B8%81+Soi+Udom+Suk+26%2C+Bang+Na+Nuea%2C+Khet+Bang+Na%2C+Krung+Thep+Maha+Nakhon+10260%2C+Thailand&query_place_id=ChIJq3dXXdZfHTERHYA_3hRTIfM
Jang Won,"212/8,-9-10 ชั้นที่ 1 Sukhumvit 12, Khwaeng Khlong Toei, Khet Khlong Toei, Krung Thep Maha Nakhon 10110, Thailand","212/8,-9-10 ชั้นที่ 1 Sukhumvit 12, Khwaeng Khlong Toei, Khet Khlong Toei, Krung Thep Maha Nakhon 10110, Thailand",Koreańska,Sukhumvit,$$$$,4.3,1605,"Spacious restaurant specializing in traditional, Korean-style BBQ with DIY tabletop charcoal grills.",Pon: 9:00 AM – 5:00 AM | Wt: 9:00 AM – 5:00 AM | Śr: 9:00 AM – 5:00 AM | Czw: 9:00 AM – 5:00 AM | Pt: 9:00 AM – 5:00 AM | Sob: 9:00 AM – 5:00 AM | Ndz: 9:00 AM – 5:00 AM,2.9,8.0,https://www.google.com/maps/search/?api=1&query=212%2F8%2C-9-10+%E0%B8%8A%E0%B8%B1%E0%B9%89%E0%B8%99%E0%B8%97%E0%B8%B5%E0%B9%88+1+Sukhumvit+12%2C+Khwaeng+Khlong+Toei%2C+Khet+Khlong+Toei%2C+Krung+Thep+Maha+Nakhon+10110%2C+Thailand&query_place_id=ChIJ69KL4-Oe4jARBhOsXE0BO_Q
KBBQ Sukhumvit,"เรสซิเดนเซส ชั้น 2 ถ. 12/497 อาคาร 15 สุขุมวิท Soi Sukhumvit 13, Khwaeng Khlong Toei Nuea, Watthana, Krung Thep Maha Nakhon 10110, Thailand","เรสซิเดนเซส ชั้น 2 ถ. 12/497 อาคาร 15 สุขุมวิท Soi Sukhumvit 13, Khwaeng Khlong Toei Nuea, Watthana, Krung Thep Maha Nakhon 10110, Thailand",Koreańska,Sukhumvit,$$$,4.7,1500,"Classic Korean barbecue dishes lie in store at this casual, industrial-style buffet restaurant.",Pon: 11:30 AM – 10:00 PM | Wt: 11:30 AM – 10:00 PM | Śr: 11:30 AM – 10:00 PM | Czw: 11:30 AM – 10:00 PM | Pt: 11:30 AM – 10:00 PM | Sob: 11:30 AM – 10:00 PM | Ndz: 11:30 AM – 10:00 PM,2.7,8.4,https://www.google.com/maps/search/?api=1&query=%E0%B9%80%E0%B8%A3%E0%B8%AA%E0%B8%8B%E0%B8%B4%E0%B9%80%E0%B8%94%E0%B8%99%E0%B9%80%E0%B8%8B%E0%B8%AA+%E0%B8%8A%E0%B8%B1%E0%B9%89%E0%B8%99+2+%E0%B8%96.+12%2F497+%E0%B8%AD%E0%B8%B2%E0%B8%84%E0%B8%B2%E0%B8%A3+15+%E0%B8%AA%E0%B8%B8%E0%B8%82%E0%B8%B8%E0%B8%A1%E0%B8%A7%E0%B8%B4%E0%B8%97+Soi+Sukhumvit+13%2C+Khwaeng+Khlong+Toei+Nuea%2C+Watthana%2C+Krung+Thep+Maha+Nakhon+10110%2C+Thailand&query_place_id=ChIJbykHRfSf4jARn2JYKm5ZdFM
Nene Korean BBQ Buffet,"332, 85 Soi Ratchadaphisek 3, Intersection 4, Khwaeng Din Daeng, Khet Din Daeng, Krung Thep Maha Nakhon 10400, Thailand","332, 85 Soi Ratchadaphisek 3, Intersection 4, Khwaeng Din Daeng, Khet Din Daeng, Krung Thep Maha Nakhon 10400, Thailand",Koreańska,Din Daeng,$$$,4.3,1255,"Laid-back buffet restaurant offering fried chicken, noodles, kimchi & ingredients for Korean BBQ.",Pon: 12:00 – 11:00 PM | Wt: 12:00 – 11:00 PM | Śr: 12:00 – 11:00 PM | Czw: 12:00 – 11:00 PM | Pt: 12:00 – 11:00 PM | Sob: 12:00 – 11:00 PM | Ndz: 12:00 – 11:00 PM,1.3,10.7,https://www.google.com/maps/search/?api=1&query=332%2C+85+Soi+Ratchadaphisek+3%2C+Intersection+4%2C+Khwaeng+Din+Daeng%2C+Khet+Din+Daeng%2C+Krung+Thep+Maha+Nakhon+10400%2C+Thailand&query_place_id=ChIJK4ukaY6e4jARlcxTABJW-qw
Banjoo Korean BBQ,"66/4,201 Mille Malle 2nd Fl, ซ. สุขุมวิท 20 Klong Toei, เขตคลองเตย กรุงเทพมหานคร 10110, Thailand","66/4,201 Mille Malle 2nd Fl, ซ. สุขุมวิท 20 Klong Toei, เขตคลองเตย กรุงเทพมหานคร 10110, Thailand",Koreańska,,$$$,4.5,1051,"Banjoo Korean BBQ wyróżnia się wysokiej jakości mięsem, w tym szczególnie polecanym antrykotem (striploin), który profesjonalna obsługa grilluje bezpośrednio przy stoliku gości. Warto spróbować także bibimbapu w gorącym naczyniu, tatara wołowego oraz aromatycznej zupy „secret stock”. To eleganckie miejsce idealne na spotkania towarzyskie, choć należy liczyć się z cenami nieco powyżej średniej.",Pon: 12:00 – 10:30 PM | Wt: 12:00 – 10:30 PM | Śr: 12:00 – 10:30 PM | Czw: 12:00 – 10:30 PM | Pt: 12:00 – 10:30 PM | Sob: 12:00 – 10:30 PM | Ndz: 12:00 – 10:30 PM,3.5,7.7,https://www.google.com/maps/search/?api=1&query=66%2F4%2C201+Mille+Malle+2nd+Fl%2C+%E0%B8%8B.+%E0%B8%AA%E0%B8%B8%E0%B8%82%E0%B8%B8%E0%B8%A1%E0%B8%A7%E0%B8%B4%E0%B8%97+20+Klong+Toei%2C+%E0%B9%80%E0%B8%82%E0%B8%95%E0%B8%84%E0%B8%A5%E0%B8%AD%E0%B8%87%E0%B9%80%E0%B8%95%E0%B8%A2+%E0%B8%81%E0%B8%A3%E0%B8%B8%E0%B8%87%E0%B9%80%E0%B8%97%E0%B8%9E%E0%B8%A1%E0%B8%AB%E0%B8%B2%E0%B8%99%E0%B8%84%E0%B8%A3+10110%2C+Thailand&query_place_id=ChIJr7zhLgOf4jARrInzdiVImKk
Seoul BBQ โซล บาร์บีคิว,"54, ตึกบีบี ชั้น2, 3203 Soi Asok, Khwaeng Khlong Toei Nuea, Watthana, Krung Thep Maha Nakhon 10110, Thailand","54, ตึกบีบี ชั้น2, 3203 Soi Asok, Khwaeng Khlong Toei Nuea, Watthana, Krung Thep Maha Nakhon 10110, Thailand",Koreańska,Watthana,,4.3,965,"Seoul BBQ to przystępny cenowo bufet oferujący szeroki wybór mięs i owoców morza, w tym popularny zestaw z wieprzowiną, krewetkami oraz różnorodnymi przyprawami. Miejsce wyróżnia się pomocną obsługą, która pomaga gościom w grillowaniu, a wśród dodatków warto spróbować koreańskiego smażonego kurczaka oraz sałatki ze szpinaku.",Pon: 11:00 AM – 10:30 PM | Wt: 11:00 AM – 10:30 PM | Śr: 11:00 AM – 10:30 PM | Czw: 11:00 AM – 10:30 PM | Pt: 11:00 AM – 10:30 PM | Sob: 11:00 AM – 10:30 PM | Ndz: 11:00 AM – 10:30 PM,1.8,8.4,https://www.google.com/maps/search/?api=1&query=54%2C+%E0%B8%95%E0%B8%B6%E0%B8%81%E0%B8%9A%E0%B8%B5%E0%B8%9A%E0%B8%B5+%E0%B8%8A%E0%B8%B1%E0%B9%89%E0%B8%992%2C+3203+Soi+Asok%2C+Khwaeng+Khlong+Toei+Nuea%2C+Watthana%2C+Krung+Thep+Maha+Nakhon+10110%2C+Thailand&query_place_id=ChIJ8UVLROWe4jARGpxT2uG81is
Viking Korean BBQ Buffet,"korean town 5 Sukhumvit Rd, Khwaeng Khlong Toei, Khet Khlong Toei, Krung Thep Maha Nakhon 10110, Thailand","korean town 5 Sukhumvit Rd, Khwaeng Khlong Toei, Khet Khlong Toei, Krung Thep Maha Nakhon 10110, Thailand",Koreańska,Sukhumvit,$$$,4.3,926,"Viking Korean BBQ Buffet to zlokalizowany w bangkockim Korean Town lokal z ponad 20-letnią tradycją, oferujący bogaty bufet w cenie 359 THB z limitem czasowym 90 minut. Warto postawić na aromatyczne mięsa o grubym cięciu w doskonałych marynatach oraz autentyczne dodatki, takie jak perfekcyjne w smaku kimchi. Miejsce wyróżnia się dużą przestrzenią na dwóch piętrach i sprawną obsługą, a przy planowaniu wizyty należy pamiętać, że płatność przyjmowana jest wyłącznie gotówką.",Pon: 11:00 AM – 11:00 PM | Wt: 11:00 AM – 11:00 PM | Śr: 11:00 AM – 11:00 PM | Czw: 11:00 AM – 11:00 PM | Pt: 11:00 AM – 11:00 PM | Sob: 11:00 AM – 11:00 PM | Ndz: 11:00 AM – 11:00 PM,3.0,8.1,https://www.google.com/maps/search/?api=1&query=korean+town+5+Sukhumvit+Rd%2C+Khwaeng+Khlong+Toei%2C+Khet+Khlong+Toei%2C+Krung+Thep+Maha+Nakhon+10110%2C+Thailand&query_place_id=ChIJCdSqGbmf4jAR0Hemw9xhTlM
Youchun,"Soi Loet Sin 1, Khwaeng Khlong Toei Nuea, Watthana, Krung Thep Maha Nakhon 10110, Thailand","Soi Loet Sin 1, Khwaeng Khlong Toei Nuea, Watthana, Krung Thep Maha Nakhon 10110, Thailand",Koreańska,Watthana,$$,4.4,760,"All-you-can-eat, Korean meals are dished up in this informal, roomy restaurant with tabletop BBQs.",Pon: 11:00 AM – 10:00 PM | Wt: 11:00 AM – 10:00 PM | Śr: 11:00 AM – 10:00 PM | Czw: 11:00 AM – 10:00 PM | Pt: 11:00 AM – 10:00 PM | Sob: 11:00 AM – 10:00 PM | Ndz: 11:00 AM – 10:00 PM,3.4,8.8,https://www.google.com/maps/search/?api=1&query=Soi+Loet+Sin+1%2C+Khwaeng+Khlong+Toei+Nuea%2C+Watthana%2C+Krung+Thep+Maha+Nakhon+10110%2C+Thailand&query_place_id=ChIJhUopz-ee4jAR5SwGNw_Y2bo
Red Pig Korean BBQ,"308 Soi Udom Suk 26, Bang Na Nuea, Khet Bang Na, Krung Thep Maha Nakhon 10260, Thailand","308 Soi Udom Suk 26, Bang Na Nuea, Khet Bang Na, Krung Thep Maha Nakhon 10260, Thailand",Koreańska,Bang Na,,4.9,712,"Red Pig Korean BBQ to nowoczesna restauracja typu *all-you-can-eat*, oferująca szeroki wybór mięs i przystawek w bardzo przystępnej cenie (ok. 284 Baht). Miejsce wyróżnia się wyjątkowo uważną obsługą, która regularnie wymienia grill oraz węgiel, dbając o czystość i komfort pieczenia dań bezpośrednio przy stoliku. To lokal o swobodnej atmosferze, chwalony za dobrą jakość produktów, choć warto pamiętać o dodatkowej opłacie za nielimitowane napoje.",Pon: 11:00 AM – 11:00 PM | Wt: 11:00 AM – 11:00 PM | Śr: 11:00 AM – 11:00 PM | Czw: 11:00 AM – 11:00 PM | Pt: 11:00 AM – 11:00 PM | Sob: 11:00 AM – 11:00 PM | Ndz: 11:00 AM – 11:00 PM,12.2,2.3,https://www.google.com/maps/search/?api=1&query=308+Soi+Udom+Suk+26%2C+Bang+Na+Nuea%2C+Khet+Bang+Na%2C+Krung+Thep+Maha+Nakhon+10260%2C+Thailand&query_place_id=ChIJC4OHQjBfHTERSacEY9TtiWQ
KABORAE,"Sukhumvit 12, แขวง คลองเตย Khet Khlong Toei, Krung Thep Maha Nakhon 10110, Thailand","Sukhumvit 12, แขวง คลองเตย Khet Khlong Toei, Krung Thep Maha Nakhon 10110, Thailand",Koreańska,Sukhumvit,$$$,4.8,698,"Kaborae to autentyczna koreańska restauracja, która słynie z wyśmienitego BBQ oraz świeżego i dobrze zamarynowanego mięsa grillowanego przy stoliku przez pomocną obsługę. Miejsce wyróżnia się bogatym wyborem darmowych przystawek i świeżych warzyw oraz przytulnym, czystym wystrojem, który pozwala poczuć się jak w samej Korei. Goście doceniają również szybki serwis, profesjonalne podejście personelu oraz korzystny stosunek jakości do ceny.",Pon: 9:30 AM – 10:00 PM | Wt: 9:30 AM – 10:00 PM | Śr: 9:30 AM – 10:00 PM | Czw: 9:30 AM – 10:00 PM | Pt: 9:30 AM – 10:00 PM | Sob: 9:30 AM – 10:00 PM | Ndz: 9:30 AM – 10:00 PM,2.9,8.0,https://www.google.com/maps/search/?api=1&query=Sukhumvit+12%2C+%E0%B9%81%E0%B8%82%E0%B8%A7%E0%B8%87+%E0%B8%84%E0%B8%A5%E0%B8%AD%E0%B8%87%E0%B9%80%E0%B8%95%E0%B8%A2+Khet+Khlong+Toei%2C+Krung+Thep+Maha+Nakhon+10110%2C+Thailand&query_place_id=ChIJ5QN0YOGe4jARE-Y03sxqpmY
Dae Jang Gum,"Prasanmit Plaza, 2-3rd Floor, ซ. สุขุมวิท 23 แขวงคลองเตยเหนือ เขตวัฒนา กรุงเทพมหานคร 10110, Thailand","Prasanmit Plaza, 2-3rd Floor, ซ. สุขุมวิท 23 แขวงคลองเตยเหนือ เขตวัฒนา กรุงเทพมหานคร 10110, Thailand",Koreańska,,$$$,4.6,672,"Dae Jang Gum to autentyczna koreańska restauracja serwująca tradycyjne dania i znakomite BBQ, które wyróżnia się wyrazistym, zbalansowanym smakiem. Miejsce to słynie z wyjątkowo miłej obsługi, darmowych deserów oraz nielimitowanych dokładek pysznych przystawek, w tym charakterystycznego, kwaśnego kimchi. To przytulny lokal oferujący hojne porcje, które pozwalają poczuć się jak w samej Korei.",Pon: 10:30 AM – 10:00 PM | Wt: 10:30 AM – 10:00 PM | Śr: 10:30 AM – 10:00 PM | Czw: 10:30 AM – 10:00 PM | Pt: 10:30 AM – 10:00 PM | Sob: 10:30 AM – 10:00 PM | Ndz: 10:30 AM – 10:00 PM,2.3,8.0,https://www.google.com/maps/search/?api=1&query=Prasanmit+Plaza%2C+2-3rd+Floor%2C+%E0%B8%8B.+%E0%B8%AA%E0%B8%B8%E0%B8%82%E0%B8%B8%E0%B8%A1%E0%B8%A7%E0%B8%B4%E0%B8%97+23+%E0%B9%81%E0%B8%82%E0%B8%A7%E0%B8%87%E0%B8%84%E0%B8%A5%E0%B8%AD%E0%B8%87%E0%B9%80%E0%B8%95%E0%B8%A2%E0%B9%80%E0%B8%AB%E0%B8%99%E0%B8%B7%E0%B8%AD+%E0%B9%80%E0%B8%82%E0%B8%95%E0%B8%A7%E0%B8%B1%E0%B8%92%E0%B8%99%E0%B8%B2+%E0%B8%81%E0%B8%A3%E0%B8%B8%E0%B8%87%E0%B9%80%E0%B8%97%E0%B8%9E%E0%B8%A1%E0%B8%AB%E0%B8%B2%E0%B8%99%E0%B8%84%E0%B8%A3+10110%2C+Thailand&query_place_id=ChIJIQBKyOSe4jARl9KvBH0Cb5c
Sogongdon Korean BBQ - by Korean Chef Jung,"็็ํํHYATT REGENCY ชั้น 2 ถนน Soi Sukhumvit 13, Khwaeng Khlong Toei Nuea, Watthana, Krung Thep Maha Nakhon 10110, Thailand","็็ํํHYATT REGENCY ชั้น 2 ถนน Soi Sukhumvit 13, Khwaeng Khlong Toei Nuea, Watthana, Krung Thep Maha Nakhon 10110, Thailand",Koreańska,Sukhumvit,,4.9,557,"Ta autentyczna koreańska restauracja słynie z doskonałej obsługi oraz wyśmienitego samgyeopsal i aromatycznej zupy yukgaejang, uznawanej za jedną z najlepszych w mieście. Warto zamówić także sycący makaron bibim naengmyeon lub tradycyjne placki jeon, które przygotowywane są pod okiem koreańskiego właściciela. Miejsce wyróżnia się wysokim standardem czystości oraz dogodną lokalizacją przy stacji BTS Nana, choć należy pamiętać o doliczanych do rachunku opłatach za serwis i podatek.",Pon: 11:00 AM – 11:00 PM | Wt: 11:00 AM – 11:00 PM | Śr: 11:00 AM – 11:00 PM | Czw: 11:00 AM – 11:00 PM | Pt: 11:00 AM – 11:00 PM | Sob: 11:00 AM – 11:00 PM | Ndz: 11:00 AM – 11:00 PM,3.0,8.2,https://www.google.com/maps/search/?api=1&query=%E0%B9%87%E0%B9%87%E0%B9%8D%E0%B9%8DHYATT+REGENCY+%E0%B8%8A%E0%B8%B1%E0%B9%89%E0%B8%99+2+%E0%B8%96%E0%B8%99%E0%B8%99+Soi+Sukhumvit+13%2C+Khwaeng+Khlong+Toei+Nuea%2C+Watthana%2C+Krung+Thep+Maha+Nakhon+10110%2C+Thailand&query_place_id=ChIJ95CeAL-f4jARKSPkW-OsnZI
JOEUN BBQ,"212/40-41, 2 Floor, Sukhumvit Plaza, ซ. สุขุมวิท 12 Klong Ton, เขตคลองเตย กรุงเทพมหานคร 10110, Thailand","212/40-41, 2 Floor, Sukhumvit Plaza, ซ. สุขุมวิท 12 Klong Ton, เขตคลองเตย กรุงเทพมหานคร 10110, Thailand",Koreańska,Sukhumvit,,4.8,526,"JOEUN BBQ to położona na drugim piętrze restauracja słynąca z doskonałej jakości żeberek wołowych, steków ribeye oraz bogatego wyboru darmowych przystawek, wśród których warto spróbować koreańskiego omletu i tradycyjnej zupy na zimno. Miejsce wyróżnia się brakiem opłaty serwisowej, darmową wodą oraz wyjątkowo smaczną herbatą cynamonową serwowaną w czystym i nowoczesnym wnętrzu.",Pon: 11:00 AM – 11:00 PM | Wt: 11:00 AM – 11:00 PM | Śr: 11:00 AM – 11:00 PM | Czw: 11:00 AM – 11:00 PM | Pt: 11:00 AM – 11:00 PM | Sob: 11:00 AM – 11:00 PM | Ndz: 11:00 AM – 11:00 PM,2.9,8.0,https://www.google.com/maps/search/?api=1&query=212%2F40-41%2C+2+Floor%2C+Sukhumvit+Plaza%2C+%E0%B8%8B.+%E0%B8%AA%E0%B8%B8%E0%B8%82%E0%B8%B8%E0%B8%A1%E0%B8%A7%E0%B8%B4%E0%B8%97+12+Klong+Ton%2C+%E0%B9%80%E0%B8%82%E0%B8%95%E0%B8%84%E0%B8%A5%E0%B8%AD%E0%B8%87%E0%B9%80%E0%B8%95%E0%B8%A2+%E0%B8%81%E0%B8%A3%E0%B8%B8%E0%B8%87%E0%B9%80%E0%B8%97%E0%B8%9E%E0%B8%A1%E0%B8%AB%E0%B8%B2%E0%B8%99%E0%B8%84%E0%B8%A3+10110%2C+Thailand&query_place_id=ChIJfwbI5muf4jARrDOuaZ0ph00
Korea Holic,"255 Sukhumvit 21 Rd, Khwaeng Khlong Toei Nuea, Watthana, Krung Thep Maha Nakhon 10110, Thailand","255 Sukhumvit 21 Rd, Khwaeng Khlong Toei Nuea, Watthana, Krung Thep Maha Nakhon 10110, Thailand",Koreańska,Sukhumvit,,4.7,481,"Korea Holic to restauracja oferująca autentyczne koreańskie smaki i hojne porcje, ceniona za spokojną atmosferę z dala od zgiełku dużych centrów handlowych. Warto tu zamówić aromatyczne kimchi jjigae, świeży bibimbap lub pikantne jjamppong, które podawane są przez wyjątkowo uprzejmy i sprawny personel. Miejsce wyróżnia się wysoką jakością przygotowania potraw oraz przytulnym, relaksującym wnętrzem idealnym na spokojny posiłek.",Pon: 10:30 AM – 10:00 PM | Wt: 10:30 AM – 10:00 PM | Śr: 10:30 AM – 10:00 PM | Czw: 10:30 AM – 10:00 PM | Pt: 10:30 AM – 10:00 PM | Sob: 10:30 AM – 10:00 PM | Ndz: 10:30 AM – 10:00 PM,1.4,8.8,https://www.google.com/maps/search/?api=1&query=255+Sukhumvit+21+Rd%2C+Khwaeng+Khlong+Toei+Nuea%2C+Watthana%2C+Krung+Thep+Maha+Nakhon+10110%2C+Thailand&query_place_id=ChIJz_OT4a6f4jAR348akg-nf9g
เคบีบีคิว เดอะ สตรีท รัชดา,"139 Thanon Ratchadaphisek, Khwaeng Din Daeng, Khet Din Daeng, Krung Thep Maha Nakhon 10400, Thailand","139 Thanon Ratchadaphisek, Khwaeng Din Daeng, Khet Din Daeng, Krung Thep Maha Nakhon 10400, Thailand",Koreańska,Din Daeng,,4.5,419,"To miejsce słynie z szerokiego wyboru marynowanych mięs, zwłaszcza wieprzowiny w 10 smakach, oraz zestawów z wołowiną premium i krewetkami rzecznymi. Goście szczególnie polecają kwaśne kimchi, kukurydzę z serem oraz pyszne desery lodowe, podkreślając przy tym wyjątkowo sprawną obsługę, która regularnie wymienia ruszt. Restauracja wyróżnia się świetnym stosunkiem ceny do jakości oraz bogatym wyborem autentycznych, darmowych dodatków.",Pon: 11:30 AM – 10:00 PM | Wt: 11:30 AM – 10:00 PM | Śr: 11:30 AM – 10:00 PM | Czw: 11:30 AM – 10:00 PM | Pt: 11:30 AM – 10:00 PM | Sob: 11:30 AM – 10:00 PM | Ndz: 11:30 AM – 10:00 PM,2.4,11.9,https://www.google.com/maps/search/?api=1&query=139+Thanon+Ratchadaphisek%2C+Khwaeng+Din+Daeng%2C+Khet+Din+Daeng%2C+Krung+Thep+Maha+Nakhon+10400%2C+Thailand&query_place_id=ChIJ65cMatWf4jARLKuY9_jxIZw
Dal Dal Korean Restaurant,"เลขที่9​ อาคารจี​ ทาวเวอร์​ ชั้นจี​ ถนนพระราม9​ Khwaeng Huai Khwang, Khet Huai Khwang, Krung Thep Maha Nakhon 10310, Thailand","เลขที่9​ อาคารจี​ ทาวเวอร์​ ชั้นจี​ ถนนพระราม9​ Khwaeng Huai Khwang, Khet Huai Khwang, Krung Thep Maha Nakhon 10310, Thailand",Koreańska,Huai Khwang,,4.7,408,"Dal Dal Korean Restaurant oferuje smaczne i przystępne cenowo dania, a wśród polecanych pozycji znajdują się wyjątkowo chrupiący placek z owocami morza, aromatyczna wołowina (beef skirt) oraz klasyczne bulgogi. Miejsce wyróżnia się bogatym wyborem świeżych przystawek (banchan), uprzejmą obsługą oraz spokojną atmosferą umilaną muzyką K-pop.",Pon: 11:00 AM – 9:30 PM | Wt: 11:00 AM – 9:30 PM | Śr: 11:00 AM – 9:30 PM | Czw: 11:00 AM – 9:30 PM | Pt: 11:00 AM – 9:30 PM | Sob: 11:00 AM – 9:00 PM | Ndz: 11:00 AM – 9:00 PM,0.3,9.9,https://www.google.com/maps/search/?api=1&query=%E0%B9%80%E0%B8%A5%E0%B8%82%E0%B8%97%E0%B8%B5%E0%B9%889%E2%80%8B+%E0%B8%AD%E0%B8%B2%E0%B8%84%E0%B8%B2%E0%B8%A3%E0%B8%88%E0%B8%B5%E2%80%8B+%E0%B8%97%E0%B8%B2%E0%B8%A7%E0%B9%80%E0%B8%A7%E0%B8%AD%E0%B8%A3%E0%B9%8C%E2%80%8B+%E0%B8%8A%E0%B8%B1%E0%B9%89%E0%B8%99%E0%B8%88%E0%B8%B5%E2%80%8B+%E0%B8%96%E0%B8%99%E0%B8%99%E0%B8%9E%E0%B8%A3%E0%B8%B0%E0%B8%A3%E0%B8%B2%E0%B8%A19%E2%80%8B+Khwaeng+Huai+Khwang%2C+Khet+Huai+Khwang%2C+Krung+Thep+Maha+Nakhon+10310%2C+Thailand&query_place_id=ChIJw8_MJI2e4jARi0ILjyOKWxs
Sot Bangkok - Korean Pot Rice,"591/9 Sukhumvit Rd, Khwaeng Khlong Tan Nuea, Watthana, Krung Thep Maha Nakhon 10110, Thailand","591/9 Sukhumvit Rd, Khwaeng Khlong Tan Nuea, Watthana, Krung Thep Maha Nakhon 10110, Thailand",Koreańska,Sukhumvit,,4.8,343,"Sot Bangkok to kameralne miejsce specjalizujące się w tradycyjnym koreańskim ryżu z kociołka, gdzie szczególnie warto zamówić wysokiej jakości wołowinę lub okonia morskiego. Restauracja wyróżnia się domową, minimalistyczną atmosferą oraz nielimitowanymi dodatkami (banchan) i herbatą jęczmienną, które są regularnie uzupełniane przez bardzo uprzejmą obsługę. To autentyczna „ukryta perełka”, oferująca wyraziste smaki i zestawy przygotowywane z dbałością o jakość składników.",Pon: 11:00 AM – 9:00 PM | Wt: 11:00 AM – 9:00 PM | Śr: 11:00 AM – 9:00 PM | Czw: 11:00 AM – 9:00 PM | Pt: 11:00 AM – 9:00 PM | Sob: 11:00 AM – 9:00 PM | Ndz: 11:00 AM – 9:00 PM,3.5,6.7,https://www.google.com/maps/search/?api=1&query=591%2F9+Sukhumvit+Rd%2C+Khwaeng+Khlong+Tan+Nuea%2C+Watthana%2C+Krung+Thep+Maha+Nakhon+10110%2C+Thailand&query_place_id=ChIJv_V19P2f4jARGpHkXe5mFME
Tap Yard,"49 99 Sukhumvit 49, Khwaeng Khlong Tan Nuea, Watthana, Krung Thep Maha Nakhon 10110, Thailand","49 99 Sukhumvit 49, Khwaeng Khlong Tan Nuea, Watthana, Krung Thep Maha Nakhon 10110, Thailand",Koreańska,Sukhumvit,,4.9,338,"Tap Yard to klimatyczne miejsce z pięknym ogrodem w sercu Thonglor, które wyróżnia się autentycznym Mookrata z wysokiej jakości mięsem oraz świetnymi drinkami. Goście chwalą relaksującą atmosferę bez komarów dzięki wydajnym wentylatorom oraz niezwykle pomocną obsługę, która sprawnie dostosowuje dania do alergii pokarmowych (np. opcje bezglutenowe). To idealny wybór na szybki i świeży posiłek w wyjątkowo przyjaznym, spokojnym otoczeniu.",Pon: 4:30 PM – 12:00 AM | Wt: 4:30 PM – 12:00 AM | Śr: 4:30 PM – 12:00 AM | Czw: 4:30 PM – 12:00 AM | Pt: 4:30 PM – 12:00 AM | Sob: 4:30 PM – 12:00 AM | Ndz: 4:30 PM – 12:00 AM,3.7,6.2,https://www.google.com/maps/search/?api=1&query=49+99+Sukhumvit+49%2C+Khwaeng+Khlong+Tan+Nuea%2C+Watthana%2C+Krung+Thep+Maha+Nakhon+10110%2C+Thailand&query_place_id=ChIJkToJqluf4jARiCTFojzE7Pg
GeumGoGi BBQ Korean Restaurant,"2-4-6 Soi Panittha, Bang Na Nuea, Khet Bang Na, Krung Thep Maha Nakhon 10260, Thailand","2-4-6 Soi Panittha, Bang Na Nuea, Khet Bang Na, Krung Thep Maha Nakhon 10260, Thailand",Koreańska,Bang Na,,4.8,229,"GeumGoGi BBQ to lokal oferujący doświadczenie samodzielnego grillowania w swobodnej atmosferze, idealny na spotkania z rodziną i przyjaciółmi. Warto zamówić szczególnie polecany mostek (brisket) oraz antrykot (rib eye), które podawane są z szerokim wyborem świeżych warzyw. Miejsce wyróżnia się przystępnymi cenami oraz bardzo miłą i pomocną obsługą.",Pon: 11:00 AM – 11:00 PM | Wt: 11:00 AM – 11:00 PM | Śr: 11:00 AM – 11:00 PM | Czw: 11:00 AM – 11:00 PM | Pt: 11:00 AM – 11:00 PM | Sob: 11:00 AM – 11:00 PM | Ndz: 11:00 AM – 11:00 PM,11.3,1.4,https://www.google.com/maps/search/?api=1&query=2-4-6+Soi+Panittha%2C+Bang+Na+Nuea%2C+Khet+Bang+Na%2C+Krung+Thep+Maha+Nakhon+10260%2C+Thailand&query_place_id=ChIJ0XTLnX-h4jAREk04NTK4ZSU
DAKJIB (EmSphere),"Thailand, Bangkok, Khlong Toei, Bangkok, Sukhumvit Rd, 5F. Emsphere. 628","Thailand, Bangkok, Khlong Toei, Bangkok, Sukhumvit Rd, 5F. Emsphere. 628",Koreańska,Sukhumvit,,4.6,171,"DAKJIB to nowoczesna koreańska restauracja w galerii EmSphere, która wyróżnia się energetyczną atmosferą z muzyką K-Pop oraz wyjątkowo gościnną obsługą. Warto zamówić tu wysokiej jakości mięsa na grilla, tradycyjne Kimchijjigae oraz wyjątkowy ryż smażony z truflami, uzupełniając posiłek dopracowanymi koktajlami. Goście szczególnie cenią możliwość wyboru między samodzielnym grillowaniem a pomocą personelu oraz pyszne, darmowe przystawki.",Pon: 4:00 PM – 12:00 AM | Wt: 4:00 PM – 12:00 AM | Śr: 4:00 PM – 12:00 AM | Czw: 4:00 PM – 12:00 AM | Pt: 4:00 PM – 1:00 AM | Sob: 4:00 PM – 1:00 AM | Ndz: 4:00 PM – 12:00 AM,3.3,6.9,https://www.google.com/maps/search/?api=1&query=Thailand%2C+Bangkok%2C+Khlong+Toei%2C+Bangkok%2C+Sukhumvit+Rd%2C+5F.+Emsphere.+628&query_place_id=ChIJn_ykVgCf4jARlYvnIakqPJ4
Yebin Korea Restaurant 예빈,"26 the 2nd Floor Soi Sukhumvit 31 klongtan-Nua, Subdistrict Khwaeng Khlong Tan Nuea, Watthana, Krung Thep Maha Nakhon 10110, Thailand","26 the 2nd Floor Soi Sukhumvit 31 klongtan-Nua, Subdistrict Khwaeng Khlong Tan Nuea, Watthana, Krung Thep Maha Nakhon 10110, Thailand",Koreańska,Sukhumvit,,5.0,151,"Ta autentyczna restauracja wyróżnia się wyjątkową gościnnością właścicielki oraz daniami mięsnymi grillowanymi bezpośrednio przy stoliku, takimi jak boczek czy wołowina. Warto zamówić obfite porcje yukhoe (tatar wołowy), japchae lub bibimbap, ciesząc się przy tym nielimitowanymi domowymi przystawkami z doskonałym kimchi na czele. Czyste i komfortowe wnętrza z prywatnymi salkami sprawiają, że to idealne miejsce na spokojny posiłek w gronie bliskich.",Pon: 11:00 AM – 11:00 PM | Wt: 11:00 AM – 11:00 PM | Śr: 11:00 AM – 11:00 PM | Czw: 11:00 AM – 11:00 PM | Pt: 11:00 AM – 11:00 PM | Sob: 11:00 AM – 11:00 PM | Ndz: 11:00 AM – 11:00 PM,2.8,7.4,https://www.google.com/maps/search/?api=1&query=26+the+2nd+Floor+Soi+Sukhumvit+31+klongtan-Nua%2C+Subdistrict+Khwaeng+Khlong+Tan+Nuea%2C+Watthana%2C+Krung+Thep+Maha+Nakhon+10110%2C+Thailand&query_place_id=ChIJ1R7QvICf4jARQq6IIQcL3_Y
WuRim Korean Slow-Food,"6 Soi Sukhumvit 29, Khwaeng Khlong Toei Nuea, Watthana, Krung Thep Maha Nakhon 10110, Thailand","6 Soi Sukhumvit 29, Khwaeng Khlong Toei Nuea, Watthana, Krung Thep Maha Nakhon 10110, Thailand",Koreańska,Sukhumvit,,4.7,122,"WuRim to ukryta perełka serwująca autentyczną koreańską kuchnię bez dodatku MSG, słynąca zwłaszcza z pożywnych zup na bazie wolno gotowanego wywaru z kości wołowych. Warto zamówić chrupiące koreańskie placki oraz smażoną wieprzowinę, które podawane są w gościnnej, domowej atmosferze docenianej przez lokalną społeczność. Miejsce wyróżnia się dbałością o zdrowe, naturalne składniki i tradycyjne smaki, stanowiąc doskonałą alternatywę dla lokali nastawionych głównie na koreańskie BBQ.",Pon: 11:00 AM – 12:00 AM | Wt: 11:00 AM – 12:00 AM | Śr: 11:00 AM – 12:00 AM | Czw: 11:00 AM – 12:00 AM | Pt: 11:00 AM – 12:00 AM | Sob: 11:00 AM – 12:00 AM | Ndz: 11:00 AM – 12:00 AM,3.2,7.1,https://www.google.com/maps/search/?api=1&query=6+Soi+Sukhumvit+29%2C+Khwaeng+Khlong+Toei+Nuea%2C+Watthana%2C+Krung+Thep+Maha+Nakhon+10110%2C+Thailand&query_place_id=ChIJ69cNSACf4jARS3LtWE9XB9Q
Juksunchae,"PHMG+4PR Town Hall, Sukhumvit 49, Khwaeng Khlong Tan Nuea, Watthana, Krung Thep Maha Nakhon 10110, Thailand","PHMG+4PR Town Hall, Sukhumvit 49, Khwaeng Khlong Tan Nuea, Watthana, Krung Thep Maha Nakhon 10110, Thailand",Koreańska,Sukhumvit,,4.8,109,"Juksunchae to najlepszy koreański fine-dining w Bangkoku, oferujący nowoczesne interpretacje tradycyjnych dań serwowane w przytulnej atmosferze z widokiem na otwartą kuchnię. Warto zdecydować się na pełne menu degustacyjne z doskonale dobranym parowaniem win, zwracając szczególną uwagę na takie potrawy jak bibimbap, ośmiornica w zupie Tubu Jjigae oraz esencjonalny bulion Gomtang. Wyjątkowym atutem miejsca jest osobiste zaangażowanie szefa Henry’ego Lee, który z pasją opowiada gościom o technikach przygotowania i składnikach każdego dania.",Pon: Closed | Wt: Closed | Śr: 6:00 – 11:00 PM | Czw: 6:00 – 11:00 PM | Pt: 6:00 – 11:00 PM | Sob: 6:00 – 11:00 PM | Ndz: 6:00 – 11:00 PM,3.5,6.4,https://www.google.com/maps/search/?api=1&query=PHMG%2B4PR+Town+Hall%2C+Sukhumvit+49%2C+Khwaeng+Khlong+Tan+Nuea%2C+Watthana%2C+Krung+Thep+Maha+Nakhon+10110%2C+Thailand&query_place_id=ChIJ_xRKVDuf4jAR3CyXriUaZGA
Gold Pig Korean BBQ,"Center one ชั้น 3 1 Thanon Ratchawithi, Khwaeng Thanon Phaya Thai, Khet Ratchathewi, Krung Thep Maha Nakhon 10400, Thailand","Center one ชั้น 3 1 Thanon Ratchawithi, Khwaeng Thanon Phaya Thai, Khet Ratchathewi, Krung Thep Maha Nakhon 10400, Thailand",Koreańska,Ratchathewi,,4.7,56,"Gold Pig Korean BBQ to przystępny cenowo bufet oferujący szeroki wybór mięs, w tym polecany mostek wołowy, oraz dodatki takie jak pyszne kimchi czy unikalna sałatka z liśćmi sezamu i algami. Miejsce wyróżnia się wyjątkowo uważną i sprawną obsługą, która regularnie wymienia ruszty oraz dba o dolewki napojów w ramach stałej ceny za posiłek. To świetna opcja na sycący, dwugodzinny posiłek w dogodnej lokalizacji przy stacji BTS Victory Monument.",Pon: 10:30 AM – 10:00 PM | Wt: 10:30 AM – 10:00 PM | Śr: 10:30 AM – 10:00 PM | Czw: 10:30 AM – 10:00 PM | Pt: 10:30 AM – 10:00 PM | Sob: 10:30 AM – 10:00 PM | Ndz: 10:30 AM – 10:00 PM,3.6,12.5,https://www.google.com/maps/search/?api=1&query=Center+one+%E0%B8%8A%E0%B8%B1%E0%B9%89%E0%B8%99+3+1+Thanon+Ratchawithi%2C+Khwaeng+Thanon+Phaya+Thai%2C+Khet+Ratchathewi%2C+Krung+Thep+Maha+Nakhon+10400%2C+Thailand&query_place_id=ChIJO1SXz3af4jARwsFUNJe88GI
NaDo Charcoal BBQ,"212/8 Sukhumvit 12, Khwaeng Khlong Toei, Khet Khlong Toei, Krung Thep Maha Nakhon 10110, Thailand","212/8 Sukhumvit 12, Khwaeng Khlong Toei, Khet Khlong Toei, Krung Thep Maha Nakhon 10110, Thailand",Koreańska,Sukhumvit,,4.5,11,"NaDo Charcoal BBQ w Bangkoku to miejsce słynące z wyśmienitego bulgogi, ribeye oraz boczku, podawanych z szeroką gamą darmowych przystawek. Restauracja wyróżnia się pomocną obsługą, która samodzielnie grilluje i porcjuje mięso dla gości, a także przystępnymi cenami i dostępnością do późnych godzin nocnych. To sprawdzony wybór na autentyczną koreańską kolację, choć według opinii warto unikać twardszego antrykotu (strip loin) oraz zup.",Pon: 9:00 AM – 5:00 AM | Wt: 9:00 AM – 5:00 AM | Śr: 9:00 AM – 5:00 AM | Czw: 9:00 AM – 5:00 AM | Pt: 9:00 AM – 5:00 AM | Sob: 9:00 AM – 5:00 AM | Ndz: 9:00 AM – 5:00 AM,2.9,8.0,https://www.google.com/maps/search/?api=1&query=212%2F8+Sukhumvit+12%2C+Khwaeng+Khlong+Toei%2C+Khet+Khlong+Toei%2C+Krung+Thep+Maha+Nakhon+10110%2C+Thailand&query_place_id=ChIJAcNvM5uf4jARa8Hq78bAYDA
Central Rama9,"9/9 Rama IX Rd, Khwaeng Huai Khwang, Khet Huai Khwang, Krung Thep Maha Nakhon 10310, Thailand","9/9 Rama IX Rd, Khwaeng Huai Khwang, Khet Huai Khwang, Krung Thep Maha Nakhon 10310, Thailand",Międzynarodowa,Huai Khwang,,4.5,29538,"Central Rama 9 to przestronne centrum handlowe o lokalnym charakterze, które wyróżnia się ogromną sekcją dla dzieci oraz imponującym działem z książkami i artykułami papierniczymi. Warto odwiedzić dolny poziom z autentycznym marketem street food lub liczne restauracje na wyższych piętrach, serwujące głównie dania kuchni tajskiej, koreańskiej i japońskiej. To nowoczesne miejsce oferuje szeroki wybór sklepów na każdą kieszeń, zapewniając kompleksową ofertę zakupową i rozrywkową w klimatyzowanych wnętrzach.",Pon: 10:00 AM – 10:00 PM | Wt: 10:00 AM – 10:00 PM | Śr: 10:00 AM – 10:00 PM | Czw: 10:00 AM – 10:00 PM | Pt: 10:00 AM – 10:00 PM | Sob: 10:00 AM – 10:00 PM | Ndz: 10:00 AM – 10:00 PM,0.6,10.2,https://www.google.com/maps/search/?api=1&query=9%2F9+Rama+IX+Rd%2C+Khwaeng+Huai+Khwang%2C+Khet+Huai+Khwang%2C+Krung+Thep+Maha+Nakhon+10310%2C+Thailand&query_place_id=ChIJt4AYHY2e4jARP0jJFXncXCE
Bangkok International Trade & Exhibition Centre: BITEC,"88 Debaratna Rd, Khwaeng Bang Na, Khet Bang Na, Krung Thep Maha Nakhon 10260, Thailand","88 Debaratna Rd, Khwaeng Bang Na, Khet Bang Na, Krung Thep Maha Nakhon 10260, Thailand",Międzynarodowa,Bang Na,,4.4,17518,"BITEC to nowoczesne i doskonale zorganizowane centrum wystawiennicze, które wyróżnia się ogromną przestrzenią oraz świetną lokalizacją z bezpośrednim dostępem do stacji kolei BTS. Na miejscu warto skorzystać z bogatej oferty gastronomicznej z daniami halal w przystępnych cenach oraz udogodnień takich jak pokoje modlitwy na poziomie B1 i przestronny parking. Obiekt jest ceniony za sprawną logistykę oraz profesjonalną obsługę, co czyni go idealnym miejscem na międzynarodowe targi i konferencje.",Pon: 8:00 AM – 5:00 PM | Wt: 8:00 AM – 5:00 PM | Śr: 8:00 AM – 5:00 PM | Czw: 8:00 AM – 5:00 PM | Pt: 8:00 AM – 5:00 PM | Sob: 8:00 AM – 5:00 PM | Ndz: 8:00 AM – 5:00 PM,13.0,3.1,https://www.google.com/maps/search/?api=1&query=88+Debaratna+Rd%2C+Khwaeng+Bang+Na%2C+Khet+Bang+Na%2C+Krung+Thep+Maha+Nakhon+10260%2C+Thailand&query_place_id=ChIJk0zNFA6g4jARsbLb7XdhZfo
cholasbkk,"629 Soi Phetchaburi 31, Khwaeng Makkasan, Khet Ratchathewi, Krung Thep Maha Nakhon 10400, Thailand","629 Soi Phetchaburi 31, Khwaeng Makkasan, Khet Ratchathewi, Krung Thep Maha Nakhon 10400, Thailand",Międzynarodowa,Ratchathewi,,4.9,7192,"Cholasbkk to idealne miejsce dla miłośników autentycznej kuchni indyjskiej, oferujące zarówno dania z karty, jak i bogaty bufet w czystej i przyjaznej atmosferze. Warto spróbować aromatycznego Chicken Kadhai, świeżo wypiekanych chlebków Roti oraz Dosy w wersji Plain lub Masala. Restauracja wyróżnia się wyjątkowo pomocną obsługą oraz smakiem potraw, które doskonale oddają klimat domowych posiłków z Indii.",Pon: 10:00 AM – 11:30 PM | Wt: 10:00 AM – 11:30 PM | Śr: 10:00 AM – 11:30 PM | Czw: 10:00 AM – 11:30 PM | Pt: 10:00 AM – 11:30 PM | Sob: 10:00 AM – 11:30 PM | Ndz: 10:00 AM – 11:30 PM,3.1,10.7,https://www.google.com/maps/search/?api=1&query=629+Soi+Phetchaburi+31%2C+Khwaeng+Makkasan%2C+Khet+Ratchathewi%2C+Krung+Thep+Maha+Nakhon+10400%2C+Thailand&query_place_id=ChIJ1WAuo9-f4jAR02XwOBBNXDA
Grand Mercure Bangkok Atrium,"1880 New Petchaburi Rd, Bangkapi, Khet Huai Khwang, Krung Thep Maha Nakhon 10310, Thailand","1880 New Petchaburi Rd, Bangkapi, Khet Huai Khwang, Krung Thep Maha Nakhon 10310, Thailand",Międzynarodowa,Huai Khwang,,4.3,7044,"High-end lodging offering a Japanese restaurant & a coffee shop, plus an outdoor pool & a sauna.",,1.3,8.7,https://www.google.com/maps/search/?api=1&query=1880+New+Petchaburi+Rd%2C+Bangkapi%2C+Khet+Huai+Khwang%2C+Krung+Thep+Maha+Nakhon+10310%2C+Thailand&query_place_id=ChIJlX1_Jfee4jARxq7eqdDLgPU
Nathong Terrace Bar and Restaurant,"569/1 Pracha Uthit Rd, Khwaeng Samsen Nok, Khet Huai Khwang, Krung Thep Maha Nakhon 10310, Thailand","569/1 Pracha Uthit Rd, Khwaeng Samsen Nok, Khet Huai Khwang, Krung Thep Maha Nakhon 10310, Thailand",Międzynarodowa,Huai Khwang,$$$,4.3,5901,Breezy restaurant serving regional fare in a spacious environment with multiple terraces & a bar.,Pon: 11:00 AM – 11:30 PM | Wt: 11:00 AM – 11:30 PM | Śr: 11:00 AM – 11:30 PM | Czw: 11:00 AM – 11:30 PM | Pt: 11:00 AM – 11:30 PM | Sob: 11:00 AM – 11:30 PM | Ndz: 11:00 AM – 11:30 PM,3.5,11.8,https://www.google.com/maps/search/?api=1&query=569%2F1+Pracha+Uthit+Rd%2C+Khwaeng+Samsen+Nok%2C+Khet+Huai+Khwang%2C+Krung+Thep+Maha+Nakhon+10310%2C+Thailand&query_place_id=ChIJgW9SDnqe4jARBtGxRjkHnAI
Abandoned Mansion,"41 Soi Sukhumvit 14, Klongtoey, Krung Thep Maha Nakhon 10110, Thailand","41 Soi Sukhumvit 14, Klongtoey, Krung Thep Maha Nakhon 10110, Thailand",Międzynarodowa,Sukhumvit,$$$$,4.8,5739,"Abandoned Mansion to stylowy bar w klimacie „gangsterskiego Gatsby'ego”, który wyróżnia się fenomenalną muzyką na żywo oraz interaktywnymi występami wokalistów i saksofonistów. Warto zamówić kunsztownie podane drinki tematyczne w efektownym szkle oraz pyszne dania, które idealnie dopełniają elegancką i tajemniczą atmosferę lokalu. Ze względu na dużą popularność miejsca, na wieczorną wizytę zdecydowanie zaleca się wcześniejszą rezerwację stolika.",Pon: 5:00 PM – 2:00 AM | Wt: 5:00 PM – 2:00 AM | Śr: 5:00 PM – 2:00 AM | Czw: 5:00 PM – 2:00 AM | Pt: 5:00 PM – 2:00 AM | Sob: 5:00 PM – 2:00 AM | Ndz: 5:00 PM – 2:00 AM,2.9,7.9,https://www.google.com/maps/search/?api=1&query=41+Soi+Sukhumvit+14%2C+Klongtoey%2C+Krung+Thep+Maha+Nakhon+10110%2C+Thailand&query_place_id=ChIJ82hpAWaf4jARIPIc3KEAPtw
Centara Watergate Pavilion Hotel Bangkok,"567 Ratchaprarop Rd, Khwaeng Makkasan, Khet Ratchathewi, Krung Thep Maha Nakhon 10400, Thailand","567 Ratchaprarop Rd, Khwaeng Makkasan, Khet Ratchathewi, Krung Thep Maha Nakhon 10400, Thailand",Międzynarodowa,Ratchathewi,,4.4,4182,"Sleek hotel offering a fitness center, a spa & refined dining, plus a chic rooftop bar with DJs.",Pon: Open 24 hours | Wt: Open 24 hours | Śr: Open 24 hours | Czw: Open 24 hours | Pt: Open 24 hours | Sob: Open 24 hours | Ndz: Open 24 hours,3.7,10.9,https://www.google.com/maps/search/?api=1&query=567+Ratchaprarop+Rd%2C+Khwaeng+Makkasan%2C+Khet+Ratchathewi%2C+Krung+Thep+Maha+Nakhon+10400%2C+Thailand&query_place_id=ChIJP83yBsae4jARWiFRw2oJrJo
Ibrahim Restaurant,"8/9 Shukmvit Sol 3/1, นานาเหนือ - สะพานวิทยุ Kwang Khlongtoey Nua, เขตวัฒนา กรุงเทพมหานคร 10110, Thailand","8/9 Shukmvit Sol 3/1, นานาเหนือ - สะพานวิทยุ Kwang Khlongtoey Nua, เขตวัฒนา กรุงเทพมหานคร 10110, Thailand",Międzynarodowa,,,4.8,3570,"Ibrahim Restaurant to idealne miejsce na autentyczną kuchnię pakistańską w Bangkoku, słynące z wyśmienitego mutton shinwari karahi o gęstym sosie, wyrazistej okry oraz potrawy Haleen. Goście chwalą ogromne porcje wystarczające dla dwóch osób, świeżo wypiekane chlebki naan oraz wyjątkowo przyjazną i pomocną obsługę. Na koniec posiłku warto spróbować tradycyjnej halwy oraz fantastycznej herbaty, które dopełniają bogate menu w przystępnych cenach.",Pon: Open 24 hours | Wt: Open 24 hours | Śr: Open 24 hours | Czw: Open 24 hours | Pt: Open 24 hours | Sob: Open 24 hours | Ndz: Open 24 hours,2.9,8.9,https://www.google.com/maps/search/?api=1&query=8%2F9+Shukmvit+Sol+3%2F1%2C+%E0%B8%99%E0%B8%B2%E0%B8%99%E0%B8%B2%E0%B9%80%E0%B8%AB%E0%B8%99%E0%B8%B7%E0%B8%AD+-+%E0%B8%AA%E0%B8%B0%E0%B8%9E%E0%B8%B2%E0%B8%99%E0%B8%A7%E0%B8%B4%E0%B8%97%E0%B8%A2%E0%B8%B8+Kwang+Khlongtoey+Nua%2C+%E0%B9%80%E0%B8%82%E0%B8%95%E0%B8%A7%E0%B8%B1%E0%B8%92%E0%B8%99%E0%B8%B2+%E0%B8%81%E0%B8%A3%E0%B8%B8%E0%B8%87%E0%B9%80%E0%B8%97%E0%B8%9E%E0%B8%A1%E0%B8%AB%E0%B8%B2%E0%B8%99%E0%B8%84%E0%B8%A3+10110%2C+Thailand&query_place_id=ChIJQWC3wQOf4jARZqwVasHw6l8
Avani Ratchada Bangkok Hotel,"1 Thanon Ratchadaphisek, ดินแดง Khet Din Daeng, Krung Thep Maha Nakhon 10400, Thailand","1 Thanon Ratchadaphisek, ดินแดง Khet Din Daeng, Krung Thep Maha Nakhon 10400, Thailand",Międzynarodowa,Din Daeng,,4.4,3467,"High-rise hotel offering rooms with city views, along with 3 restaurants, a bar & an outdoor pool.",Pon: Open 24 hours | Wt: Open 24 hours | Śr: Open 24 hours | Czw: Open 24 hours | Pt: Open 24 hours | Sob: Open 24 hours | Ndz: Open 24 hours,0.6,10.1,https://www.google.com/maps/search/?api=1&query=1+Thanon+Ratchadaphisek%2C+%E0%B8%94%E0%B8%B4%E0%B8%99%E0%B9%81%E0%B8%94%E0%B8%87+Khet+Din+Daeng%2C+Krung+Thep+Maha+Nakhon+10400%2C+Thailand&query_place_id=ChIJo11aE42e4jARiF7iYE6lttU
Krua Khun Puk,"155 Soi Sukhumvit 11/1, Khwaeng Khlong Toei Nuea, Watthana, Krung Thep Maha Nakhon 10110, Thailand","155 Soi Sukhumvit 11/1, Khwaeng Khlong Toei Nuea, Watthana, Krung Thep Maha Nakhon 10110, Thailand",Międzynarodowa,Sukhumvit,$$,4.3,3448,"Krua Khun Puk to popularna restauracja przy stacji BTS Nana, słynąca z autentycznych i wyrazistych smaków w bardzo przystępnych cenach. Warto zamówić tu zupę curry Khao Soi, makaron z duszoną wieprzowiną lub aromatyczny Pad Thai, a na deser obowiązkowo Mango Sticky Rice. Miejsce wyróżnia się tradycyjnym klimatem i szybką obsługą, jednak ze względu na dużą popularność wieczorami należy przygotować się na oczekiwanie w kolejce.",Pon: 8:00 AM – 4:00 AM | Wt: 8:00 AM – 4:00 AM | Śr: 8:00 AM – 4:00 AM | Czw: 8:00 AM – 4:00 AM | Pt: 8:00 AM – 4:00 AM | Sob: 8:00 AM – 4:00 AM | Ndz: 8:00 AM – 4:00 AM,3.0,8.2,https://www.google.com/maps/search/?api=1&query=155+Soi+Sukhumvit+11%2F1%2C+Khwaeng+Khlong+Toei+Nuea%2C+Watthana%2C+Krung+Thep+Maha+Nakhon+10110%2C+Thailand&query_place_id=ChIJL07Xy3qf4jARvpYysWYr6aU
Indulge Restaurant & Cocktail Bar,"403-403/1, 407 407/1 Sukhumvit Rd, Khwaeng Khlong Toei Nuea, Watthana, Krung Thep Maha Nakhon 10110, Thailand","403-403/1, 407 407/1 Sukhumvit Rd, Khwaeng Khlong Toei Nuea, Watthana, Krung Thep Maha Nakhon 10110, Thailand",Międzynarodowa,Sukhumvit,$$$$,4.7,3407,"Indulge Restaurant & Cocktail Bar wyróżnia się wyjątkowo przyjazną obsługą oraz bogatym menu, w którym królują aromatyczna gicz jagnięca Massaman, kaczka z ananasem i dopracowane koktajle rzemieślnicze. Goście chwalą to miejsce za przytulną atmosferę, wysoką jakość składników oraz mięso, które z łatwością odchodzi od kości, a wszystko to w bardzo rozsądnych cenach.",Pon: 7:30 AM – 1:00 AM | Wt: 7:30 AM – 1:00 AM | Śr: 7:30 AM – 1:00 AM | Czw: 7:30 AM – 1:00 AM | Pt: 7:30 AM – 1:00 AM | Sob: 7:30 AM – 1:00 AM | Ndz: 7:30 AM – 1:00 AM,2.7,7.5,https://www.google.com/maps/search/?api=1&query=403-403%2F1%2C+407+407%2F1+Sukhumvit+Rd%2C+Khwaeng+Khlong+Toei+Nuea%2C+Watthana%2C+Krung+Thep+Maha+Nakhon+10110%2C+Thailand&query_place_id=ChIJvcw2HuOe4jARNkjje3ATS18
Beer Republic,"971 Thanon Phloen Chit, Khwaeng Lumphini, Pathum Wan, Krung Thep Maha Nakhon 10330, Thailand","971 Thanon Phloen Chit, Khwaeng Lumphini, Pathum Wan, Krung Thep Maha Nakhon 10330, Thailand",Międzynarodowa,Pathum Wan,$$$,4.4,3096,"Beer Republic to klimatyczne miejsce tuż przy stacji BTS Chit Lom, które słynie z doskonałej obsługi, muzyki na żywo oraz szerokiego wyboru piw, w tym unikalnego BeerLao Dark. Goście szczególnie polecają zamówienie żeberek wieprzowych (Pork Ribs), a klimatyzowane wnętrze stanowi idealną ucieczkę od upałów Bangkoku. Jeśli planujesz rozmowę, wybierz stolik na zewnątrz, ponieważ w środku bywa dość głośno.",Pon: 11:30 AM – 12:00 AM | Wt: 11:30 AM – 12:00 AM | Śr: 11:30 AM – 12:00 AM | Czw: 11:30 AM – 12:00 AM | Pt: 11:30 AM – 12:00 AM | Sob: 11:30 AM – 12:00 AM | Ndz: 11:30 AM – 12:00 AM,4.0,10.1,https://www.google.com/maps/search/?api=1&query=971+Thanon+Phloen+Chit%2C+Khwaeng+Lumphini%2C+Pathum+Wan%2C+Krung+Thep+Maha+Nakhon+10330%2C+Thailand&query_place_id=ChIJv2x8vNqe4jARKdDcipzhA-Y
The Local,"32 32/1 Soi Sukhumvit 23, Khwaeng Khlong Toei Nuea, Watthana, Krung Thep Maha Nakhon 10110, Thailand","32 32/1 Soi Sukhumvit 23, Khwaeng Khlong Toei Nuea, Watthana, Krung Thep Maha Nakhon 10110, Thailand",Międzynarodowa,Sukhumvit,$$$$,4.4,3075,"The Local to elegancka restauracja wyróżniona w przewodniku Michelin, serwująca autentyczne dania oparte na tradycyjnych, regionalnych recepturach w klimatycznym budynku kolonialnym lub nowoczesnym skrzydle. Goście szczególnie polecają sałatkę Bai Cha Kraan, pikantną rybę według „przepisu mamy” oraz delikatne policzki wołowe w sosie curry massaman z nielimitowanym białym lub czarnym ryżem. Miejsce wyróżnia się szybką obsługą oraz głębią smaków, dzięki czemu idealnie nadaje się zarówno na randkę, jak i spotkanie biznesowe.",Pon: 11:30 AM – 10:30 PM | Wt: 11:30 AM – 10:30 PM | Śr: 11:30 AM – 10:30 PM | Czw: 11:30 AM – 10:30 PM | Pt: 11:30 AM – 10:30 PM | Sob: 11:30 AM – 10:00 PM | Ndz: 11:30 AM – 10:30 PM,2.3,7.9,https://www.google.com/maps/search/?api=1&query=32+32%2F1+Soi+Sukhumvit+23%2C+Khwaeng+Khlong+Toei+Nuea%2C+Watthana%2C+Krung+Thep+Maha+Nakhon+10110%2C+Thailand&query_place_id=ChIJc881Nfue4jARsIcIs9ZqPJE
Charcoal Tandoor Grill & Mixology (Halal),"Fraser Suites Sukhumvit, 38/8 Sukhumvit Rd. Soi 11 5th Floor Khlong Toey Nua 8 Soi Sukhumvit 11, Khwaeng Khlong Toei Nuea, Watthana, Krung Thep Maha Nakhon 10110, Thailand","Fraser Suites Sukhumvit, 38/8 Sukhumvit Rd. Soi 11 5th Floor Khlong Toey Nua 8 Soi Sukhumvit 11, Khwaeng Khlong Toei Nuea, Watthana, Krung Thep Maha Nakhon 10110, Thailand",Międzynarodowa,Sukhumvit,$$$$,4.6,3060,"Airy, contemporary eatery serving kebabs & Indian tandoor plates, plus cocktails & wine.","Pon: 12:00 – 3:00 PM, 6:00 PM – 12:00 AM | Wt: 12:00 – 3:00 PM, 6:00 PM – 12:00 AM | Śr: 12:00 – 3:00 PM, 6:00 PM – 12:00 AM | Czw: 12:00 – 3:00 PM, 6:00 PM – 12:00 AM | Pt: 12:00 – 3:00 PM, 6:00 PM – 12:00 AM | Sob: 12:00 – 3:00 PM, 6:00 PM – 12:00 AM | Ndz: 12:00 – 3:00 PM, 6:00 PM – 12:00 AM",2.6,8.9,https://www.google.com/maps/search/?api=1&query=Fraser+Suites+Sukhumvit%2C+38%2F8+Sukhumvit+Rd.+Soi+11+5th+Floor+Khlong+Toey+Nua+8+Soi+Sukhumvit+11%2C+Khwaeng+Khlong+Toei+Nuea%2C+Watthana%2C+Krung+Thep+Maha+Nakhon+10110%2C+Thailand&query_place_id=ChIJF5sgmOie4jARuK5mxG9Q_CY
Baan Kuay Tiew Ruathong,"1/7 Thanon Ratchawithi, Khwaeng Samsen Nai, Khet Phaya Thai, Krung Thep Maha Nakhon 10400, Thailand","1/7 Thanon Ratchawithi, Khwaeng Samsen Nai, Khet Phaya Thai, Krung Thep Maha Nakhon 10400, Thailand",Międzynarodowa,Phaya Thai,$$,4.4,2944,"Baan Kuay Tiew Ruathong słynie z aromatycznych „boat noodles” serwowanych w małych, niedrogich porcjach, co pozwala na spróbowanie wielu wariantów smakowych podczas jednej wizyty. Warto zamówić przede wszystkim pikantną zupę z wołowiną oraz chrupiące skórki wieprzowe, a posiłek zwieńczyć tradycyjnym kremem kokosowym. Miejsce wyróżnia się autentycznością i dużą popularnością wśród lokalnych mieszkańców, co przyciąga tłumy mimo konieczności krótkiego oczekiwania w kolejce.",Pon: Closed | Wt: 9:00 AM – 8:30 PM | Śr: 9:00 AM – 8:30 PM | Czw: 9:00 AM – 8:30 PM | Pt: 9:00 AM – 8:30 PM | Sob: 9:00 AM – 8:30 PM | Ndz: 9:00 AM – 8:30 PM,3.7,12.6,https://www.google.com/maps/search/?api=1&query=1%2F7+Thanon+Ratchawithi%2C+Khwaeng+Samsen+Nai%2C+Khet+Phaya+Thai%2C+Krung+Thep+Maha+Nakhon+10400%2C+Thailand&query_place_id=ChIJ46MaYLCe4jARYgKxjbDAMYw
TUBA Bar & Restaurant,"34 ซ. เอกมัย 21 Khwaeng Khlong Tan Nuea, Watthana, Krung Thep Maha Nakhon 10110, Thailand","34 ซ. เอกมัย 21 Khwaeng Khlong Tan Nuea, Watthana, Krung Thep Maha Nakhon 10110, Thailand",Międzynarodowa,Watthana,$$$,4.7,2920,"TUBA Bar & Restaurant to miejsce o niezwykłym klimacie i muzyce na żywo, które oferuje szeroki wybór dań kuchni tajskiej oraz zachodniej, w tym pizzę, carbonarę i potrawy ze świeżym krabem. Lokal wyróżnia się wieloma opcjami bez wieprzowiny, przystępnymi cenami oraz imponującą kartą drinków, z której warto zamówić słynne Mojito serwowane w gigantycznym kieliszku lub skorzystać z oferty happy hour. To idealny punkt na mapie Bangkoku na relaks z przyjaciółmi lub rodzinny obiad połączony z warsztatami dla dzieci.",Pon: 9:30 AM – 2:00 AM | Wt: 9:30 AM – 2:00 AM | Śr: 9:30 AM – 2:00 AM | Czw: 9:30 AM – 2:00 AM | Pt: 9:30 AM – 2:00 AM | Sob: 9:30 AM – 2:00 AM | Ndz: 9:30 AM – 2:00 AM,4.0,7.2,https://www.google.com/maps/search/?api=1&query=34+%E0%B8%8B.+%E0%B9%80%E0%B8%AD%E0%B8%81%E0%B8%A1%E0%B8%B1%E0%B8%A2+21+Khwaeng+Khlong+Tan+Nuea%2C+Watthana%2C+Krung+Thep+Maha+Nakhon+10110%2C+Thailand&query_place_id=ChIJJyqGlK-f4jARNBb_DKd3nV4
Margarita Storm,"2 Sukhumvit Rd, Khwaeng Khlong Toei Nuea, Watthana, Krung Thep Maha Nakhon 10110, Thailand","2 Sukhumvit Rd, Khwaeng Khlong Toei Nuea, Watthana, Krung Thep Maha Nakhon 10110, Thailand",Międzynarodowa,Sukhumvit,$$$,4.4,2826,"Margarita Storm to idealne miejsce na obserwowanie tętniącej życiem ulicy z tarasu, słynące z mocnych margaryt oraz polecanych przez gości quesadillas, tacos i guacamole. Lokal wyróżnia się bardzo przyjazną obsługą, transmisjami sportowymi oraz dostępnym na piętrze stołem do bilarda i unikalnym menu fantazyjnych drinków.",Pon: Open 24 hours | Wt: Open 24 hours | Śr: Open 24 hours | Czw: Open 24 hours | Pt: Open 24 hours | Sob: Open 24 hours | Ndz: Open 24 hours,2.9,8.1,https://www.google.com/maps/search/?api=1&query=2+Sukhumvit+Rd%2C+Khwaeng+Khlong+Toei+Nuea%2C+Watthana%2C+Krung+Thep+Maha+Nakhon+10110%2C+Thailand&query_place_id=ChIJKdBfrOae4jARLVUglrIJNwA
Sri Trat Restaurant and Bar,"90 Soi Sukhumvit 33, Khwaeng Khlong Tan Nuea, Watthana, Krung Thep Maha Nakhon 10110, Thailand","90 Soi Sukhumvit 33, Khwaeng Khlong Tan Nuea, Watthana, Krung Thep Maha Nakhon 10110, Thailand",Międzynarodowa,Sukhumvit,,4.5,2354,"Sri Trat to elegancka restauracja w stylu vintage, która serwuje autentyczne, wyraziste dania kuchni wschodniej Tajlandii, przygotowywane według tradycyjnych receptur. Warto spróbować tu aromatycznego czerwonego curry z boczkiem, omletu z krabem lub zupy tom yum z krewetkami, które idealnie łączą smaki ostre, kwaśne i słone. Miejsce wyróżnia się obecnością rzadko spotykanych w innych lokalach potraw oraz przyjazną obsługą, a ze względu na dużą popularność lokalu zaleca się wcześniejszą rezerwację stolika.",Pon: 11:00 AM – 11:00 PM | Wt: 11:00 AM – 11:00 PM | Śr: 11:00 AM – 11:00 PM | Czw: 11:00 AM – 11:00 PM | Pt: 11:00 AM – 11:00 PM | Sob: 11:00 AM – 11:00 PM | Ndz: 11:00 AM – 11:00 PM,2.9,7.3,https://www.google.com/maps/search/?api=1&query=90+Soi+Sukhumvit+33%2C+Khwaeng+Khlong+Tan+Nuea%2C+Watthana%2C+Krung+Thep+Maha+Nakhon+10110%2C+Thailand&query_place_id=ChIJoc-7O_ye4jARa2GblY_w4Bo
The Sportsman Sports Bar and Restaurant,"10 22 Soi Sukhumvit 13, Khwaeng Khlong Toei Nuea, Watthana, Krung Thep Maha Nakhon 10110, Thailand","10 22 Soi Sukhumvit 13, Khwaeng Khlong Toei Nuea, Watthana, Krung Thep Maha Nakhon 10110, Thailand",Międzynarodowa,Sukhumvit,$$$,4.4,2354,"The Sportsman to przestronny, dwupiętrowy bar sportowy z licznymi ekranami i bogatym zapleczem rozrywkowym, obejmującym stoły do bilarda, darta oraz shuffleboarda. Miejsce wyróżnia się transmisjami wydarzeń na żywo (np. F1 czy NFL) już od 7:00 rano, a w menu warto postawić na klasyczne śniadanie angielskie, wieżę piwa Asahi oraz przekąski, takie jak nachosy z jalapeño czy chrupiące krążki cebulowe. Dodatkowym atutem jest możliwość rezerwacji miejsc przed popularnymi meczami oraz miła i pomocna obsługa.",Pon: 7:00 AM – 2:00 AM | Wt: 7:00 AM – 2:00 AM | Śr: 7:00 AM – 2:00 AM | Czw: 7:00 AM – 2:00 AM | Pt: 7:00 AM – 2:30 AM | Sob: 7:00 AM – 2:30 AM | Ndz: 7:00 AM – 2:00 AM,2.8,8.3,https://www.google.com/maps/search/?api=1&query=10+22+Soi+Sukhumvit+13%2C+Khwaeng+Khlong+Toei+Nuea%2C+Watthana%2C+Krung+Thep+Maha+Nakhon+10110%2C+Thailand&query_place_id=ChIJw6FWZOOe4jARGo7ya9vZ0qs
Cappadocia Turkish Restaurant Bangkok,"33, 7 Soi Sukhumvit 11, Khlong Toei, Watthana, Krung Thep Maha Nakhon 10110, Thailand","33, 7 Soi Sukhumvit 11, Khlong Toei, Watthana, Krung Thep Maha Nakhon 10110, Thailand",Międzynarodowa,Sukhumvit,,4.9,2327,"Restauracja Cappadocia w Bangkoku słynie z wybitnej obsługi oraz autentycznych dań, takich jak doskonały lahmacun, sycący hummus czy aromatyczne kebaby adana i iskender. Goście szczególnie chwalą duże porcje oraz darmowe przystawki na powitanie (amuse-bouche), podkreślając wysoką jakość potraw porównywalną do najlepszych lokali w Turcji czy Berlinie. Mimo lokalizacji wewnątrz budynku, miejsce urzeka gościnną atmosferą i oferuje wygodny parking bezpośrednio przed wejściem.",Pon: 10:00 AM – 2:00 AM | Wt: 10:00 AM – 2:00 AM | Śr: 10:00 AM – 2:00 AM | Czw: 10:00 AM – 2:00 AM | Pt: 10:00 AM – 2:00 AM | Sob: 8:00 AM – 2:00 AM | Ndz: 8:00 AM – 2:00 AM,2.9,8.8,https://www.google.com/maps/search/?api=1&query=33%2C+7+Soi+Sukhumvit+11%2C+Khlong+Toei%2C+Watthana%2C+Krung+Thep+Maha+Nakhon+10110%2C+Thailand&query_place_id=ChIJ3zV6PzOf4jARGBvpSUSkQlg
Peppina (Sukhumvit Flagship Branch),"27/1 Soi Sukhumvit 33, Khwaeng Khlong Toei Nuea, Watthana, Krung Thep Maha Nakhon 10110, Thailand","27/1 Soi Sukhumvit 33, Khwaeng Khlong Toei Nuea, Watthana, Krung Thep Maha Nakhon 10110, Thailand",Międzynarodowa,Sukhumvit,$$$$,4.5,2311,"Peppina to jeden z najlepszych lokali w Bangkoku serwujących autentyczną pizzę neapolitańską z pieca opalanego drewnem, która wyróżnia się wyjątkowo miękkim ciastem i najwyższej jakości składnikami. Oprócz flagowej pizzy warto zamówić makarony na bazie pomidorów, ciesząc się tętniącą życiem atmosferą i widokiem na kucharzy pracujących w otwartej kuchni. Ze względu na dużą popularność miejsca, nawet w dni powszednie, zaleca się wcześniejszą rezerwację stolika.","Pon: 11:30 AM – 3:00 PM, 5:00 – 11:00 PM | Wt: 11:30 AM – 3:00 PM, 5:00 – 11:00 PM | Śr: 11:30 AM – 3:00 PM, 5:00 – 11:00 PM | Czw: 11:30 AM – 3:00 PM, 5:00 – 11:00 PM | Pt: 11:30 AM – 3:00 PM, 5:00 – 11:00 PM | Sob: 11:00 AM – 11:00 PM | Ndz: 11:00 AM – 11:00 PM",2.8,7.4,https://www.google.com/maps/search/?api=1&query=27%2F1+Soi+Sukhumvit+33%2C+Khwaeng+Khlong+Toei+Nuea%2C+Watthana%2C+Krung+Thep+Maha+Nakhon+10110%2C+Thailand&query_place_id=ChIJQ0cFbPye4jARKjjpGD8_chs
Roast @EmQuartier,"693 ชั้น1, ตึกเฮลิกส์ เอ, Sukhumvit Rd, Khwaeng Khlong Tan Nuea, Watthana, Krung Thep Maha Nakhon 10110, Thailand","693 ชั้น1, ตึกเฮลิกส์ เอ, Sukhumvit Rd, Khwaeng Khlong Tan Nuea, Watthana, Krung Thep Maha Nakhon 10110, Thailand",Międzynarodowa,Sukhumvit,$$$$,4.5,2114,"Roast @EmQuartier to popularne miejsce z kreatywną kuchnią fusion, słynące z doskonałego tiramisu, kurczaka po peruwiańsku oraz darmowego, ciepłego pieczywa serwowanego na start. Goście szczególnie polecają tutejszą kawę, w tym zbalansowaną mrożoną latte, oraz personalizowane naleśniki z wybranymi dodatkami. Mimo lokalizacji w centrum handlowym, restauracja oferuje przytulną atmosferę i bardzo sprawną obsługę, choć w godzinach szczytu bywa w niej dość głośno.",Pon: 10:00 AM – 10:00 PM | Wt: 10:00 AM – 10:00 PM | Śr: 10:00 AM – 10:00 PM | Czw: 10:00 AM – 10:00 PM | Pt: 10:00 AM – 10:00 PM | Sob: 10:00 AM – 10:00 PM | Ndz: 10:00 AM – 10:00 PM,3.8,6.8,https://www.google.com/maps/search/?api=1&query=693+%E0%B8%8A%E0%B8%B1%E0%B9%89%E0%B8%991%2C+%E0%B8%95%E0%B8%B6%E0%B8%81%E0%B9%80%E0%B8%AE%E0%B8%A5%E0%B8%B4%E0%B8%81%E0%B8%AA%E0%B9%8C+%E0%B9%80%E0%B8%AD%2C+Sukhumvit+Rd%2C+Khwaeng+Khlong+Tan+Nuea%2C+Watthana%2C+Krung+Thep+Maha+Nakhon+10110%2C+Thailand&query_place_id=ChIJbeWM8wGf4jAR7FjVuQoT7po
Kinnaree by Vanessa WU,"43 Soi Sukhumvit 8, Khwaeng Khlong Toei, Khet Khlong Toei, Krung Thep Maha Nakhon 10110, Thailand","43 Soi Sukhumvit 8, Khwaeng Khlong Toei, Khet Khlong Toei, Krung Thep Maha Nakhon 10110, Thailand",Międzynarodowa,Sukhumvit,$$$,4.7,2074,"Kinnaree to elegancka restauracja serwująca nowoczesną kuchnię tajską, która zachwyca artystycznym wystrojem i nienaganną obsługą, idealną na specjalne okazje. Goście szczególnie polecają curry z wędzoną kaczką, labraksa w sosie limonkowym oraz krewetki rzeczne z chrupiącym ryżem, chwaląc przy tym duże porcje i wysoką jakość składników. Miejsce wyróżnia się dbałością o detale, oferując darmowe przystawki powitalne, napoje oczyszczające podniebienie oraz wyjątkowy koktajl Chiang Mai, idealny do dzielenia się.",Pon: 12:00 – 11:00 PM | Wt: 12:00 – 11:00 PM | Śr: 12:00 – 11:00 PM | Czw: 12:00 – 11:00 PM | Pt: 12:00 – 11:00 PM | Sob: 12:00 – 11:00 PM | Ndz: 12:00 – 11:00 PM,3.3,8.5,https://www.google.com/maps/search/?api=1&query=43+Soi+Sukhumvit+8%2C+Khwaeng+Khlong+Toei%2C+Khet+Khlong+Toei%2C+Krung+Thep+Maha+Nakhon+10110%2C+Thailand&query_place_id=ChIJxQ8pOeGe4jARKEb-XzwWyNs
Som Tum Khun Kan,"6 Soi Wachiratham Sathit 23, Khwaeng Bang Chak, Khet Phra Khanong, Krung Thep Maha Nakhon 10260, Thailand","6 Soi Wachiratham Sathit 23, Khwaeng Bang Chak, Khet Phra Khanong, Krung Thep Maha Nakhon 10260, Thailand",Międzynarodowa,Phra Khanong,$$$,4.5,2060,"Som Tum Khun Kan to wyróżniona przez Michelin Bib Gourmand restauracja, słynąca z doskonałej grillowanej karkówki w sosie tamaryndowym oraz smażonej ryby wężogłów w aromatycznym sosie ziołowym. W menu warto zwrócić uwagę także na świeże owoce morza, sałatkę z papai i placki kokosowe, serwowane sprawnie w atmosferze sprzyjającej spotkaniom towarzyskim. Ze względu na dużą popularność miejsca, zaleca się wcześniejszą rezerwację stolika.",Pon: 10:00 AM – 9:30 PM | Wt: 10:00 AM – 9:30 PM | Śr: 10:00 AM – 9:30 PM | Czw: 10:00 AM – 9:30 PM | Pt: 10:00 AM – 10:00 PM | Sob: 10:00 AM – 10:00 PM | Ndz: 10:00 AM – 10:00 PM,11.7,1.8,https://www.google.com/maps/search/?api=1&query=6+Soi+Wachiratham+Sathit+23%2C+Khwaeng+Bang+Chak%2C+Khet+Phra+Khanong%2C+Krung+Thep+Maha+Nakhon+10260%2C+Thailand&query_place_id=ChIJ8Vs4siRgHTERYBWoQHbyALI
B. Elbasha Asok Branch (Halal Lebanese & Turkish Restaurant),"25, 4 Soi Sukhumvit 16, Khwaeng Khlong Toei, Khet Khlong Toei, Krung Thep Maha Nakhon 10110, Thailand","25, 4 Soi Sukhumvit 16, Khwaeng Khlong Toei, Khet Khlong Toei, Krung Thep Maha Nakhon 10110, Thailand",Międzynarodowa,Sukhumvit,,4.7,2038,"Ta przytulna restauracja serwuje autentyczne dania kuchni bliskowschodniej, spośród których klienci szczególnie polecają soczysty talerz szarmy, kremową zupę z kurczaka oraz libański hummus podawany z puszystym chlebem. Miejsce wyróżnia się obfitymi porcjami, estetycznym sposobem podania potraw oraz niezwykle gościnną obsługą, która chętnie doradza w wyborze specjałów. Dodatkowym atutem są świeże składniki i wyraziste, dopracowane smaki, które zadowolą nawet wymagających smakoszy.",Pon: 9:00 AM – 2:00 AM | Wt: 9:00 AM – 2:00 AM | Śr: 9:00 AM – 2:00 AM | Czw: 9:00 AM – 2:00 AM | Pt: 9:00 AM – 2:00 AM | Sob: 9:00 AM – 2:00 AM | Ndz: 9:00 AM – 2:00 AM,3.1,8.0,https://www.google.com/maps/search/?api=1&query=25%2C+4+Soi+Sukhumvit+16%2C+Khwaeng+Khlong+Toei%2C+Khet+Khlong+Toei%2C+Krung+Thep+Maha+Nakhon+10110%2C+Thailand&query_place_id=ChIJ0-I10zOf4jARV8SRMCyRRlw
Gigi Eatery Asoke,"28 Soi Sukhumvit 19, Khwaeng Khlong Tan Nuea, Watthana, Krung Thep Maha Nakhon 10110, Thailand","28 Soi Sukhumvit 19, Khwaeng Khlong Tan Nuea, Watthana, Krung Thep Maha Nakhon 10110, Thailand",Międzynarodowa,Sukhumvit,,4.8,1936,"Gigi Eatery Asoke to stylowe miejsce z „funkowym” wnętrzem, które wyróżnia się wyjątkową gościnnością wobec zwierząt (osobne menu dla pupili) oraz udogodnieniami dla rodzin, takimi jak kącik zabaw dla dzieci. Warto zamówić tu ravioli cytrynowe, pieczonego kalafiora lub chleb do pizzy, a całość dopełnić dopracowanymi koktajlami lub kawą Americano. Lokal zachwyca swobodną atmosferą i niezwykle uważną obsługą, co czyni go idealnym wyborem na rodzinny brunch lub spotkanie z przyjaciółmi.",Pon: 7:00 AM – 12:00 AM | Wt: 7:00 AM – 12:00 AM | Śr: 7:00 AM – 12:00 AM | Czw: 7:00 AM – 12:00 AM | Pt: 7:00 AM – 12:00 AM | Sob: 7:00 AM – 12:00 AM | Ndz: 7:00 AM – 12:00 AM,2.5,8.0,https://www.google.com/maps/search/?api=1&query=28+Soi+Sukhumvit+19%2C+Khwaeng+Khlong+Tan+Nuea%2C+Watthana%2C+Krung+Thep+Maha+Nakhon+10110%2C+Thailand&query_place_id=ChIJw5WEJoqf4jARFC4PiDtFCzc
Go Ang Pratunam Hainanese Chicken Rice 2,"17, Khwaeng Lumphini, Pathum Wan, Krung Thep Maha Nakhon 10330, Thailand","17, Khwaeng Lumphini, Pathum Wan, Krung Thep Maha Nakhon 10330, Thailand",Międzynarodowa,Pathum Wan,$$$,4.4,1851,"Ta nagrodzona wyróżnieniem Michelin Bib Gourmand restauracja słynie z wyśmienitego kurczaka po hajnańsku z aromatycznym ryżem i autorskim sosem, a w menu warto sprawdzić także chrupiącego kurczaka, zupę z żeberek oraz fasolkę z czosnkiem. Miejsce wyróżnia się czystością, obecnością klimatyzacji oraz bardzo przystępnymi cenami, oferując szybką i sprawną obsługę mimo dużej popularności. To kultowy punkt w Bangkoku z ponad 60-letnią tradycją, który zapewnia wysoką jakość dań w komfortowych warunkach.",Pon: 9:00 AM – 9:30 PM | Wt: 9:00 AM – 9:30 PM | Śr: 9:00 AM – 9:30 PM | Czw: 9:00 AM – 9:30 PM | Pt: 9:00 AM – 9:30 PM | Sob: 9:00 AM – 9:30 PM | Ndz: 9:00 AM – 9:30 PM,3.8,10.7,https://www.google.com/maps/search/?api=1&query=17%2C+Khwaeng+Lumphini%2C+Pathum+Wan%2C+Krung+Thep+Maha+Nakhon+10330%2C+Thailand&query_place_id=ChIJj_WIE_Kf4jARywEFZ_PhZtE
Oskar Bistro Bangkok,"24 Soi Sukhumvit 11, Khwaeng Khlong Toei Nuea, Watthana, Krung Thep Maha Nakhon 10110, Thailand","24 Soi Sukhumvit 11, Khwaeng Khlong Toei Nuea, Watthana, Krung Thep Maha Nakhon 10110, Thailand",Międzynarodowa,Sukhumvit,$$$$,4.5,1731,"Oskar Bistro to jedno z najlepszych miejsc na randkę w rejonie Sukhumvit, które łączy wyrafinowaną kuchnię z tętniącą życiem atmosferą i świetną obsługą. Goście szczególnie polecają flagową pizzę „Oskar signature” na cienkim cieście, soczyste steki oraz świeżego tuńczyka z azjatyckim akcentem. Wieczorami lokal zmienia swój charakter – przytulna atmosfera ustępuje miejsca energetycznej zabawie z muzyką, tańcami i szerokim wyborem profesjonalnie przygotowanych drinków.",Pon: 5:00 PM – 1:00 AM | Wt: 5:00 PM – 1:00 AM | Śr: 5:00 PM – 1:00 AM | Czw: 5:00 PM – 1:00 AM | Pt: 5:00 PM – 1:00 AM | Sob: 5:00 PM – 1:00 AM | Ndz: 5:00 PM – 1:00 AM,2.9,8.7,https://www.google.com/maps/search/?api=1&query=24+Soi+Sukhumvit+11%2C+Khwaeng+Khlong+Toei+Nuea%2C+Watthana%2C+Krung+Thep+Maha+Nakhon+10110%2C+Thailand&query_place_id=ChIJM-1xG-ae4jAR11Hwj7RSjKY
วัวกิว ก๋วยเตี๋ยวเรือเนื้อพ่นไฟ - Wuagyu (สาขา 101 True Digital Park),"ห้อง 133-134 ชั้น2, ศูนย์การค้า 101, True Digital Park, เลขที่ 101 ถ. สุขุมวิท แขวงบางจาก เขตพระโขนง กรุงเทพมหานคร 10260, Thailand","ห้อง 133-134 ชั้น2, ศูนย์การค้า 101, True Digital Park, เลขที่ 101 ถ. สุขุมวิท แขวงบางจาก เขตพระโขนง กรุงเทพมหานคร 10260, Thailand",Międzynarodowa,,,4.9,1707,"To miejsce to obowiązkowy punkt dla miłośników hot potu, słynący z doskonałej jakości wołowiny Wagyu o rewelacyjnej marynacie oraz wyrazistych, aromatycznych zup. Goście szczególnie polecają korzystny cenowo bufet (399 THB), w którym warto spróbować także kulek wołowych i gotowanej wołowiny. Restauracja wyróżnia się na tle konkurencji nie tylko wysoką jakością mięsa, ale również wyjątkowo uważną i profesjonalną obsługą.",Pon: 11:00 AM – 9:00 PM | Wt: 11:00 AM – 9:00 PM | Śr: 11:00 AM – 9:00 PM | Czw: 11:00 AM – 9:00 PM | Pt: 11:00 AM – 9:00 PM | Sob: 11:00 AM – 9:00 PM | Ndz: 11:00 AM – 9:00 PM,10.8,0.9,https://www.google.com/maps/search/?api=1&query=%E0%B8%AB%E0%B9%89%E0%B8%AD%E0%B8%87+133-134+%E0%B8%8A%E0%B8%B1%E0%B9%89%E0%B8%992%2C+%E0%B8%A8%E0%B8%B9%E0%B8%99%E0%B8%A2%E0%B9%8C%E0%B8%81%E0%B8%B2%E0%B8%A3%E0%B8%84%E0%B9%89%E0%B8%B2+101%2C+True+Digital+Park%2C+%E0%B9%80%E0%B8%A5%E0%B8%82%E0%B8%97%E0%B8%B5%E0%B9%88+101+%E0%B8%96.+%E0%B8%AA%E0%B8%B8%E0%B8%82%E0%B8%B8%E0%B8%A1%E0%B8%A7%E0%B8%B4%E0%B8%97+%E0%B9%81%E0%B8%82%E0%B8%A7%E0%B8%87%E0%B8%9A%E0%B8%B2%E0%B8%87%E0%B8%88%E0%B8%B2%E0%B8%81+%E0%B9%80%E0%B8%82%E0%B8%95%E0%B8%9E%E0%B8%A3%E0%B8%B0%E0%B9%82%E0%B8%82%E0%B8%99%E0%B8%87+%E0%B8%81%E0%B8%A3%E0%B8%B8%E0%B8%87%E0%B9%80%E0%B8%97%E0%B8%9E%E0%B8%A1%E0%B8%AB%E0%B8%B2%E0%B8%99%E0%B8%84%E0%B8%A3+10260%2C+Thailand&query_place_id=ChIJg_iOqM2h4jAREBIHQ0KtVUo
"Burbrit Craft Beer @Sukhumvit 22, Bangkok","Unit 6, Ground Floor, 1 Sukhumvit Soi 22, Khwaeng Khlong Tan Nuea, Khet Khlong Toei, Krung Thep Maha Nakhon 10110, Thailand","Unit 6, Ground Floor, 1 Sukhumvit Soi 22, Khwaeng Khlong Tan Nuea, Khet Khlong Toei, Krung Thep Maha Nakhon 10110, Thailand",Międzynarodowa,Sukhumvit,,4.8,1703,"Burbrit Craft Beer to tętniące życiem miejsce idealne dla miłośników autorskich trunków, w którym warto spróbować Double Black Stout o smaku kawy lub łagodniejszego Kinky Love. Lokal wyróżnia się muzyką na żywo, transmisjami meczów oraz smacznymi przekąskami, takimi jak frytki z parmezanem i chrupiące sajgonki. Goście doceniają też przyjazną atmosferę i taras zewnętrzny, który pozwala poczuć energię nocnego Bangkoku przy szklance świeżego, zimnego piwa.",Pon: 12:00 PM – 4:00 AM | Wt: 12:00 PM – 4:00 AM | Śr: 12:00 PM – 4:00 AM | Czw: 12:00 PM – 4:00 AM | Pt: 12:00 PM – 4:00 AM | Sob: 12:00 PM – 12:00 AM | Ndz: 12:00 PM – 4:00 AM,3.2,7.0,https://www.google.com/maps/search/?api=1&query=Unit+6%2C+Ground+Floor%2C+1+Sukhumvit+Soi+22%2C+Khwaeng+Khlong+Tan+Nuea%2C+Khet+Khlong+Toei%2C+Krung+Thep+Maha+Nakhon+10110%2C+Thailand&query_place_id=ChIJ3ZtDykqf4jARSheuti1PqGs
Bella Napoli,"3 3 Sukhumvit 31, Khwaeng Khlong Toei Nuea, Watthana, Krung Thep Maha Nakhon 10110, Thailand","3 3 Sukhumvit 31, Khwaeng Khlong Toei Nuea, Watthana, Krung Thep Maha Nakhon 10110, Thailand",Międzynarodowa,Sukhumvit,$$$,4.4,1686,"Bella Napoli to autentyczna włoska restauracja o przytulnym klimacie retro, która wyróżnia się wyjątkowo szybką obsługą i serem tartym bezpośrednio przy stoliku klienta. Warto zamówić unikalne spaghetti serwowane w glinianym naczyniu pod cienkim ciastem, idealnie przyrządzone risotto z owocami morza lub dużą, chrupiącą pizzę. Goście doceniają to miejsce za świeże carpaccio oraz przystępne ceny, które idą w parze z domowym winem i rodzinną atmosferą.",Pon: 11:30 AM – 11:00 PM | Wt: 11:30 AM – 11:00 PM | Śr: 11:30 AM – 11:00 PM | Czw: 11:30 AM – 11:00 PM | Pt: 11:30 AM – 11:00 PM | Sob: 11:30 AM – 11:00 PM | Ndz: 11:30 AM – 11:00 PM,3.1,7.0,https://www.google.com/maps/search/?api=1&query=3+3+Sukhumvit+31%2C+Khwaeng+Khlong+Toei+Nuea%2C+Watthana%2C+Krung+Thep+Maha+Nakhon+10110%2C+Thailand&query_place_id=ChIJiQw_nv2e4jARK1X3HZMqPM8
Hemingway,"19 Soi Sukhumvit 11, Khwaeng Khlong Toei Nuea, Watthana, Krung Thep Maha Nakhon 10110, Thailand","19 Soi Sukhumvit 11, Khwaeng Khlong Toei Nuea, Watthana, Krung Thep Maha Nakhon 10110, Thailand",Międzynarodowa,Sukhumvit,$$$,4.3,1668,"Hemingway to wyjątkowe miejsce z muzyką na żywo i świetnym ogródkiem, które zachwyca gości pysznym jedzeniem oraz dużymi porcjami. Warto zamówić przede wszystkim tostadas z krewetkami, uznawane za specjalność lokalu wartą każdej minuty oczekiwania. Restauracja wyróżnia się relaksującą atmosferą i występami zespołów grających znane hity, co czyni ją idealnym punktem na wieczorne wyjście.",Pon: 11:00 AM – 2:00 AM | Wt: 11:00 AM – 2:00 AM | Śr: 11:00 AM – 2:00 AM | Czw: 11:00 AM – 2:00 AM | Pt: 11:00 AM – 2:00 AM | Sob: 11:00 AM – 2:00 AM | Ndz: 11:00 AM – 2:00 AM,3.0,8.5,https://www.google.com/maps/search/?api=1&query=19+Soi+Sukhumvit+11%2C+Khwaeng+Khlong+Toei+Nuea%2C+Watthana%2C+Krung+Thep+Maha+Nakhon+10110%2C+Thailand&query_place_id=ChIJg21A2cqf4jARLYfjfmm9SAc
Little Spicy Restaurant (Halal),"171 Soi Sukhumvit 11, Khwaeng Khlong Toei Nuea, Watthana, Krung Thep Maha Nakhon 10110, Thailand","171 Soi Sukhumvit 11, Khwaeng Khlong Toei Nuea, Watthana, Krung Thep Maha Nakhon 10110, Thailand",Międzynarodowa,Sukhumvit,$$$,4.5,1607,"Little Spicy Restaurant to ceniony lokal halal w Bangkoku, słynący z autentycznej kuchni bengalskiej i indyjskiej oraz niezwykle gościnnej, profesjonalnej obsługi. Warto zamówić tu tradycyjne specjały, takie jak Beef Kala Vuna, curry Ilish czy pyszne zestawy śniadaniowe z parathą i chana daal, które zachwycają bogactwem przypraw i świeżością. Miejsce wyróżnia się nienaganną czystością oraz wyjątkową troską właściciela o gości, co według recenzentów czyni tę restaurację jedną z najlepszych tego typu na świecie.",Pon: 8:00 AM – 4:00 AM | Wt: 8:00 AM – 4:00 AM | Śr: 8:00 AM – 4:00 AM | Czw: 8:00 AM – 4:00 AM | Pt: 8:00 AM – 4:00 AM | Sob: 8:00 AM – 4:00 AM | Ndz: 8:00 AM – 4:00 AM,3.2,8.4,https://www.google.com/maps/search/?api=1&query=171+Soi+Sukhumvit+11%2C+Khwaeng+Khlong+Toei+Nuea%2C+Watthana%2C+Krung+Thep+Maha+Nakhon+10110%2C+Thailand&query_place_id=ChIJF6qNZeOe4jAR41Vm65hhlwU
SFX Cinema Central Rama 9,"Thailand, Bangkok, Huai Khwang, Bangkok, Ratchadaphisek Rd, 7th","Thailand, Bangkok, Huai Khwang, Bangkok, Ratchadaphisek Rd, 7th",Międzynarodowa,Huai Khwang,,4.4,1601,"SFX Cinema Central Rama 9 oferuje różnorodne opcje biletowe, w tym luksusową strefę First Class oraz Zigma Cinestadium z bardzo dobrym popcornem i szerokim wyborem napojów. Miejsce wyróżnia się komfortowymi warunkami idealnymi dla par, jednak warto przygotować się na blisko 20-minutowy blok reklam przed samym seansem. Choć kino zachwyca majestatycznym wyglądem, opinie o jakości serwowanych w pakiecie premium posiłków są podzielone, dlatego część gości sugeruje wybór standardowych biletów.",Pon: 10:00 AM – 10:00 PM | Wt: 10:00 AM – 10:00 PM | Śr: 10:00 AM – 10:00 PM | Czw: 10:00 AM – 10:00 PM | Pt: 10:00 AM – 10:00 PM | Sob: 10:00 AM – 10:00 PM | Ndz: 10:00 AM – 10:00 PM,0.6,10.1,https://www.google.com/maps/search/?api=1&query=Thailand%2C+Bangkok%2C+Huai+Khwang%2C+Bangkok%2C+Ratchadaphisek+Rd%2C+7th&query_place_id=ChIJU0O--wOf4jAR6i4_S76uQjc
Scruffy Murphy's Irish Pub,"10/1 Soi Sukhumvit 23, Khwaeng Khlong Toei Nuea, Watthana, Krung Thep Maha Nakhon 10110, Thailand","10/1 Soi Sukhumvit 23, Khwaeng Khlong Toei Nuea, Watthana, Krung Thep Maha Nakhon 10110, Thailand",Międzynarodowa,Sukhumvit,$$$,4.3,1540,"Ten autentyczny irlandzki pub słynie z doskonałych dań, takich jak sycący Sunday Roast z Yorkshire puddingiem, bangers and mash czy soczyste burgery Angus. Miejsce wyróżnia się tradycyjnym klimatem z muzyką na żywo i transmisjami sportowymi, stanowiąc idealną ucieczkę od miejskiego zgiełku. Goście doceniają duże porcje, korzystne oferty happy hour oraz codzienne promocje cenowe.",Pon: 11:30 AM – 12:00 AM | Wt: 11:30 AM – 12:00 AM | Śr: 11:30 AM – 12:00 AM | Czw: 11:30 AM – 12:00 AM | Pt: 11:30 AM – 12:00 AM | Sob: 9:00 AM – 12:00 AM | Ndz: 9:00 AM – 12:00 AM,2.6,7.6,https://www.google.com/maps/search/?api=1&query=10%2F1+Soi+Sukhumvit+23%2C+Khwaeng+Khlong+Toei+Nuea%2C+Watthana%2C+Krung+Thep+Maha+Nakhon+10110%2C+Thailand&query_place_id=ChIJaaKONuOe4jAROl3tDxODS6Q
PIZZERIA LIMONCELLO,"17 Soi Sukhumvit 11, Klongtoey-Nua Watthana, Krung Thep Maha Nakhon 10110, Thailand","17 Soi Sukhumvit 11, Klongtoey-Nua Watthana, Krung Thep Maha Nakhon 10110, Thailand",Międzynarodowa,Sukhumvit,$$$$,4.3,1505,"Pizzeria Limoncello to kultowe miejsce w Bangkoku, słynące z wyśmienitej pizzy na cienkim i chrupiącym cieście z tradycyjnego pieca oraz znakomitej zupy lobster bisque i tiramisu. Restauracja wyróżnia się wyjątkowo serdeczną, profesjonalną obsługą oraz dużymi porcjami dań, które są uznawane przez gości za jedne z najlepszych potraw włoskich w Tajlandii. Miłośnicy ostrych smaków powinni koniecznie spróbować tutejszej pizzy Diavola, ciesząc się przy tym swobodną i przyjazną atmosferą lokalu.","Pon: 11:00 AM – 2:00 PM, 5:00 – 10:30 PM | Wt: 11:00 AM – 2:00 PM, 5:00 – 10:30 PM | Śr: 11:00 AM – 2:00 PM, 5:00 – 10:30 PM | Czw: 11:00 AM – 2:00 PM, 5:00 – 10:30 PM | Pt: 11:00 AM – 2:00 PM, 5:00 – 10:30 PM | Sob: 11:00 AM – 3:00 PM, 5:00 – 10:30 PM | Ndz: 11:00 AM – 3:00 PM, 5:00 – 10:30 PM",3.1,8.6,https://www.google.com/maps/search/?api=1&query=17+Soi+Sukhumvit+11%2C+Klongtoey-Nua+Watthana%2C+Krung+Thep+Maha+Nakhon+10110%2C+Thailand&query_place_id=ChIJGxT-Q-ae4jAR77IayXkB9YA
โค ลิมิเต็ด เอ็มสเฟียร์ - CO LIMITED emSphere,"628 ห้อง GM05 Sukhumvit Rd, Khwaeng Khlong Tan, Khet Khlong Toei, Krung Thep Maha Nakhon 10110, Thailand","628 ห้อง GM05 Sukhumvit Rd, Khwaeng Khlong Tan, Khet Khlong Toei, Krung Thep Maha Nakhon 10110, Thailand",Międzynarodowa,Sukhumvit,,4.7,1466,"CO LIMITED to stylowe miejsce o przytulnej atmosferze, które wyróżnia się autentyczną kuchnią tajską oraz profesjonalną i szybką obsługą. Warto zamówić tu przede wszystkim pieczone krewetki rzeczne z makaronem szklanym, okonia morskiego w sosie chili oraz ryż smażony z krabem lub czosnkiem i polędwicą wieprzową. Choć restauracja należy do droższych, goście chwalą ją za bogate menu z wyraźnymi oznaczeniami dań oraz świetnie zbalansowane smaki, m.in. pikantnej sałatki z papai z grillowanym kurczakiem.",Pon: 11:00 AM – 10:00 PM | Wt: 11:00 AM – 10:00 PM | Śr: 11:00 AM – 10:00 PM | Czw: 11:00 AM – 10:00 PM | Pt: 11:00 AM – 10:00 PM | Sob: 11:00 AM – 10:00 PM | Ndz: 11:00 AM – 10:00 PM,3.4,6.8,https://www.google.com/maps/search/?api=1&query=628+%E0%B8%AB%E0%B9%89%E0%B8%AD%E0%B8%87+GM05+Sukhumvit+Rd%2C+Khwaeng+Khlong+Tan%2C+Khet+Khlong+Toei%2C+Krung+Thep+Maha+Nakhon+10110%2C+Thailand&query_place_id=ChIJ0b416lCf4jARd7O0x9wjoC4
วัวกิว ก๋วยเตี๋ยวเรือเนื้อพ่นไฟ - Wuagyu (สาขา Central Rama 9),"ชั้น B ห้องเลฃที่ B41 ศูนย์การค้าเซ็นทรัล พลาซาแกรนด์ พระราม 9 9 Rama IX Rd, Khwaeng Huai Khwang, Khet Huai Khwang, Krung Thep Maha Nakhon 10320, Thailand","ชั้น B ห้องเลฃที่ B41 ศูนย์การค้าเซ็นทรัล พลาซาแกรนด์ พระราม 9 9 Rama IX Rd, Khwaeng Huai Khwang, Khet Huai Khwang, Krung Thep Maha Nakhon 10320, Thailand",Międzynarodowa,Huai Khwang,,4.8,1375,"To miejsce wyróżnia się ogromnymi porcjami kultowych zup „boat noodle”, które są po brzegi wypełnione wysokiej jakości, kruchą wołowiną Wagyu i różnorodnymi cięciami mięsa. Warto spróbować także aromatycznego Beef Kraphao z jajkiem sadzonym, chrupiących wontonów oraz orzeźwiającej sałatki z jajkiem, ciesząc się doskonałym smakiem w przystępnej cenie.",Pon: 11:00 AM – 9:00 PM | Wt: 11:00 AM – 9:00 PM | Śr: 11:00 AM – 9:00 PM | Czw: 11:00 AM – 9:00 PM | Pt: 11:00 AM – 9:00 PM | Sob: 11:00 AM – 9:00 PM | Ndz: 11:00 AM – 9:00 PM,0.5,10.2,https://www.google.com/maps/search/?api=1&query=%E0%B8%8A%E0%B8%B1%E0%B9%89%E0%B8%99+B+%E0%B8%AB%E0%B9%89%E0%B8%AD%E0%B8%87%E0%B9%80%E0%B8%A5%E0%B8%83%E0%B8%97%E0%B8%B5%E0%B9%88+B41+%E0%B8%A8%E0%B8%B9%E0%B8%99%E0%B8%A2%E0%B9%8C%E0%B8%81%E0%B8%B2%E0%B8%A3%E0%B8%84%E0%B9%89%E0%B8%B2%E0%B9%80%E0%B8%8B%E0%B9%87%E0%B8%99%E0%B8%97%E0%B8%A3%E0%B8%B1%E0%B8%A5+%E0%B8%9E%E0%B8%A5%E0%B8%B2%E0%B8%8B%E0%B8%B2%E0%B9%81%E0%B8%81%E0%B8%A3%E0%B8%99%E0%B8%94%E0%B9%8C+%E0%B8%9E%E0%B8%A3%E0%B8%B0%E0%B8%A3%E0%B8%B2%E0%B8%A1+9+9+Rama+IX+Rd%2C+Khwaeng+Huai+Khwang%2C+Khet+Huai+Khwang%2C+Krung+Thep+Maha+Nakhon+10320%2C+Thailand&query_place_id=ChIJTVEoJROf4jAR9-EIf6H-uXY
"Baan Ying Central World, 3rd Fl.","4, 4/1-4/2,4/4, Central World, 3rd Floor, Rajdamri Road, Pathumwan, แขวงปทุมวัน เขตปทุมวัน กรุงเทพมหานคร 10330, Thailand","4, 4/1-4/2,4/4, Central World, 3rd Floor, Rajdamri Road, Pathumwan, แขวงปทุมวัน เขตปทุมวัน กรุงเทพมหานคร 10330, Thailand",Międzynarodowa,,,4.6,1324,"Baan Ying to przytulna restauracja serwująca autentyczne tajskie dania, w której goście mogą personalizować dodatki oraz poziom ostrości swoich potraw. Warto zamówić tu przede wszystkim smażony boczek, ryż smażony w ananasie, zupę Tom Yum oraz chrupiącego snappera lub zielone curry. Miejsce wyróżnia się bardzo uważną obsługą i rodzinną atmosferą, stanowiąc sprawdzony wybór na smaczny posiłek w centrum handlowym Central World.","Pon: 10:00 AM – 9:00 PM, 10:00 PM – 12:00 AM | Wt: 12:00 AM – 10:00 PM | Śr: 10:00 AM – 10:00 PM | Czw: 10:00 AM – 10:00 PM | Pt: 10:00 AM – 10:00 PM | Sob: 10:00 AM – 10:00 PM | Ndz: 10:00 AM – 10:00 PM",4.0,10.5,https://www.google.com/maps/search/?api=1&query=4%2C+4%2F1-4%2F2%2C4%2F4%2C+Central+World%2C+3rd+Floor%2C+Rajdamri+Road%2C+Pathumwan%2C+%E0%B9%81%E0%B8%82%E0%B8%A7%E0%B8%87%E0%B8%9B%E0%B8%97%E0%B8%B8%E0%B8%A1%E0%B8%A7%E0%B8%B1%E0%B8%99+%E0%B9%80%E0%B8%82%E0%B8%95%E0%B8%9B%E0%B8%97%E0%B8%B8%E0%B8%A1%E0%B8%A7%E0%B8%B1%E0%B8%99+%E0%B8%81%E0%B8%A3%E0%B8%B8%E0%B8%87%E0%B9%80%E0%B8%97%E0%B8%9E%E0%B8%A1%E0%B8%AB%E0%B8%B2%E0%B8%99%E0%B8%84%E0%B8%A3+10330%2C+Thailand&query_place_id=ChIJp04t5s-e4jARy8oMsCZT4fg
The Iron Fairies Music Bar Bangkok,"1-2 Soi Sukhumvit 39, Khwaeng Khlong Tan Nuea, Watthana, Krung Thep Maha Nakhon 10110, Thailand","1-2 Soi Sukhumvit 39, Khwaeng Khlong Tan Nuea, Watthana, Krung Thep Maha Nakhon 10110, Thailand",Międzynarodowa,Sukhumvit,$$$,4.3,1286,"The Iron Fairies to wyjątkowo stylowy bar muzyczny z unikalnym designem, w którym codziennie od 21:30 można posłuchać muzyki na żywo, a w poniedziałki wziąć udział w wieczorach „open mic”. Goście doceniają to miejsce za bogaty wybór kreatywnych koktajli, bardzo dobre jedzenie oraz dostępność klimatycznego salonu cygar.",Pon: Closed | Wt: 7:00 PM – 2:00 AM | Śr: 7:00 PM – 2:00 AM | Czw: 7:00 PM – 2:00 AM | Pt: 7:00 PM – 2:00 AM | Sob: 7:00 PM – 2:00 AM | Ndz: 7:00 PM – 2:00 AM,2.9,7.1,https://www.google.com/maps/search/?api=1&query=1-2+Soi+Sukhumvit+39%2C+Khwaeng+Khlong+Tan+Nuea%2C+Watthana%2C+Krung+Thep+Maha+Nakhon+10110%2C+Thailand&query_place_id=ChIJGbCedYud4jAR3j_J4cYXPvo
Al-Yemen Al-Saeed Restaurant (Halal),"8, 15-16 Soi Sukhumvit 3/1, Khwaeng Khlong Toei Nuea, Watthana, Krung Thep Maha Nakhon 10110, Thailand","8, 15-16 Soi Sukhumvit 3/1, Khwaeng Khlong Toei Nuea, Watthana, Krung Thep Maha Nakhon 10110, Thailand",Międzynarodowa,Sukhumvit,,4.3,1282,"Restauracja serwuje autentyczne dania kuchni jemeńskiej, wśród których szczególnie polecane są aromatyczne Chicken i Lamb Mandi, kebaby oraz tradycyjny, miękki chleb. Miejsce wyróżnia się niezwykle pomocną obsługą i przytulną atmosferą, a do popularnego deseru kunafa goście często otrzymują w prezencie aromatyczną herbatę.",Pon: 8:00 AM – 4:00 AM | Wt: 8:00 AM – 4:00 AM | Śr: 8:00 AM – 4:00 AM | Czw: 8:00 AM – 4:00 AM | Pt: 8:00 AM – 4:00 AM | Sob: 8:00 AM – 4:00 AM | Ndz: 8:00 AM – 4:00 AM,2.9,8.9,https://www.google.com/maps/search/?api=1&query=8%2C+15-16+Soi+Sukhumvit+3%2F1%2C+Khwaeng+Khlong+Toei+Nuea%2C+Watthana%2C+Krung+Thep+Maha+Nakhon+10110%2C+Thailand&query_place_id=ChIJ12C1uOee4jARO9316TLOZEM
Pa Yak Boat Noodle ร้านก๋วยเตี๋ยวเรือป๋ายักษ์,"2 ร้านก๋วยเตี๋ยวเรือป๋ายักษ์ 23-24 Soi Ratchawithi 10, Khwaeng Thanon Phaya Thai, Khet Ratchathewi, Krung Thep Maha Nakhon 10400, Thailand","2 ร้านก๋วยเตี๋ยวเรือป๋ายักษ์ 23-24 Soi Ratchawithi 10, Khwaeng Thanon Phaya Thai, Khet Ratchathewi, Krung Thep Maha Nakhon 10400, Thailand",Międzynarodowa,Ratchathewi,$$$,4.3,1243,"To popularne miejsce przy Victory Monument słynie z tradycyjnego makaronu łodziowego (szczególnie polecana wersja z wołowiną) oraz aromatycznego Khao Soi Gai, serwowanych w niewielkich, bardzo tanich porcjach. Lokal wyróżnia się błyskawiczną obsługą, klimatyzowaną salą oraz tradycją układania wysokich stosów z pustych miseczek po zjedzonym posiłku. To idealny wybór na szybką i różnorodną degustację lokalnych smaków w komfortowych warunkach.",Pon: 9:00 AM – 9:00 PM | Wt: 9:00 AM – 9:00 PM | Śr: 9:00 AM – 9:00 PM | Czw: 9:00 AM – 9:00 PM | Pt: 9:00 AM – 9:00 PM | Sob: 9:00 AM – 9:00 PM | Ndz: 9:00 AM – 9:00 PM,3.7,12.6,https://www.google.com/maps/search/?api=1&query=2+%E0%B8%A3%E0%B9%89%E0%B8%B2%E0%B8%99%E0%B8%81%E0%B9%8B%E0%B8%A7%E0%B8%A2%E0%B9%80%E0%B8%95%E0%B8%B5%E0%B9%8B%E0%B8%A2%E0%B8%A7%E0%B9%80%E0%B8%A3%E0%B8%B7%E0%B8%AD%E0%B8%9B%E0%B9%8B%E0%B8%B2%E0%B8%A2%E0%B8%B1%E0%B8%81%E0%B8%A9%E0%B9%8C+23-24+Soi+Ratchawithi+10%2C+Khwaeng+Thanon+Phaya+Thai%2C+Khet+Ratchathewi%2C+Krung+Thep+Maha+Nakhon+10400%2C+Thailand&query_place_id=ChIJ2TBzi7Ce4jARamRDOztBSr4
Piyavate Hospital,"998 Khlong Samsen Rd, Khwaeng Bang Kapi, Khet Huai Khwang, Krung Thep Maha Nakhon 10310, Thailand","998 Khlong Samsen Rd, Khwaeng Bang Kapi, Khet Huai Khwang, Krung Thep Maha Nakhon 10310, Thailand",Międzynarodowa,Huai Khwang,,4.3,1142,"Piyavate Hospital wyróżnia się profesjonalną, wielojęzyczną obsługą i brakiem tłumów, co czyni go miejscem godnym zaufania dla obcokrajowców wykonujących kompleksowe badania okresowe. Warto skorzystać z dostępnych tu sprawnych testów PCR w atrakcyjnej cenie lub odwiedzić luksusowy budynek TRIA, który oferuje wyśmienite dania w bistro oraz światowej klasy spa.",Pon: Open 24 hours | Wt: Open 24 hours | Śr: Open 24 hours | Czw: Open 24 hours | Pt: Open 24 hours | Sob: Open 24 hours | Ndz: Open 24 hours,1.5,9.6,https://www.google.com/maps/search/?api=1&query=998+Khlong+Samsen+Rd%2C+Khwaeng+Bang+Kapi%2C+Khet+Huai+Khwang%2C+Krung+Thep+Maha+Nakhon+10310%2C+Thailand&query_place_id=ChIJVeQmd16e4jARRrZ8yp20Gks
North Restaurant,"8 Soi Sukhumvit 33, Khwaeng Khlong Tan Nuea, Watthana, Krung Thep Maha Nakhon 10110, Thailand","8 Soi Sukhumvit 33, Khwaeng Khlong Tan Nuea, Watthana, Krung Thep Maha Nakhon 10110, Thailand",Międzynarodowa,Sukhumvit,,4.7,1072,"North Restaurant to wyróżniona gwiazdką Michelin restauracja serwująca wyrafinowaną kuchnię północno-tajską w eleganckiej, tradycyjnej atmosferze, idealnej na specjalne okazje. Warto zdecydować się na 9-daniowe menu degustacyjne, w którym goście szczególnie polecają makaron z błękitnym krabem, grillowaną wieprzowinę z ziołami larb oraz orzeźwiający sorbet różany. Miejsce wyróżnia się dbałością o detale, piękną prezentacją potraw oraz profesjonalną obsługą, która chętnie dzieli się wiedzą na temat lokalnych składników.","Pon: 11:30 AM – 2:30 PM, 6:00 – 10:00 PM | Wt: 11:30 AM – 2:30 PM, 6:00 – 10:00 PM | Śr: 11:30 AM – 2:30 PM, 6:00 – 10:00 PM | Czw: 11:30 AM – 2:30 PM, 6:00 – 10:00 PM | Pt: 11:30 AM – 2:30 PM, 6:00 – 10:00 PM | Sob: 11:30 AM – 2:30 PM, 6:00 – 10:00 PM | Ndz: 11:30 AM – 2:30 PM, 6:00 – 10:00 PM",3.3,6.9,https://www.google.com/maps/search/?api=1&query=8+Soi+Sukhumvit+33%2C+Khwaeng+Khlong+Tan+Nuea%2C+Watthana%2C+Krung+Thep+Maha+Nakhon+10110%2C+Thailand&query_place_id=ChIJcRgyCeyf4jARKQO8CpoIlJ8
Everything Halal BKK,"120, 89 Soi Ratchaprarop 1, Khwaeng Thanon Phaya Thai, Khet Ratchathewi, Krung Thep Maha Nakhon 10400, Thailand","120, 89 Soi Ratchaprarop 1, Khwaeng Thanon Phaya Thai, Khet Ratchathewi, Krung Thep Maha Nakhon 10400, Thailand",Międzynarodowa,Ratchathewi,,4.8,1055,"Everything Halal BKK to wyjątkowe miejsce w Bangkoku, serwujące autentyczne dania kuchni indyjskiej (północnej i południowej) oraz birmańskiej w standardzie 100% halal. Warto zamówić tu aromatyczne biryani, rozpływającą się w ustach wołowinę kheema lub świeże roti, które zachwycają głębią smaku i unikalnymi przyprawami. Restauracja wyróżnia się niezwykle przyjazną obsługą oraz przytulną, czystą atmosferą, sprawiającą, że goście czują się tu jak w domu.",Pon: 11:00 AM – 11:00 PM | Wt: 11:00 AM – 11:00 PM | Śr: 11:00 AM – 11:00 PM | Czw: 11:00 AM – 11:00 PM | Pt: 11:00 AM – 11:00 PM | Sob: 11:00 AM – 11:00 PM | Ndz: 11:00 AM – 11:00 PM,3.8,11.1,https://www.google.com/maps/search/?api=1&query=120%2C+89+Soi+Ratchaprarop+1%2C+Khwaeng+Thanon+Phaya+Thai%2C+Khet+Ratchathewi%2C+Krung+Thep+Maha+Nakhon+10400%2C+Thailand&query_place_id=ChIJ97f0krif4jARrk_Jcz5xbwQ
Mercy Republic,"120/17 ถนน สุขุมวิท Khwaeng Khlong Toei Nuea, Watthana, Krung Thep Maha Nakhon 10110, Thailand","120/17 ถนน สุขุมวิท Khwaeng Khlong Toei Nuea, Watthana, Krung Thep Maha Nakhon 10110, Thailand",Międzynarodowa,Watthana,,4.9,991,"Mercy Republic to klimatyczny lokal o wystroju w stylu hip-hop i R&B, który słynie z udanego łączenia kuchni tajskiej oraz zachodniej. Warto zamówić tu Beyond Burgera, makaron z soplówką jeżowatą lub aromatyczne stir-fry z dynią i domowym tofu, a także skorzystać z oferty happy hour na autorskie koktajle. Miejsce wyróżnia się relaksującą atmosferą idealną na randki, wyjątkowo miłą obsługą oraz estetycznym sposobem podania dań.",Pon: 11:00 AM – 12:00 AM | Wt: 11:00 AM – 12:00 AM | Śr: 11:00 AM – 12:00 AM | Czw: 11:00 AM – 12:00 AM | Pt: 11:00 AM – 12:00 AM | Sob: 11:00 AM – 12:00 AM | Ndz: 11:00 AM – 12:00 AM,2.7,8.0,https://www.google.com/maps/search/?api=1&query=120%2F17+%E0%B8%96%E0%B8%99%E0%B8%99+%E0%B8%AA%E0%B8%B8%E0%B8%82%E0%B8%B8%E0%B8%A1%E0%B8%A7%E0%B8%B4%E0%B8%97+Khwaeng+Khlong+Toei+Nuea%2C+Watthana%2C+Krung+Thep+Maha+Nakhon+10110%2C+Thailand&query_place_id=ChIJXU_guo6f4jARpit2dkTfWAo
R-HAAN,"131 ซอย ทองหล่อ 9 Khwaeng Khlong Tan Nuea, Watthana, Krung Thep Maha Nakhon 10110, Thailand","131 ซอย ทองหล่อ 9 Khwaeng Khlong Tan Nuea, Watthana, Krung Thep Maha Nakhon 10110, Thailand",Międzynarodowa,Watthana,$$$$$,4.3,963,"R-HAAN to nagrodzona dwiema gwiazdkami Michelin restauracja oferująca wykwintną, wielodaniową podróż po autentycznych smakach Tajlandii z doskonałym pairingiem win. Goście szczególnie polecają fenomenalne A5 Wagyu kaprao oraz Lobster Thermidor w sosie galangalowo-serowym, doceniając wysoką jakość składników i nowoczesną prezentację. Przy zamawianiu warto jednak poprosić o złagodzenie ostrości w zupie Tom Yum, która dla wielu osób może okazać się zbyt pikantna.",Pon: 6:00 – 11:00 PM | Wt: 6:00 – 11:00 PM | Śr: 6:00 – 11:00 PM | Czw: 6:00 – 11:00 PM | Pt: 6:00 – 11:00 PM | Sob: 6:00 – 11:00 PM | Ndz: 6:00 – 11:00 PM,3.9,6.2,https://www.google.com/maps/search/?api=1&query=131+%E0%B8%8B%E0%B8%AD%E0%B8%A2+%E0%B8%97%E0%B8%AD%E0%B8%87%E0%B8%AB%E0%B8%A5%E0%B9%88%E0%B8%AD+9+Khwaeng+Khlong+Tan+Nuea%2C+Watthana%2C+Krung+Thep+Maha+Nakhon+10110%2C+Thailand&query_place_id=ChIJ-dmMWquf4jAREDFTxbjSFh0
Arabesque Restaurant,"68/1 Sukhumvit 2, Khwaeng Khlong Toei, Khet Khlong Toei, Krung Thep Maha Nakhon 10110, Thailand","68/1 Sukhumvit 2, Khwaeng Khlong Toei, Khet Khlong Toei, Krung Thep Maha Nakhon 10110, Thailand",Międzynarodowa,Sukhumvit,$$$,4.4,956,"Arabesque to elegancka restauracja w Bangkoku serwująca autentyczną kuchnię egipską i bliskowschodnią, która zachwyca gości wyjątkowym klimatem oraz profesjonalną obsługą. Warto zamówić tu aromatyczne biryani, klasyczne koshary lub soczystego tawooka, a całość dopełnić deserem ryżowym z mango i słynną mrożoną herbatą cytrynową. Miejsce wyróżnia się także wysokiej jakości shishą oraz możliwością relaksu w ogródku przy oglądaniu meczów.",Pon: 12:00 PM – 3:00 AM | Wt: 12:00 PM – 3:00 AM | Śr: 12:00 PM – 3:00 AM | Czw: 12:00 PM – 3:00 AM | Pt: 12:00 PM – 3:00 AM | Sob: 12:00 PM – 3:00 AM | Ndz: 12:00 PM – 3:00 AM,3.7,9.3,https://www.google.com/maps/search/?api=1&query=68%2F1+Sukhumvit+2%2C+Khwaeng+Khlong+Toei%2C+Khet+Khlong+Toei%2C+Krung+Thep+Maha+Nakhon+10110%2C+Thailand&query_place_id=ChIJq73OKN6e4jARwV5Zx3Rggmw
GAPOW TAPAE,"41/1 Soi Sukhumvit 23, Khwaeng Khlong Toei Nuea, Watthana, Krung Thep Maha Nakhon 10110, Thailand","41/1 Soi Sukhumvit 23, Khwaeng Khlong Toei Nuea, Watthana, Krung Thep Maha Nakhon 10110, Thailand",Międzynarodowa,Sukhumvit,,4.3,949,"Gapow Tapae słynie z autentycznego Pad Kaphrao o wyraźnym, dymnym aromacie, a szczególnie polecanym daniem jest chrupiąca wieprzowina serwowana z kaczym jajkiem i świeżymi ziołami. Miejsce wyróżnia się wysoką jakością składników, możliwością wyboru stopnia ostrości oraz szybką obsługą w klimatyzowanym wnętrzu. Warto pamiętać, że lokal akceptuje wyłącznie płatność gotówką.","Pon: 9:30 AM – 3:00 PM, 4:00 – 8:00 PM | Wt: 9:30 AM – 3:00 PM, 4:00 – 8:00 PM | Śr: 9:30 AM – 3:00 PM, 4:00 – 8:00 PM | Czw: 9:30 AM – 3:00 PM, 4:00 – 8:00 PM | Pt: 9:30 AM – 3:00 PM, 4:00 – 8:00 PM | Sob: 9:30 AM – 3:00 PM, 4:00 – 8:00 PM | Ndz: 9:30 AM – 3:00 PM, 4:00 – 8:00 PM",2.2,7.9,https://www.google.com/maps/search/?api=1&query=41%2F1+Soi+Sukhumvit+23%2C+Khwaeng+Khlong+Toei+Nuea%2C+Watthana%2C+Krung+Thep+Maha+Nakhon+10110%2C+Thailand&query_place_id=ChIJS73nS1Sf4jAR872EWfgtW6s
Victoria by Cocotte @ Emquartier,"ห้องเลขที่ 8 ชั้น GF, The Waterfall Quatier, 637 Sukhumvit Rd, Khwaeng Khlong Tan Nuea, Watthana, Krung Thep Maha Nakhon 10110, Thailand","ห้องเลขที่ 8 ชั้น GF, The Waterfall Quatier, 637 Sukhumvit Rd, Khwaeng Khlong Tan Nuea, Watthana, Krung Thep Maha Nakhon 10110, Thailand",Międzynarodowa,Sukhumvit,,4.6,937,"Victoria by Cocotte to elegancka restauracja serwująca wyśmienitą kuchnię francuską i dania halal, która wyróżnia się wyjątkową obsługą oraz doskonałymi deserami i koktajlami. Warto tu zamówić tatar wołowy przygotowywany przy stoliku, makaron z krewetkami lub polecane na śniadanie jajka po benedyktyńsku z łososiem. Stylowe wnętrza i przyjazna atmosfera sprawiają, że to idealne miejsce zarówno na poranną kawę, jak i kolację w gronie bliskich.",Pon: 8:00 AM – 10:00 PM | Wt: 8:00 AM – 10:00 PM | Śr: 8:00 AM – 10:00 PM | Czw: 8:00 AM – 10:00 PM | Pt: 8:00 AM – 10:00 PM | Sob: 8:00 AM – 10:00 PM | Ndz: 8:00 AM – 10:00 PM,3.7,6.7,https://www.google.com/maps/search/?api=1&query=%E0%B8%AB%E0%B9%89%E0%B8%AD%E0%B8%87%E0%B9%80%E0%B8%A5%E0%B8%82%E0%B8%97%E0%B8%B5%E0%B9%88+8+%E0%B8%8A%E0%B8%B1%E0%B9%89%E0%B8%99+GF%2C+The+Waterfall+Quatier%2C+637+Sukhumvit+Rd%2C+Khwaeng+Khlong+Tan+Nuea%2C+Watthana%2C+Krung+Thep+Maha+Nakhon+10110%2C+Thailand&query_place_id=ChIJAVSRYU2f4jARWx7kH5rhiWc
Jirakaan Restaurant (จิรกาล),"76 Soi Sukhumvit 51, Klongton Nue, Watthana, Krung Thep Maha Nakhon 10110, Thailand","76 Soi Sukhumvit 51, Klongton Nue, Watthana, Krung Thep Maha Nakhon 10110, Thailand",Międzynarodowa,Sukhumvit,,4.8,868,"Jirakaan to elegancka restauracja serwująca autentyczną kuchnię tajską opartą na historycznych recepturach z epoki Rattanakosin, oferująca szeroki wybór dań halal oraz nienaganną obsługę. Warto zamówić bogate w smaku curry z kraba lub Kaeng Rawaeng – aromatyczne curry z zielonego chilli i kurkumy, będące połączeniem smaków zielonego curry i rendang. Miejsce wyróżnia się stylowym, przestronnym wnętrzem i ciepłą atmosferą, idealną na rodzinne spotkania.",Pon: 12:00 – 10:30 PM | Wt: 12:00 – 10:30 PM | Śr: 12:00 – 10:30 PM | Czw: 12:00 – 10:30 PM | Pt: 12:00 – 10:30 PM | Sob: 12:00 – 10:30 PM | Ndz: 12:00 – 10:30 PM,4.0,6.1,https://www.google.com/maps/search/?api=1&query=76+Soi+Sukhumvit+51%2C+Klongton+Nue%2C+Watthana%2C+Krung+Thep+Maha+Nakhon+10110%2C+Thailand&query_place_id=ChIJd1SaQ7Sf4jARoFvSOzrxAn4
Uan Chicken Rice,"322/345 Soi Ratchadaphisek 3, Khwaeng Din Daeng, Khet Din Daeng, Krung Thep Maha Nakhon 10400, Thailand","322/345 Soi Ratchadaphisek 3, Khwaeng Din Daeng, Khet Din Daeng, Krung Thep Maha Nakhon 10400, Thailand",Międzynarodowa,Din Daeng,$$,4.3,861,"To popularne wśród lokalnych mieszkańców miejsce specjalizuje się w kurczaku podawanym z ryżem w wersji gotowanej lub smażonej, serwowanym w zestawie z pyszną zupą i darmowymi dodatkami, takimi jak świeży imbir czy chili. Lokal wyróżnia się wyjątkowo przystępnymi cenami oraz niemal całodobowym czasem otwarcia, co pozwala na zjedzenie smacznego posiłku o każdej porze dnia i nocy. Warto spróbować również pikantnego dipu z soi oraz dań z podrobami, które są chętnie wybierane przez stałych klientów.",Pon: 5:00 AM – 4:00 AM | Wt: 5:00 AM – 4:00 AM | Śr: 5:00 AM – 4:00 AM | Czw: 5:00 AM – 4:00 AM | Pt: 5:00 AM – 4:00 AM | Sob: 5:00 AM – 4:00 AM | Ndz: 5:00 AM – 4:00 AM,1.2,10.6,https://www.google.com/maps/search/?api=1&query=322%2F345+Soi+Ratchadaphisek+3%2C+Khwaeng+Din+Daeng%2C+Khet+Din+Daeng%2C+Krung+Thep+Maha+Nakhon+10400%2C+Thailand&query_place_id=ChIJ9y6xb46e4jAR5pDwfSVYDd8
Tum Nak,"25 Soi RCA, Khwaeng Bang Kapi, Khet Huai Khwang, Krung Thep Maha Nakhon 10310, Thailand","25 Soi RCA, Khwaeng Bang Kapi, Khet Huai Khwang, Krung Thep Maha Nakhon 10310, Thailand",Międzynarodowa,Huai Khwang,$$$,4.3,848,"Tum Nak to restauracja serwująca autentyczną i niedrogą kuchnię z regionu Isaan, która wyróżnia się czystością oraz sprawną, miłą obsługą. Goście szczególnie polecają zamówienie chrupiącego boczku z czosnkiem i chili, wołowiny „Crying Tiger” oraz sałatki z pieczonym kurczakiem (Nam Tuk Gai Yang) podawanej z ryżem kleistym. Miejsce oferuje zarówno stoliki wewnątrz, jak i przestrzeń na zewnątrz, a dla klientów dostępny jest parking przy ulicy.",Pon: 10:00 AM – 10:00 PM | Wt: 10:00 AM – 10:00 PM | Śr: 10:00 AM – 10:00 PM | Czw: 10:00 AM – 10:00 PM | Pt: 10:00 AM – 10:00 PM | Sob: 10:00 AM – 10:00 PM | Ndz: 10:00 AM – 10:00 PM,0.8,9.3,https://www.google.com/maps/search/?api=1&query=25+Soi+RCA%2C+Khwaeng+Bang+Kapi%2C+Khet+Huai+Khwang%2C+Krung+Thep+Maha+Nakhon+10310%2C+Thailand&query_place_id=ChIJy9nSBvSe4jAR_bLx6fcLpzM
Gedhawa,"78/2 อาคาร, Taweewan Place, Soi Sukhumvit 33, Khwaeng Khlong Tan Nuea, Watthana, Krung Thep Maha Nakhon 10110, Thailand","78/2 อาคาร, Taweewan Place, Soi Sukhumvit 33, Khwaeng Khlong Tan Nuea, Watthana, Krung Thep Maha Nakhon 10110, Thailand",Międzynarodowa,Sukhumvit,$$$,4.4,833,"Gedhawa to kameralna restauracja słynąca z wyśmienitej domowej kuchni północnotajlandzkiej (Lanna) i klimatycznego wystroju przypominającego lata 70. Goście szczególnie polecają kotleciki rybne, curry Hung Lei oraz zupę Khao Soi, zwracając uwagę na spore porcje oraz bardzo przyjazną obsługę. To cenione przez lokalnych mieszkańców i ekspatów miejsce, które od lat zachwyca przystępnymi cenami i niezmienną jakością serwowanych dań.","Pon: 11:30 AM – 2:00 PM, 5:00 – 10:00 PM | Wt: 11:30 AM – 2:00 PM, 5:00 – 10:00 PM | Śr: 11:30 AM – 2:00 PM, 5:00 – 10:00 PM | Czw: 11:30 AM – 2:00 PM, 5:00 – 10:00 PM | Pt: 11:30 AM – 2:00 PM, 5:00 – 10:00 PM | Sob: 11:30 AM – 2:00 PM, 5:00 – 10:00 PM | Ndz: Closed",3.0,7.2,https://www.google.com/maps/search/?api=1&query=78%2F2+%E0%B8%AD%E0%B8%B2%E0%B8%84%E0%B8%B2%E0%B8%A3%2C+Taweewan+Place%2C+Soi+Sukhumvit+33%2C+Khwaeng+Khlong+Tan+Nuea%2C+Watthana%2C+Krung+Thep+Maha+Nakhon+10110%2C+Thailand&query_place_id=ChIJp6ZUbP6e4jARXSBWdOiL1bM
Tai Yai Restaurant,"A204 , Building A, The Coast Bangkok, 3888 ถ. สุขุมวิท แขวงบางนาใต้ เขตบางนา กรุงเทพมหานคร 10260, Thailand","A204 , Building A, The Coast Bangkok, 3888 ถ. สุขุมวิท แขวงบางนาใต้ เขตบางนา กรุงเทพมหานคร 10260, Thailand",Międzynarodowa,,,4.9,799,"Tai Yai Restaurant to przytulne miejsce o tradycyjnym wystroju, które zachwyca domową atmosferą i autentycznymi smakami serwowanymi w hojnych porcjach. Warto spróbować aromatycznych zup z makaronem, wybitnego tofu oraz sałatki *yum bai cha*, a obowiązkowym punktem wizyty jest *Burmese Milk Tea*, uznawana za najlepszą w Bangkoku. Całości dopełnia profesjonalna i niezwykle serdeczna obsługa, która sprawia, że każdy gość czuje się tu wyjątkowo.",Pon: 8:00 AM – 9:30 PM | Wt: 8:00 AM – 9:30 PM | Śr: 8:00 AM – 9:30 PM | Czw: 8:00 AM – 9:30 PM | Pt: 8:00 AM – 9:30 PM | Sob: 8:00 AM – 9:30 PM | Ndz: 8:00 AM – 9:30 PM,12.4,2.6,https://www.google.com/maps/search/?api=1&query=A204+%2C+Building+A%2C+The+Coast+Bangkok%2C+3888+%E0%B8%96.+%E0%B8%AA%E0%B8%B8%E0%B8%82%E0%B8%B8%E0%B8%A1%E0%B8%A7%E0%B8%B4%E0%B8%97+%E0%B9%81%E0%B8%82%E0%B8%A7%E0%B8%87%E0%B8%9A%E0%B8%B2%E0%B8%87%E0%B8%99%E0%B8%B2%E0%B9%83%E0%B8%95%E0%B9%89+%E0%B9%80%E0%B8%82%E0%B8%95%E0%B8%9A%E0%B8%B2%E0%B8%87%E0%B8%99%E0%B8%B2+%E0%B8%81%E0%B8%A3%E0%B8%B8%E0%B8%87%E0%B9%80%E0%B8%97%E0%B8%9E%E0%B8%A1%E0%B8%AB%E0%B8%B2%E0%B8%99%E0%B8%84%E0%B8%A3+10260%2C+Thailand&query_place_id=ChIJHViLHK2h4jARlPYw_T0Y5EU
BrewDog,"Canvas Building, Thanon Phloen Chit, Khwaeng Lumphini, Pathum Wan, Krung Thep Maha Nakhon 10330, Thailand","Canvas Building, Thanon Phloen Chit, Khwaeng Lumphini, Pathum Wan, Krung Thep Maha Nakhon 10330, Thailand",Międzynarodowa,Pathum Wan,,4.5,795,"No-nonsense chain bar specialising in the Scottish brewery's craft beers, with regular guest brews.",Pon: 12:00 PM – 1:00 AM | Wt: 12:00 PM – 1:00 AM | Śr: 12:00 PM – 1:00 AM | Czw: 12:00 PM – 1:00 AM | Pt: 12:00 PM – 2:00 AM | Sob: 11:30 AM – 2:00 AM | Ndz: 11:30 AM – 1:00 AM,3.8,9.6,https://www.google.com/maps/search/?api=1&query=Canvas+Building%2C+Thanon+Phloen+Chit%2C+Khwaeng+Lumphini%2C+Pathum+Wan%2C+Krung+Thep+Maha+Nakhon+10330%2C+Thailand&query_place_id=ChIJ2RjM6Kif4jARhTOC-0qVaPM
Supree True Digital Park,"บางจาก 101 Sukhumvit Rd, Khwaeng Bang Chak, Khet Phra Khanong, Krung Thep Maha Nakhon 10260, Thailand","บางจาก 101 Sukhumvit Rd, Khwaeng Bang Chak, Khet Phra Khanong, Krung Thep Maha Nakhon 10260, Thailand",Międzynarodowa,Sukhumvit,,4.9,745,"Supree to miejsce o przytulnej, domowej atmosferze i wyjątkowo uprzejmej obsłudze, słynące z łagodnych boat noodles oraz znakomitego grillowanego karku wieprzowego i Pad-Thai z boczkiem. Koniecznie warto spróbować chrupiących smażonych bananów lub lodów kokosowych z żółtkiem, korzystając przy tym z nielimitowanych dolewek napojów w przystępnej cenie.",Pon: 10:00 AM – 9:00 PM | Wt: 10:00 AM – 9:00 PM | Śr: 10:00 AM – 9:00 PM | Czw: 10:00 AM – 9:00 PM | Pt: 10:00 AM – 9:00 PM | Sob: 10:00 AM – 9:00 PM | Ndz: 10:00 AM – 9:00 PM,10.5,0.6,https://www.google.com/maps/search/?api=1&query=%E0%B8%9A%E0%B8%B2%E0%B8%87%E0%B8%88%E0%B8%B2%E0%B8%81+101+Sukhumvit+Rd%2C+Khwaeng+Bang+Chak%2C+Khet+Phra+Khanong%2C+Krung+Thep+Maha+Nakhon+10260%2C+Thailand&query_place_id=ChIJ-VVJZC6h4jAReyyWhm6eLuM
Fatt Chicken Rice,"99, 9 3Fl, Rama I Rd, Khwaeng Pathum Wan, Pathum Wan, Krung Thep Maha Nakhon 10330, Thailand","99, 9 3Fl, Rama I Rd, Khwaeng Pathum Wan, Pathum Wan, Krung Thep Maha Nakhon 10330, Thailand",Międzynarodowa,Pathum Wan,,4.8,739,"Fatt Chicken Rice to ceniona restauracja w Central World, serwująca autentycznego kurczaka z ryżem w stylu singapurskim, który wyróżnia się wyjątkową delikatnością i świeżością. Poza flagowym daniem warto zamówić zupę lub smażone pierożki wonton, ryż z garnka z soloną rybą i wieprzowiną oraz tofu z krewetkami rzecznymi na gorącym półmisku. Miejsce chwalone jest za szybką obsługę, przystępne ceny oraz dania, które nie są nadmiernie tłuste ani przesolone.",Pon: 10:00 AM – 10:00 PM | Wt: 10:00 AM – 10:00 PM | Śr: 10:00 AM – 10:00 PM | Czw: 10:00 AM – 10:00 PM | Pt: 10:00 AM – 10:00 PM | Sob: 10:00 AM – 10:00 PM | Ndz: 10:00 AM – 10:00 PM,4.0,10.5,https://www.google.com/maps/search/?api=1&query=99%2C+9+3Fl%2C+Rama+I+Rd%2C+Khwaeng+Pathum+Wan%2C+Pathum+Wan%2C+Krung+Thep+Maha+Nakhon+10330%2C+Thailand&query_place_id=ChIJJWyIk9Kf4jARjUufuxlB7O0
Mariga,"43 Sukhumvit 15, Khwaeng Khlong Toei Nuea, Watthana, Krung Thep Maha Nakhon 10110, Thailand","43 Sukhumvit 15, Khwaeng Khlong Toei Nuea, Watthana, Krung Thep Maha Nakhon 10110, Thailand",Międzynarodowa,Sukhumvit,,4.9,723,"Mariga wyróżnia się profesjonalną, niezwykle uprzejmą obsługą oraz bogatą ofertą śniadaniową z doskonałą kawą. Goście szczególnie polecają chrupiącą kaczkę, aromatyczną i pikantną zupę krabową oraz smażony ryż serwowany z całym krabem o miękkiej skorupce. To czyste i stylowe miejsce, które przyciąga dbałością o sposób podania dań oraz wyjątkową gościnnością personelu.",Pon: 11:00 AM – 11:00 PM | Wt: 11:00 AM – 11:00 PM | Śr: 11:00 AM – 11:00 PM | Czw: 11:00 AM – 11:00 PM | Pt: 11:00 AM – 11:00 PM | Sob: 11:00 AM – 11:00 PM | Ndz: 11:00 AM – 11:00 PM,2.6,8.3,https://www.google.com/maps/search/?api=1&query=43+Sukhumvit+15%2C+Khwaeng+Khlong+Toei+Nuea%2C+Watthana%2C+Krung+Thep+Maha+Nakhon+10110%2C+Thailand&query_place_id=ChIJsVHlc0ef4jARH5KLLPC4zdo
On The Table @ Central Rama 9,"ซอย รัชดาภิเษก 6 Khwaeng Huai Khwang, Khet Huai Khwang, Krung Thep Maha Nakhon 10310, Thailand","ซอย รัชดาภิเษก 6 Khwaeng Huai Khwang, Khet Huai Khwang, Krung Thep Maha Nakhon 10310, Thailand",Międzynarodowa,Huai Khwang,,4.6,683,"On The Table to przytulna restauracja w japońskim stylu, która słynie z urozmaiconego menu, a szczególnie z kremowego spaghetti truflowego, cienkiej pizzy z łososiem oraz zapiekanego kurczaka z serem. Goście cenią sobie komfortowe wnętrza z miękkimi siedziskami oraz wyśmienite desery, zwłaszcza brownie z lodami i pieczywo ze świeżym mango. Ze względu na dużą popularność lokalu, warto przyjść przed południem, aby w spokojnej atmosferze zjeść lekki lunch lub spróbować orzeźwiającej kawy yuzu.",Pon: 11:00 AM – 10:00 PM | Wt: 11:00 AM – 10:00 PM | Śr: 11:00 AM – 10:00 PM | Czw: 11:00 AM – 10:00 PM | Pt: 11:00 AM – 10:00 PM | Sob: 11:00 AM – 10:00 PM | Ndz: 11:00 AM – 10:00 PM,0.6,10.2,https://www.google.com/maps/search/?api=1&query=%E0%B8%8B%E0%B8%AD%E0%B8%A2+%E0%B8%A3%E0%B8%B1%E0%B8%8A%E0%B8%94%E0%B8%B2%E0%B8%A0%E0%B8%B4%E0%B9%80%E0%B8%A9%E0%B8%81+6+Khwaeng+Huai+Khwang%2C+Khet+Huai+Khwang%2C+Krung+Thep+Maha+Nakhon+10310%2C+Thailand&query_place_id=ChIJLzfyHY2e4jARllVQnYrjFYQ
Somtam Nua - Central Embassy,"เซ็นทรัลเอ็มบาสซี, 1031 Thanon Phloen Chit, Khwaeng Lumphini, Pathum Wan, Krung Thep Maha Nakhon 10330, Thailand","เซ็นทรัลเอ็มบาสซี, 1031 Thanon Phloen Chit, Khwaeng Lumphini, Pathum Wan, Krung Thep Maha Nakhon 10330, Thailand",Międzynarodowa,Pathum Wan,,4.7,681,"To idealne miejsce na autentyczną kuchnię z regionu Isan, w którym warto zamówić chrupiącą smażoną kukurydzę, wyrazisty larb oraz klasyczną zupę tom yum. Restauracja wyróżnia się doskonałym balansem smaków i tekstur oraz profesjonalną obsługą, oferując gościom prawdziwe tajskie „comfort food”. Choć ceny są nieco wyższe, miejsce przyciąga przyjemną atmosferą i wysoką jakością serwowanych dań, w tym m.in. polecanej ryby w specjalnym wydaniu.",Pon: 10:30 AM – 9:00 PM | Wt: 10:30 AM – 9:00 PM | Śr: 10:30 AM – 9:00 PM | Czw: 10:30 AM – 9:00 PM | Pt: 10:30 AM – 9:00 PM | Sob: 10:30 AM – 9:00 PM | Ndz: 10:30 AM – 9:00 PM,3.5,9.6,https://www.google.com/maps/search/?api=1&query=%E0%B9%80%E0%B8%8B%E0%B9%87%E0%B8%99%E0%B8%97%E0%B8%A3%E0%B8%B1%E0%B8%A5%E0%B9%80%E0%B8%AD%E0%B9%87%E0%B8%A1%E0%B8%9A%E0%B8%B2%E0%B8%AA%E0%B8%8B%E0%B8%B5%2C+1031+Thanon+Phloen+Chit%2C+Khwaeng+Lumphini%2C+Pathum+Wan%2C+Krung+Thep+Maha+Nakhon+10330%2C+Thailand&query_place_id=ChIJfSWml9ye4jARoiXhjZtFAxc
"CALM Bangkok - Grill, Garden & Guinguette","231/2 , Soi Sukhumvit 31 (Soi Sawasdee), Sukhumvit Road Khlong Ton Nuea Sub-District, แขวงคลองเตยเหนือ เขตวัฒนา กรุงเทพมหานคร 10110, Thailand","231/2 , Soi Sukhumvit 31 (Soi Sawasdee), Sukhumvit Road Khlong Ton Nuea Sub-District, แขวงคลองเตยเหนือ เขตวัฒนา กรุงเทพมหานคร 10110, Thailand",Międzynarodowa,Sukhumvit,,4.8,660,"CALM Bangkok to wyjątkowa oaza z przytulnym ogródkiem i swobodną, plażową atmosferą, w której można cieszyć się muzyką na żywo w samym sercu miasta. W menu kuchni francusko-śródziemnomorskiej warto zamówić tatar wołowy, lasagne z bakłażana, imponującą 500-gramową burratę oraz różnorodne tapas do dzielenia się, jak krewetki z czosnkiem czy deska serów. Goście szczególnie doceniają niezwykle przyjazną obsługę oraz wyśmienite czekoladowe desery, które idealnie dopełniają relaksujący wieczór.",Pon: 4:30 PM – 12:00 AM | Wt: 4:30 PM – 12:00 AM | Śr: 4:30 PM – 12:00 AM | Czw: 4:30 PM – 12:00 AM | Pt: 4:30 PM – 12:00 AM | Sob: 11:00 AM – 12:00 AM | Ndz: 11:00 AM – 12:00 AM,2.2,8.0,https://www.google.com/maps/search/?api=1&query=231%2F2+%2C+Soi+Sukhumvit+31+%28Soi+Sawasdee%29%2C+Sukhumvit+Road+Khlong+Ton+Nuea+Sub-District%2C+%E0%B9%81%E0%B8%82%E0%B8%A7%E0%B8%87%E0%B8%84%E0%B8%A5%E0%B8%AD%E0%B8%87%E0%B9%80%E0%B8%95%E0%B8%A2%E0%B9%80%E0%B8%AB%E0%B8%99%E0%B8%B7%E0%B8%AD+%E0%B9%80%E0%B8%82%E0%B8%95%E0%B8%A7%E0%B8%B1%E0%B8%92%E0%B8%99%E0%B8%B2+%E0%B8%81%E0%B8%A3%E0%B8%B8%E0%B8%87%E0%B9%80%E0%B8%97%E0%B8%9E%E0%B8%A1%E0%B8%AB%E0%B8%B2%E0%B8%99%E0%B8%84%E0%B8%A3+10110%2C+Thailand&query_place_id=ChIJq1XCBzuf4jARKB3mkY-Huh8
Thong Smith,"693 ชั้น 7 Sukhumvit Rd, Khwaeng Khlong Tan Nuea, Watthana, Krung Thep Maha Nakhon 10110, Thailand","693 ชั้น 7 Sukhumvit Rd, Khwaeng Khlong Tan Nuea, Watthana, Krung Thep Maha Nakhon 10110, Thailand",Międzynarodowa,Sukhumvit,,4.5,645,"Thong Smith to obowiązkowy punkt dla miłośników zup „boat noodles”, ceniony za niezwykle gęsty, aromatyczny bulion oraz wysokiej jakości mięso, w szczególności kruchą wołowinę Wagyu. Warto wzbogacić danie o dodatki takie jak ścięgna wołowe czy chrupiące skwarki, a na deser zamówić lody kokosowe z galaretką pandanową i kleistym ryżem. Miejsce wyróżnia się nowoczesnym wystrojem, sprawną obsługą oraz możliwością otrzymania bezpłatnej dolewki zupy.",Pon: 10:00 AM – 10:00 PM | Wt: 10:00 AM – 10:00 PM | Śr: 10:00 AM – 10:00 PM | Czw: 10:00 AM – 10:00 PM | Pt: 10:00 AM – 10:00 PM | Sob: 10:00 AM – 10:00 PM | Ndz: 10:00 AM – 10:00 PM,3.8,6.7,https://www.google.com/maps/search/?api=1&query=693+%E0%B8%8A%E0%B8%B1%E0%B9%89%E0%B8%99+7+Sukhumvit+Rd%2C+Khwaeng+Khlong+Tan+Nuea%2C+Watthana%2C+Krung+Thep+Maha+Nakhon+10110%2C+Thailand&query_place_id=ChIJ019-Hlef4jARYqPjI5yKho8
เตี๋ยวศรี by ก๋วยเตี๋ยวเรือศรีอยุธยา สาขาอโศก,"199 Thanon Ratchadaphisek, Khwaeng Khlong Toei, Khet Khlong Toei, Krung Thep Maha Nakhon 10110, Thailand","199 Thanon Ratchadaphisek, Khwaeng Khlong Toei, Khet Khlong Toei, Krung Thep Maha Nakhon 10110, Thailand",Międzynarodowa,Khlong Toei,,4.8,642,"To klimatyczne miejsce słynie z autentycznego makaronu typu *boat noodles* z bogatym, lekko ostrym wywarem, podawanego w małych porcjach idealnych do testowania różnych smaków. Goście chwalą szybką obsługę, niskie ceny oraz rustykalny wystrój z pięknym widokiem, a obok dań z delikatną wołowiną warto spróbować orzeźwiającego ciasta szczypiorkowego (*chives cake*).",Pon: 9:30 AM – 4:00 PM | Wt: 9:30 AM – 4:00 PM | Śr: 9:30 AM – 4:00 PM | Czw: 9:30 AM – 4:00 PM | Pt: 9:30 AM – 4:00 PM | Sob: 8:00 AM – 4:00 PM | Ndz: 8:00 AM – 2:00 PM,3.0,7.9,https://www.google.com/maps/search/?api=1&query=199+Thanon+Ratchadaphisek%2C+Khwaeng+Khlong+Toei%2C+Khet+Khlong+Toei%2C+Krung+Thep+Maha+Nakhon+10110%2C+Thailand&query_place_id=ChIJ5UAzzcaf4jAR00Tl9SCA5aY
Heng Heng Hainanese Chicken Rice,"642, 646 Sukhumvit Rd, Khwaeng Khlong Tan, Khet Khlong Toei, Krung Thep Maha Nakhon 10110, Thailand","642, 646 Sukhumvit Rd, Khwaeng Khlong Tan, Khet Khlong Toei, Krung Thep Maha Nakhon 10110, Thailand",Międzynarodowa,Sukhumvit,$$,4.5,623,"To popularne miejsce słynie z wyśmienitego ryżu z kurczakiem po hajnańsku, który wyróżnia się niezwykle soczystym mięsem, aromatycznym ryżem i doskonałym sosem chili. Klienci doceniają bardzo przyjazną obsługę oraz przystępne ceny, często uznając tutejsze dania za smaczniejsze niż w lokalach wyróżnionych gwiazdką Michelin. Warto spróbować także wersji ze smażonym kurczakiem oraz aromatycznej zupy, która idealnie dopełnia posiłek.",Pon: 3:00 – 9:00 PM | Wt: 3:00 – 9:00 PM | Śr: 3:00 – 9:00 PM | Czw: 3:00 – 9:00 PM | Pt: 3:00 – 9:00 PM | Sob: 3:00 – 9:00 PM | Ndz: Closed,3.7,6.5,https://www.google.com/maps/search/?api=1&query=642%2C+646+Sukhumvit+Rd%2C+Khwaeng+Khlong+Tan%2C+Khet+Khlong+Toei%2C+Krung+Thep+Maha+Nakhon+10110%2C+Thailand&query_place_id=ChIJNWbygwGf4jARqsQ_F18bG30
TUI BLUE Maduzi Bangkok,"9/1 Thanon Ratchadaphisek, Khwaeng Khlong Toei, Khet Khlong Toei, Krung Thep Maha Nakhon 10110, Thailand","9/1 Thanon Ratchadaphisek, Khwaeng Khlong Toei, Khet Khlong Toei, Krung Thep Maha Nakhon 10110, Thailand",Międzynarodowa,Khlong Toei,,4.5,623,"Upscale, stylish rooms & suites in a chic hotel offering a gym & French fine dining.",Pon: Open 24 hours | Wt: Open 24 hours | Śr: Open 24 hours | Czw: Open 24 hours | Pt: Open 24 hours | Sob: Open 24 hours | Ndz: Open 24 hours,2.9,7.8,https://www.google.com/maps/search/?api=1&query=9%2F1+Thanon+Ratchadaphisek%2C+Khwaeng+Khlong+Toei%2C+Khet+Khlong+Toei%2C+Krung+Thep+Maha+Nakhon+10110%2C+Thailand&query_place_id=ChIJRw_bh-Ke4jARMUp9mwrnPT4
Centerpoint Entertainment,"9 11 Thanon Lasalle, Khwaeng Bang Na, Khet Bang Na, Krung Thep Maha Nakhon 10260, Thailand","9 11 Thanon Lasalle, Khwaeng Bang Na, Khet Bang Na, Krung Thep Maha Nakhon 10260, Thailand",Międzynarodowa,Bang Na,,4.5,610,"Centerpoint Entertainment to średniej wielkości hala eventowa wyróżniająca się świetnym nagłośnieniem oraz profesjonalną obsługą. Miejsce jest doskonale skomunikowane dzięki bliskości stacji kolejki BTS Bearing, co stanowi najlepszą alternatywę dla ograniczonego parkingu i korków w okolicy.",Pon: 9:00 AM – 6:00 PM | Wt: 9:00 AM – 6:00 PM | Śr: 9:00 AM – 6:00 PM | Czw: 9:00 AM – 6:00 PM | Pt: 9:00 AM – 6:00 PM | Sob: Closed | Ndz: Closed,13.7,3.9,https://www.google.com/maps/search/?api=1&query=9+11+Thanon+Lasalle%2C+Khwaeng+Bang+Na%2C+Khet+Bang+Na%2C+Krung+Thep+Maha+Nakhon+10260%2C+Thailand&query_place_id=ChIJHy8_smyg4jARcqFbFgVK_-o
ข้าวโซอิ KHAO-SO-i Central Rama 9,"B1 Floor, Central Rama9, 9/9 Rama IX Rd, Khwaeng Huai Khwang, Khet Huai Khwang, Krung Thep Maha Nakhon 10320, Thailand","B1 Floor, Central Rama9, 9/9 Rama IX Rd, Khwaeng Huai Khwang, Khet Huai Khwang, Krung Thep Maha Nakhon 10320, Thailand",Międzynarodowa,Huai Khwang,,4.9,599,"Restauracja specjalizuje się w aromatycznym Khao Soi z bogatym, kremowym bulionem kokosowym, oferując dodatki takie jak delikatna wołowina wagyu, kurczak czy owoce morza. Miejsce wyróżnia się nielimitowanymi dokładkami marynowanych warzyw oraz doskonałą obsługą, która dba o stałe uzupełnianie wody. Poza klasyczną zupą warto spróbować smażonej wersji makaronu oraz orzeźwiającego soku z arbuza.",Pon: 10:00 AM – 9:00 PM | Wt: 10:00 AM – 9:00 PM | Śr: 10:00 AM – 9:00 PM | Czw: 10:00 AM – 9:00 PM | Pt: 10:00 AM – 9:00 PM | Sob: 10:00 AM – 9:00 PM | Ndz: 10:00 AM – 9:00 PM,0.6,10.2,https://www.google.com/maps/search/?api=1&query=B1+Floor%2C+Central+Rama9%2C+9%2F9+Rama+IX+Rd%2C+Khwaeng+Huai+Khwang%2C+Khet+Huai+Khwang%2C+Krung+Thep+Maha+Nakhon+10320%2C+Thailand&query_place_id=ChIJh60aUACf4jARwZR4kDctz-g
Na Aroon,"65 สุขุมวิท ซ. 1 Khwaeng Khlong Toei Nuea, Watthana, Krung Thep Maha Nakhon 10110, Thailand","65 สุขุมวิท ซ. 1 Khwaeng Khlong Toei Nuea, Watthana, Krung Thep Maha Nakhon 10110, Thailand",Międzynarodowa,Watthana,,4.5,599,"Na Aroon to ukryta w sercu Bangkoku oaza spokoju, która zachwyca tradycyjnym tajskim wystrojem i piękną architekturą, stanowiąc idealną ucieczkę od miejskiego zgiełku. Restauracja słynie z wyśmienitych dań wegetariańskich oraz aromatycznej zupy Tom Kha Gai serwowanej z trójkolorowym ryżem. Miejsce to wyróżnia się niezwykle relaksującą atmosferą oraz życzliwą obsługą, która chętnie pomaga gościom w uwiecznieniu pobytu na pamiątkowych zdjęciach.","Pon: 7:00 – 11:00 AM, 11:30 AM – 9:30 PM | Wt: 7:00 – 11:00 AM, 11:30 AM – 9:30 PM | Śr: 7:00 AM – 9:30 PM | Czw: 7:00 – 11:00 AM, 11:30 AM – 9:30 PM | Pt: 7:00 – 11:00 AM, 11:30 AM – 9:30 PM | Sob: 7:00 – 11:00 AM, 11:30 AM – 9:30 PM | Ndz: 7:00 – 11:00 AM, 11:30 AM – 9:30 PM",2.6,9.5,https://www.google.com/maps/search/?api=1&query=65+%E0%B8%AA%E0%B8%B8%E0%B8%82%E0%B8%B8%E0%B8%A1%E0%B8%A7%E0%B8%B4%E0%B8%97+%E0%B8%8B.+1+Khwaeng+Khlong+Toei+Nuea%2C+Watthana%2C+Krung+Thep+Maha+Nakhon+10110%2C+Thailand&query_place_id=ChIJHa3ogMKe4jARGJaOfNF5hHk
Thong Smith Central Embassy,"ชั้น 5 Thanon Phloen Chit, Khwaeng Pathum Wan, Pathum Wan, Krung Thep Maha Nakhon 10330, Thailand","ชั้น 5 Thanon Phloen Chit, Khwaeng Pathum Wan, Pathum Wan, Krung Thep Maha Nakhon 10330, Thailand",Międzynarodowa,Pathum Wan,,4.5,584,"Thong Smith w Central Embassy serwuje luksusową wersję klasycznych „boat noodles” z bogatym, aromatycznym wywarem o regulowanym poziomie ostrości. Warto zamówić makaron z wołowiną Wagyu, a całość uzupełnić fenomenalnym sokiem z pandanu lub smażonymi bananami, które są uznawane za bezkonkurencyjne. Miejsce wyróżnia się eleganckim wystrojem oraz możliwością pełnej personalizacji dań, oferując dopracowaną i sycącą interpretację tajskiego street foodu.",Pon: 10:00 AM – 10:00 PM | Wt: 10:00 AM – 10:00 PM | Śr: 10:00 AM – 10:00 PM | Czw: 10:00 AM – 10:00 PM | Pt: 10:00 AM – 10:00 PM | Sob: 10:00 AM – 10:00 PM | Ndz: 10:00 AM – 10:00 PM,3.6,9.7,https://www.google.com/maps/search/?api=1&query=%E0%B8%8A%E0%B8%B1%E0%B9%89%E0%B8%99+5+Thanon+Phloen+Chit%2C+Khwaeng+Pathum+Wan%2C+Pathum+Wan%2C+Krung+Thep+Maha+Nakhon+10330%2C+Thailand&query_place_id=ChIJnZk6fmqf4jARLEi2WRtUmos
Boat Noodle Alley,"2/16-18 Phahon Yothin Road, Khwaeng Samsen Nai, Khet Phaya Thai, Krung Thep Maha Nakhon 10400, Thailand","2/16-18 Phahon Yothin Road, Khwaeng Samsen Nai, Khet Phaya Thai, Krung Thep Maha Nakhon 10400, Thailand",Międzynarodowa,Phaya Thai,,4.3,569,"Boat Noodle Alley to klimatyczne miejsce nad rzeką w pobliżu Victory Monument, które słynie z aromatycznych zup Tom Yum oraz chrupiących skwarek wieprzowych. Restauracja wyróżnia się serwowaniem bardzo małych, tanich porcji, co pozwala na spróbowanie wielu smaków naraz, a zjedzenie 20 miseczek premiowane jest darmowym napojem. To idealny wybór dla osób szukających autentycznego klimatu Bangkoku i smacznego jedzenia w bardzo przystępnej cenie.",Pon: 9:00 AM – 8:30 PM | Wt: 9:00 AM – 8:30 PM | Śr: 9:00 AM – 8:30 PM | Czw: 9:00 AM – 8:30 PM | Pt: 9:00 AM – 8:30 PM | Sob: 9:00 AM – 8:30 PM | Ndz: 9:00 AM – 8:30 PM,3.7,12.6,https://www.google.com/maps/search/?api=1&query=2%2F16-18+Phahon+Yothin+Road%2C+Khwaeng+Samsen+Nai%2C+Khet+Phaya+Thai%2C+Krung+Thep+Maha+Nakhon+10400%2C+Thailand&query_place_id=ChIJke-lirCe4jARiUh3isjc0Ng
The Brew House Sukhumvit 8,"4 18 Soi Sukhumvit 8, Khwaeng Khlong Toei, Khet Khlong Toei, Krung Thep Maha Nakhon 10110, Thailand","4 18 Soi Sukhumvit 8, Khwaeng Khlong Toei, Khet Khlong Toei, Krung Thep Maha Nakhon 10110, Thailand",Międzynarodowa,Sukhumvit,$$$,4.8,534,"The Brew House to klimatyczne miejsce z muzyką na żywo, które wyróżnia się szerokim wyborem piw rzemieślniczych oraz bardzo dużymi porcjami dań w rozsądnych cenach. Warto zamówić tu pastę alfredo, smażone kalmary lub smoothie mango-marakuja i wybrać między otwartym parterem a klimatyzowanym piętrem o bardziej energetycznej atmosferze.",Pon: 7:00 AM – 2:00 AM | Wt: 7:00 AM – 2:00 AM | Śr: 7:00 AM – 2:00 AM | Czw: 7:00 AM – 2:00 AM | Pt: 7:00 AM – 2:00 AM | Sob: 7:00 AM – 2:00 AM | Ndz: 7:00 AM – 2:00 AM,3.1,8.3,https://www.google.com/maps/search/?api=1&query=4+18+Soi+Sukhumvit+8%2C+Khwaeng+Khlong+Toei%2C+Khet+Khlong+Toei%2C+Krung+Thep+Maha+Nakhon+10110%2C+Thailand&query_place_id=ChIJ8VQq2Eaf4jAR7qvtLYVuK2w
Bangkok Trading Post Bistro & Bar,"59/1 Soi Sukhumvit 39, Khwaeng Khlong Tan Nuea, Watthana, Krung Thep Maha Nakhon 10110, Thailand","59/1 Soi Sukhumvit 39, Khwaeng Khlong Tan Nuea, Watthana, Krung Thep Maha Nakhon 10110, Thailand",Międzynarodowa,Sukhumvit,,4.3,531,"Bangkok Trading Post Bistro & Bar to eleganckie i nowocześnie urządzone miejsce z urokliwym tarasem oraz oczkiem wodnym, idealne na spokojny posiłek w stylowej atmosferze. Goście szczególnie polecają gnocchi o doskonałej konsystencji oraz pyszną tajską herbatę, doceniając przy tym serdeczną i profesjonalną obsługę. Restauracja jest przestronna i przyjazna zwierzętom na zewnątrz, choć należy przygotować się na nieco wyższe ceny.",Pon: 6:00 AM – 10:00 PM | Wt: 6:00 AM – 10:00 PM | Śr: 6:00 AM – 10:00 PM | Czw: 6:00 AM – 10:00 PM | Pt: 6:00 AM – 10:00 PM | Sob: 6:00 AM – 10:00 PM | Ndz: 6:00 AM – 10:00 PM,2.8,7.2,https://www.google.com/maps/search/?api=1&query=59%2F1+Soi+Sukhumvit+39%2C+Khwaeng+Khlong+Tan+Nuea%2C+Watthana%2C+Krung+Thep+Maha+Nakhon+10110%2C+Thailand&query_place_id=ChIJ-ZvJg-ee4jARtZkOn6y6PAQ
Sam Zap Boat Noodle Asoke,"189/1 Sukhumvit 21 Rd, Khwaeng Khlong Toei Nuea, Watthana, Krung Thep Maha Nakhon 10110, Thailand","189/1 Sukhumvit 21 Rd, Khwaeng Khlong Toei Nuea, Watthana, Krung Thep Maha Nakhon 10110, Thailand",Międzynarodowa,Sukhumvit,,4.9,508,"Sam Zap Boat Noodle serwuje autentyczne i niedrogie makarony typu „boat noodle” z bogatym wywarem, które wyróżniają się możliwością dopasowania stopnia ostrości do własnych preferencji. Warto zamówić tu również zestaw hot pot idealny do dzielenia się z innymi, a proste menu i szybka obsługa sprawiają, że to doskonały punkt na konkretny posiłek w samym sercu tętniącej życiem okolicy.",Pon: 10:30 AM – 9:00 PM | Wt: 10:30 AM – 9:00 PM | Śr: 10:30 AM – 9:00 PM | Czw: 10:30 AM – 9:00 PM | Pt: 10:30 AM – 9:00 PM | Sob: 10:30 AM – 9:00 PM | Ndz: 10:30 AM – 9:00 PM,1.7,8.4,https://www.google.com/maps/search/?api=1&query=189%2F1+Sukhumvit+21+Rd%2C+Khwaeng+Khlong+Toei+Nuea%2C+Watthana%2C+Krung+Thep+Maha+Nakhon+10110%2C+Thailand&query_place_id=ChIJXz7JZG-f4jARA-uqHwE7yYU
Chez Papa Bangkok,"64 Soi Sukhumvit 51, Khwaeng Khlong Tan Nuea, Watthana, Krung Thep Maha Nakhon 10110, Thailand","64 Soi Sukhumvit 51, Khwaeng Khlong Tan Nuea, Watthana, Krung Thep Maha Nakhon 10110, Thailand",Międzynarodowa,Sukhumvit,,4.8,496,"Chez Papa to przytulna francuska restauracja o domowej atmosferze, która wyróżnia się muzyką na żywo po godzinie 19:00 oraz doskonałą selekcją win z codziennym Happy Hour. Warto zamówić popisową sałatkę Chez Papa z dużym kawałkiem sera Brie, risotto truflowe lub krewetki czosnkowe, które serwowane są w obfitych, idealnych do dzielenia się porcjach. Goście doceniają to miejsce za swobodny klimat, przystępne ceny i wysoką jakość serwowanych dań.",Pon: 11:30 AM – 10:30 PM | Wt: 11:30 AM – 10:30 PM | Śr: 11:30 AM – 10:30 PM | Czw: 11:30 AM – 10:30 PM | Pt: 11:30 AM – 10:30 PM | Sob: 11:30 AM – 10:30 PM | Ndz: 11:30 AM – 10:30 PM,3.9,6.0,https://www.google.com/maps/search/?api=1&query=64+Soi+Sukhumvit+51%2C+Khwaeng+Khlong+Tan+Nuea%2C+Watthana%2C+Krung+Thep+Maha+Nakhon+10110%2C+Thailand&query_place_id=ChIJTWM3irSf4jARH23HAeWx7uk
AL SARAY SOONVIJAI,"4th floor, Bangkok Plaza Building Bangkok General Hospital, Soi Soonvijai 7 Bangkapi Khwaeng Bang Kapi, Khet Huai Khwang, Krung Thep Maha Nakhon 10310, Thailand","4th floor, Bangkok Plaza Building Bangkok General Hospital, Soi Soonvijai 7 Bangkapi Khwaeng Bang Kapi, Khet Huai Khwang, Krung Thep Maha Nakhon 10310, Thailand",Międzynarodowa,Huai Khwang,,4.5,496,"Al Saray to elegancka restauracja serwująca autentyczne dania kuchni libańskiej i indyjskiej, które zachwycają bogactwem aromatów i wysoką jakością świeżych składników. Warto zamówić tu intensywny w smaku hummus, butter chicken, kotleciki jagnięce oraz świeżo wypiekane chlebki naan, szczególnie w wersji czosnkowej lub serowej. Choć czas oczekiwania bywa dłuższy, wyrafinowana atmosfera oraz uważna obsługa sprawiają, że to miejsce warto odwiedzić mimo wyższych cen.",Pon: 9:00 AM – 9:00 PM | Wt: 9:00 AM – 9:00 PM | Śr: 9:00 AM – 9:00 PM | Czw: 9:00 AM – 9:00 PM | Pt: 9:00 AM – 9:00 PM | Sob: 9:00 AM – 9:00 PM | Ndz: 9:00 AM – 9:00 PM,2.8,8.3,https://www.google.com/maps/search/?api=1&query=4th+floor%2C+Bangkok+Plaza+Building+Bangkok+General+Hospital%2C+Soi+Soonvijai+7+Bangkapi+Khwaeng+Bang+Kapi%2C+Khet+Huai+Khwang%2C+Krung+Thep+Maha+Nakhon+10310%2C+Thailand&query_place_id=ChIJkUZHomef4jARHr0ppE2gdik
Philippe,"20, 15-17 Soi Sukhumvit 39, Khwaeng Khlong Tan Nuea, Watthana, Krung Thep Maha Nakhon 10110, Thailand","20, 15-17 Soi Sukhumvit 39, Khwaeng Khlong Tan Nuea, Watthana, Krung Thep Maha Nakhon 10110, Thailand",Międzynarodowa,Sukhumvit,$$$$,4.5,493,"Philippe to elegancka restauracja francuska z wyróżnieniem Michelin, w której warto spróbować delikatnych policzków wołowych, szynki wieprzowej Aborigo lub przegrzebków z foie gras. Miejsce wyróżnia się wysoką jakością prezentacji dań, bogatą kartą win oraz wyjątkowo profesjonalną i pomocną obsługą. Całości dopełnia piękny wystrój, który tworzy doskonałą atmosferę do degustacji klasycznej kuchni w wysokim wydaniu.","Pon: Closed | Wt: 11:00 AM – 2:30 PM, 6:00 – 10:30 PM | Śr: 11:00 AM – 2:30 PM, 6:00 – 11:30 PM | Czw: 11:00 AM – 2:30 PM, 6:00 – 10:30 PM | Pt: 11:00 AM – 2:30 PM, 6:00 – 10:30 PM | Sob: 11:00 AM – 2:30 PM, 6:00 – 10:30 PM | Ndz: 11:00 AM – 2:30 PM, 6:00 – 10:30 PM",3.3,6.6,https://www.google.com/maps/search/?api=1&query=20%2C+15-17+Soi+Sukhumvit+39%2C+Khwaeng+Khlong+Tan+Nuea%2C+Watthana%2C+Krung+Thep+Maha+Nakhon+10110%2C+Thailand&query_place_id=ChIJq80duOSe4jARnUemw9rNqYQ
CRAFTFITI BKK Craft Beer Bar & Restaurant,"171 Soi Sukhumvit 101/2, Bang Na Nuea, Khet Bang Na, Krung Thep Maha Nakhon 10260, Thailand","171 Soi Sukhumvit 101/2, Bang Na Nuea, Khet Bang Na, Krung Thep Maha Nakhon 10260, Thailand",Międzynarodowa,Sukhumvit,,4.9,491,"To kameralna „ukryta perełka” Bangkoku, która zachwyca bogatym wyborem lokalnych i międzynarodowych piw rzemieślniczych serwowanych zarówno z nalewaków, jak i z butelek. Miejsce wyróżnia się przytulną, sprzyjającą rozmowom atmosferą oraz weekendową muzyką na żywo, a do picia warto zamówić polecane przez gości azjatyckie dania i przekąski.",Pon: 6:30 PM – 12:00 AM | Wt: 6:30 PM – 12:00 AM | Śr: 6:30 PM – 12:00 AM | Czw: 6:30 PM – 12:00 AM | Pt: 6:30 PM – 12:00 AM | Sob: 5:30 PM – 12:00 AM | Ndz: 5:30 PM – 12:00 AM,11.2,1.3,https://www.google.com/maps/search/?api=1&query=171+Soi+Sukhumvit+101%2F2%2C+Bang+Na+Nuea%2C+Khet+Bang+Na%2C+Krung+Thep+Maha+Nakhon+10260%2C+Thailand&query_place_id=ChIJOR-A8SGh4jARqbSO5uIgO-M
Haoma Bangkok,"231, 3 Sukhumvit 31, Khwaeng Khlong Toei Nuea, Watthana, Krung Thep Maha Nakhon 10110, Thailand","231, 3 Sukhumvit 31, Khwaeng Khlong Toei Nuea, Watthana, Krung Thep Maha Nakhon 10110, Thailand",Międzynarodowa,Sukhumvit,,4.6,488,"Haoma to wyjątkowa restauracja typu „z ogrodu na talerz”, która serwuje nowoczesną kuchnię indyjską opartą na świeżych składnikach z własnej uprawy w sercu Bangkoku. Warto zdecydować się na 7- lub 10-daniowe menu degustacyjne, które zachwyca wyrazistymi, aromatycznymi przyprawami oraz profesjonalnie dobranym pairingiem win. Miejsce wyróżnia się elegancką atmosferą fine dining oraz pasją szefa Deepaka, co przekłada się na niezwykłą dbałość o detale i autentyczność każdego dania.","Pon: 5:30 – 11:00 PM | Wt: 5:30 – 11:00 PM | Śr: 5:30 – 11:00 PM | Czw: 5:30 – 11:00 PM | Pt: 5:30 – 11:00 PM | Sob: 12:00 – 2:00 PM, 5:30 – 11:00 PM | Ndz: 12:00 – 2:00 PM, 5:30 – 11:00 PM",2.2,8.1,https://www.google.com/maps/search/?api=1&query=231%2C+3+Sukhumvit+31%2C+Khwaeng+Khlong+Toei+Nuea%2C+Watthana%2C+Krung+Thep+Maha+Nakhon+10110%2C+Thailand&query_place_id=ChIJ8c3kP_qe4jARjg8dTyubyiA
Moom Gapao,"เลขที่ 9 ห้อง 206 ชั้น 2 G TOWER GRAND RAMA 9 Khwaeng Huai Khwang, Khet Huai Khwang, Krung Thep Maha Nakhon 10310, Thailand","เลขที่ 9 ห้อง 206 ชั้น 2 G TOWER GRAND RAMA 9 Khwaeng Huai Khwang, Khet Huai Khwang, Krung Thep Maha Nakhon 10310, Thailand",Międzynarodowa,Huai Khwang,,4.9,485,"Moom Gapao oferuje zdrowszą wersję tradycyjnego Pad Kra Pao, która wyróżnia się niską zawartością tłuszczu i sodu oraz aromatycznym, puszystym ryżem. Warto zamówić wariant z wołowiną i dodatkiem płynnego jajka kaczki (lava duck egg), a posiłek uzupełnić orzeźwiającym sokiem z pandanu lub herbatą butterfly pea. Przy zamawianiu należy uważnie dobierać poziom pikantności, ponieważ nawet wersje „łagodne” są tu dość ostre.",Pon: 10:00 AM – 8:00 PM | Wt: 10:00 AM – 8:00 PM | Śr: 10:00 AM – 8:00 PM | Czw: 10:00 AM – 8:00 PM | Pt: 10:00 AM – 8:00 PM | Sob: 10:00 AM – 8:00 PM | Ndz: 10:00 AM – 8:00 PM,0.3,9.9,https://www.google.com/maps/search/?api=1&query=%E0%B9%80%E0%B8%A5%E0%B8%82%E0%B8%97%E0%B8%B5%E0%B9%88+9+%E0%B8%AB%E0%B9%89%E0%B8%AD%E0%B8%87+206+%E0%B8%8A%E0%B8%B1%E0%B9%89%E0%B8%99+2+G+TOWER+GRAND+RAMA+9+Khwaeng+Huai+Khwang%2C+Khet+Huai+Khwang%2C+Krung+Thep+Maha+Nakhon+10310%2C+Thailand&query_place_id=ChIJnRsupVWf4jARlNhz0DZqq9A
Mahmoud Shawarma Halal,"4/6 ถนนสุขุมวิท ซอย3/1 Khwaeng Khlong Toei Nuea, Watthana, Krung Thep Maha Nakhon 10110, Thailand","4/6 ถนนสุขุมวิท ซอย3/1 Khwaeng Khlong Toei Nuea, Watthana, Krung Thep Maha Nakhon 10110, Thailand",Międzynarodowa,Watthana,,4.3,477,"To miejsce serwuje jedną z najlepszych syryjskich shawarm w Bangkoku, wyróżniającą się wysokiej jakości mięsem wołowym, pysznym chlebem nan oraz hummusem w stylu bejruckim. Choć lokal jest niewielki i dość prosty, przyciąga gości doskonałym stosunkiem jakości do ceny oraz smacznym falaflem i grillowanym kurczakiem. Warto spróbować także dań z ryżem oraz sycących sałatek, które cieszą się dużym uznaniem odwiedzających.",Pon: 11:00 AM – 4:00 AM | Wt: 11:00 AM – 4:00 AM | Śr: 11:00 AM – 4:00 AM | Czw: 11:00 AM – 4:00 AM | Pt: 11:00 AM – 4:00 AM | Sob: 11:00 AM – 4:00 AM | Ndz: 11:00 AM – 4:00 AM,3.0,8.8,https://www.google.com/maps/search/?api=1&query=4%2F6+%E0%B8%96%E0%B8%99%E0%B8%99%E0%B8%AA%E0%B8%B8%E0%B8%82%E0%B8%B8%E0%B8%A1%E0%B8%A7%E0%B8%B4%E0%B8%97+%E0%B8%8B%E0%B8%AD%E0%B8%A23%2F1+Khwaeng+Khlong+Toei+Nuea%2C+Watthana%2C+Krung+Thep+Maha+Nakhon+10110%2C+Thailand&query_place_id=ChIJh3Zn2v6f4jARKTtRKKA8EVI
The Dawin Hotel,"35/1-2 Soi Sukhumvit4, ซ. สุขุมวิท 4 แขวงคลองเตย เขตคลองเตย กรุงเทพมหานคร 10110, Thailand","35/1-2 Soi Sukhumvit4, ซ. สุขุมวิท 4 แขวงคลองเตย เขตคลองเตย กรุงเทพมหานคร 10110, Thailand",Międzynarodowa,Sukhumvit,,4.3,468,"Warm rooms & suites in an informal hotel with dining, a rooftop saltwater pool & a lobby bar.",,3.4,8.8,https://www.google.com/maps/search/?api=1&query=35%2F1-2+Soi+Sukhumvit4%2C+%E0%B8%8B.+%E0%B8%AA%E0%B8%B8%E0%B8%82%E0%B8%B8%E0%B8%A1%E0%B8%A7%E0%B8%B4%E0%B8%97+4+%E0%B9%81%E0%B8%82%E0%B8%A7%E0%B8%87%E0%B8%84%E0%B8%A5%E0%B8%AD%E0%B8%87%E0%B9%80%E0%B8%95%E0%B8%A2+%E0%B9%80%E0%B8%82%E0%B8%95%E0%B8%84%E0%B8%A5%E0%B8%AD%E0%B8%87%E0%B9%80%E0%B8%95%E0%B8%A2+%E0%B8%81%E0%B8%A3%E0%B8%B8%E0%B8%87%E0%B9%80%E0%B8%97%E0%B8%9E%E0%B8%A1%E0%B8%AB%E0%B8%B2%E0%B8%99%E0%B8%84%E0%B8%A3+10110%2C+Thailand&query_place_id=ChIJeZdWt-Ce4jARpzd7K5IzY0s
Dee Lounge and Beer Garden Bangkok,"Four Points by Sheraton Bangkok Ploenchit, Khwaeng Lumphini, Pathum Wan, Krung Thep Maha Nakhon 10330, Thailand","Four Points by Sheraton Bangkok Ploenchit, Khwaeng Lumphini, Pathum Wan, Krung Thep Maha Nakhon 10330, Thailand",Międzynarodowa,Pathum Wan,,4.6,462,"Dee Lounge and Beer Garden to idealne miejsce na relaks przy muzyce na żywo, które przyciąga gości atrakcyjnymi promocjami happy hour typu „kup jedno, drugie gratis”. Miejsce wyróżnia się wyjątkowo serdeczną obsługą oraz smacznym jedzeniem, a recenzenci szczególnie polecają lodowate drinki oraz świeżego arbuza.",Pon: 7:00 AM – 12:00 AM | Wt: 7:00 AM – 12:00 AM | Śr: 7:00 AM – 12:00 AM | Czw: 7:00 AM – 12:00 AM | Pt: 7:00 AM – 12:00 AM | Sob: 7:00 AM – 12:00 AM | Ndz: 7:00 AM – 12:00 AM,3.4,9.0,https://www.google.com/maps/search/?api=1&query=Four+Points+by+Sheraton+Bangkok+Ploenchit%2C+Khwaeng+Lumphini%2C+Pathum+Wan%2C+Krung+Thep+Maha+Nakhon+10330%2C+Thailand&query_place_id=ChIJL9goBN2e4jARh_sakFFOre4
The Living Room,"250 Sukhumvit Rd, Khwaeng Khlong Toei, Khet Khlong Toei, Krung Thep Maha Nakhon 10110, Thailand","250 Sukhumvit Rd, Khwaeng Khlong Toei, Khet Khlong Toei, Krung Thep Maha Nakhon 10110, Thailand",Międzynarodowa,Sukhumvit,,4.6,459,"The Living Room słynie z wyśmienitych niedzielnych brunchów z muzyką jazzową na żywo, podczas których warto spróbować zwłaszcza świeżych makaronów, owoców morza oraz dań z pieczonej jagnięciny i wołowiny. Goście doceniają niezwykle uważną obsługę oraz unikalną możliwość zamawiania w jednym miejscu potraw z różnych hotelowych restauracji, co zapewnia ogromną różnorodność smaków. To eleganckie, a zarazem przytulne miejsce wyróżnia się także kreatywnymi koktajlami i relaksującą atmosferą, idealną na wypoczynek przy muzyce live.",Pon: 9:00 AM – 11:30 PM | Wt: 9:00 AM – 11:30 PM | Śr: 9:00 AM – 11:30 PM | Czw: 9:00 AM – 11:30 PM | Pt: 9:00 AM – 11:30 PM | Sob: 9:00 AM – 11:30 PM | Ndz: 9:00 AM – 11:30 PM,2.9,7.9,https://www.google.com/maps/search/?api=1&query=250+Sukhumvit+Rd%2C+Khwaeng+Khlong+Toei%2C+Khet+Khlong+Toei%2C+Krung+Thep+Maha+Nakhon+10110%2C+Thailand&query_place_id=ChIJG1WVC-ug4jARG9seNY32hA8
The Laughing Tiger,"593 17-18 Soi Sukhumvit 33/1, Khwaeng Khlong Tan Nuea, Watthana, Krung Thep Maha Nakhon 10110, Thailand","593 17-18 Soi Sukhumvit 33/1, Khwaeng Khlong Tan Nuea, Watthana, Krung Thep Maha Nakhon 10110, Thailand",Międzynarodowa,Sukhumvit,,4.8,447,"The Laughing Tiger to klimatyczne miejsce z muzyką na żywo, które wyróżnia się niezwykle gościnną obsługą oraz wyjątkowo przyjaznym podejściem do psów. Warto zamówić tutaj rzemieślnicze koktajle, chrupiące skrzydełka Thai chili lub tradycyjny Sunday Lunch z soczystym mięsem i puddingami Yorkshire.",Pon: 11:00 AM – 12:00 AM | Wt: 11:00 AM – 12:00 AM | Śr: 11:00 AM – 12:00 AM | Czw: 11:00 AM – 12:00 AM | Pt: 11:00 AM – 12:00 AM | Sob: 11:00 AM – 12:00 AM | Ndz: 11:00 AM – 12:00 AM,3.6,6.7,https://www.google.com/maps/search/?api=1&query=593+17-18+Soi+Sukhumvit+33%2F1%2C+Khwaeng+Khlong+Tan+Nuea%2C+Watthana%2C+Krung+Thep+Maha+Nakhon+10110%2C+Thailand&query_place_id=ChIJj_UrRIuf4jARMUXTdYNAkJk
NaraiPizzeria X Khanoykorshabu,"5, อาคาร ฟอร์จูน ชั้น ใต้ดิน ห้อง G33, 37/1 Thanon Ratchadaphisek, Khwaeng Din Daeng, Khet Din Daeng, Krung Thep Maha Nakhon 10400, Thailand","5, อาคาร ฟอร์จูน ชั้น ใต้ดิน ห้อง G33, 37/1 Thanon Ratchadaphisek, Khwaeng Din Daeng, Khet Din Daeng, Krung Thep Maha Nakhon 10400, Thailand",Międzynarodowa,Din Daeng,,4.9,440,"To miejsce oferuje doskonały bufet shabu-shabu typu „all you can eat and drink” w przystępnej cenie 300 THB. Restauracja wyróżnia się czystością, bardzo uprzejmą obsługą oraz szerokim wyborem różnorodnych dodatków do dań.",Pon: 11:00 AM – 9:30 PM | Wt: 11:00 AM – 9:30 PM | Śr: 11:00 AM – 9:30 PM | Czw: 11:00 AM – 9:30 PM | Pt: 11:00 AM – 9:30 PM | Sob: 11:00 AM – 9:30 PM | Ndz: 11:00 AM – 9:30 PM,0.5,10.0,https://www.google.com/maps/search/?api=1&query=5%2C+%E0%B8%AD%E0%B8%B2%E0%B8%84%E0%B8%B2%E0%B8%A3+%E0%B8%9F%E0%B8%AD%E0%B8%A3%E0%B9%8C%E0%B8%88%E0%B8%B9%E0%B8%99+%E0%B8%8A%E0%B8%B1%E0%B9%89%E0%B8%99+%E0%B9%83%E0%B8%95%E0%B9%89%E0%B8%94%E0%B8%B4%E0%B8%99+%E0%B8%AB%E0%B9%89%E0%B8%AD%E0%B8%87+G33%2C+37%2F1+Thanon+Ratchadaphisek%2C+Khwaeng+Din+Daeng%2C+Khet+Din+Daeng%2C+Krung+Thep+Maha+Nakhon+10400%2C+Thailand&query_place_id=ChIJ5R5cE42e4jARKEfD1Em2xIE
Bar B Q Plaza สาขา เซ็นทรัล พระราม 9,"9/8-9 Thanon Ratchadaphisek, Khwaeng Huai Khwang, Khet Huai Khwang, Krung Thep Maha Nakhon 10310, Thailand","9/8-9 Thanon Ratchadaphisek, Khwaeng Huai Khwang, Khet Huai Khwang, Krung Thep Maha Nakhon 10310, Thailand",Międzynarodowa,Huai Khwang,$$$,4.3,439,"To popularna restauracja słynąca z charakterystycznych płyt grzewczych, świeżych zestawów mięsnych (wieprzowiny, wątróbki i wołowiny) oraz nielimitowanej stacji z kapustą. Warto zamówić szczególnie polecany zestaw „Promotion Bundle for 799”, a wizytę urozmaicają urocze roboty-kelnerzy oraz wygodny system zamawiania i płacenia przez kod QR. Przed zamówieniem należy jednak zwrócić uwagę na różnice w cenach dla członków klubu i gości regularnych, które nie zawsze są jasno komunikowane.",Pon: 10:00 AM – 10:00 PM | Wt: 10:00 AM – 10:00 PM | Śr: 10:00 AM – 10:00 PM | Czw: 10:00 AM – 10:00 PM | Pt: 10:00 AM – 10:00 PM | Sob: 10:00 AM – 10:00 PM | Ndz: 10:00 AM – 10:00 PM,0.6,10.1,https://www.google.com/maps/search/?api=1&query=9%2F8-9+Thanon+Ratchadaphisek%2C+Khwaeng+Huai+Khwang%2C+Khet+Huai+Khwang%2C+Krung+Thep+Maha+Nakhon+10310%2C+Thailand&query_place_id=ChIJ-WMhHY2e4jARmc4EWKWUHFo
AT ISAN (แอทอีสาน),"593/21 Soi Sukhumvit 33/1, Khwaeng Khlong Tan Nuea, Watthana, Krung Thep Maha Nakhon 10110, Thailand","593/21 Soi Sukhumvit 33/1, Khwaeng Khlong Tan Nuea, Watthana, Krung Thep Maha Nakhon 10110, Thailand",Międzynarodowa,Sukhumvit,,4.9,396,"AT ISAN to przytulna restauracja w Bangkoku serwująca autentyczną i pięknie podaną kuchnię z północno-wschodniej Tajlandii, słynącą z doskonałego balansu przypraw. Warto zamówić przede wszystkim wychwalane grillowane podgardle wieprzowe (pork jowl), aromatyczny hotpot oraz klasyki takie jak som tam czy larb. Miejsce wyróżnia się wyjątkowo gościnną obsługą, rozsądnymi cenami oraz bardzo szybkim łączem internetowym.",Pon: 11:00 AM – 12:00 AM | Wt: 11:00 AM – 12:00 AM | Śr: 11:00 AM – 12:00 AM | Czw: 11:00 AM – 12:00 AM | Pt: 11:00 AM – 12:00 AM | Sob: 11:00 AM – 12:00 AM | Ndz: Closed,3.6,6.7,https://www.google.com/maps/search/?api=1&query=593%2F21+Soi+Sukhumvit+33%2F1%2C+Khwaeng+Khlong+Tan+Nuea%2C+Watthana%2C+Krung+Thep+Maha+Nakhon+10110%2C+Thailand&query_place_id=ChIJW9a2Tjaf4jARYB5p5vh1sFw
Shabu Square,"ฟอร์ ยู พาร์ค 341 ซ. โครงการ เดอะมาสเตอร์ Bang Na Nuea, Khet Bang Na, Krung Thep Maha Nakhon 10260, Thailand","ฟอร์ ยู พาร์ค 341 ซ. โครงการ เดอะมาสเตอร์ Bang Na Nuea, Khet Bang Na, Krung Thep Maha Nakhon 10260, Thailand",Międzynarodowa,Bang Na,$$$,4.6,392,"Shabu Square to wyjątkowa restauracja typu „wszystko, co zjesz”, słynąca z wysokiej jakości wołowiny Wagyu (A3 i F1) oraz świeżego sashimi z łososia. Miejsce wyróżnia się możliwością wyboru aż czterech różnych baz do zupy jednocześnie (m.in. zupy o smaku tajskich klusek) oraz szerokim wyborem sosów i dodatków. Klienci doceniają ten lokal za powtarzalną, doskonałą jakość składników oraz bogatą strukturę cennika dostosowaną do różnych preferencji.",Pon: 11:30 AM – 9:30 PM | Wt: 11:30 AM – 9:30 PM | Śr: 11:30 AM – 9:30 PM | Czw: 11:30 AM – 9:30 PM | Pt: 11:30 AM – 10:00 PM | Sob: 11:30 AM – 10:00 PM | Ndz: 11:30 AM – 10:00 PM,13.4,3.5,https://www.google.com/maps/search/?api=1&query=%E0%B8%9F%E0%B8%AD%E0%B8%A3%E0%B9%8C+%E0%B8%A2%E0%B8%B9+%E0%B8%9E%E0%B8%B2%E0%B8%A3%E0%B9%8C%E0%B8%84+341+%E0%B8%8B.+%E0%B9%82%E0%B8%84%E0%B8%A3%E0%B8%87%E0%B8%81%E0%B8%B2%E0%B8%A3+%E0%B9%80%E0%B8%94%E0%B8%AD%E0%B8%B0%E0%B8%A1%E0%B8%B2%E0%B8%AA%E0%B9%80%E0%B8%95%E0%B8%AD%E0%B8%A3%E0%B9%8C+Bang+Na+Nuea%2C+Khet+Bang+Na%2C+Krung+Thep+Maha+Nakhon+10260%2C+Thailand&query_place_id=ChIJX_aNdulfHTERXnHvlIHvk3w
Zaab Kak Kak,"37 Soi Sukhumvit 16, Khwaeng Khlong Toei, Khet Khlong Toei, Krung Thep Maha Nakhon 10110, Thailand","37 Soi Sukhumvit 16, Khwaeng Khlong Toei, Khet Khlong Toei, Krung Thep Maha Nakhon 10110, Thailand",Międzynarodowa,Sukhumvit,,4.6,391,"Zaab Kak Kak to polecana restauracja w Sukhumvit, serwująca wyśmienitą zupę Tom Yum oraz idealnie grillowanego kurczaka z aromatycznym, ostrym sosem. Goście doceniają relaksującą atmosferę, rozsądne ceny oraz sałatkę z papai i łososia, w której można poprosić o dostosowanie poziomu ostrości do własnych preferencji. Miejsce wyróżnia się niezwykle przyjazną obsługą i doskonałym stosunkiem jakości do ceny, przez co przez niektórych uznawane jest za najlepszy punkt gastronomiczny w Bangkoku.",Pon: 11:00 AM – 10:00 PM | Wt: 11:00 AM – 10:00 PM | Śr: 11:00 AM – 10:00 PM | Czw: 11:00 AM – 10:00 PM | Pt: 11:00 AM – 10:00 PM | Sob: 11:00 AM – 10:00 PM | Ndz: Closed,3.3,7.9,https://www.google.com/maps/search/?api=1&query=37+Soi+Sukhumvit+16%2C+Khwaeng+Khlong+Toei%2C+Khet+Khlong+Toei%2C+Krung+Thep+Maha+Nakhon+10110%2C+Thailand&query_place_id=ChIJdyUydBWf4jAR5uHs1qUPVDg
Chequers British Pub,"5, chequers British pub, 11 Soi Sukhumvit 4, Khwaeng Khlong Toei, Khet Khlong Toei, Krung Thep Maha Nakhon 10110, Thailand","5, chequers British pub, 11 Soi Sukhumvit 4, Khwaeng Khlong Toei, Khet Khlong Toei, Krung Thep Maha Nakhon 10110, Thailand",Międzynarodowa,Sukhumvit,$$$,4.4,389,"Chequers British Pub to klimatyczny lokal w Bangkoku, który słynie z doskonałego połączenia kuchni zachodniej i tajskiej, a w szczególności z wyśmienitego Khao Soi Gai oraz tradycyjnej czarnej kaszanki (black pudding). Goście chwalą miejsce za przyjazną obsługę, transmisje sportowe oraz wysokiej jakości trunki, w tym dobrze nalanego Guinnessa i popisowe Bloody Mary. To idealny przystanek zarówno na sycące śniadanie, jak i relaks przy dobrej muzyce w towarzystwie ekspatów.",Pon: 9:00 AM – 2:00 AM | Wt: 9:00 AM – 2:00 AM | Śr: 9:00 AM – 2:00 AM | Czw: 9:00 AM – 2:00 AM | Pt: 9:00 AM – 2:00 AM | Sob: 9:00 AM – 2:00 AM | Ndz: 9:00 AM – 2:00 AM,3.2,8.8,https://www.google.com/maps/search/?api=1&query=5%2C+chequers+British+pub%2C+11+Soi+Sukhumvit+4%2C+Khwaeng+Khlong+Toei%2C+Khet+Khlong+Toei%2C+Krung+Thep+Maha+Nakhon+10110%2C+Thailand&query_place_id=ChIJ0QHeveCe4jAR-q7yZ1-yiHE
Thomson Hotels and Residences Bang Na,"42 ซอย 4, Khwaeng Bang Na, Khet Bang Na, Krung Thep Maha Nakhon 10260, Thailand","42 ซอย 4, Khwaeng Bang Na, Khet Bang Na, Krung Thep Maha Nakhon 10260, Thailand",Międzynarodowa,Bang Na,,4.3,387,"Bright rooms & sleek suites, some with kitchens, in a chic hotel with a pool, restaurant & parking.",Pon: Open 24 hours | Wt: Open 24 hours | Śr: Open 24 hours | Czw: Open 24 hours | Pt: Open 24 hours | Sob: Open 24 hours | Ndz: Open 24 hours,13.2,3.3,https://www.google.com/maps/search/?api=1&query=42+%E0%B8%8B%E0%B8%AD%E0%B8%A2+4%2C+Khwaeng+Bang+Na%2C+Khet+Bang+Na%2C+Krung+Thep+Maha+Nakhon+10260%2C+Thailand&query_place_id=ChIJb1uBTQmg4jARynccQZgLVDk
Somyong Tamsua,"4 Rama IX Rd, Khwaeng Huai Khwang, Khet Huai Khwang, Krung Thep Maha Nakhon 10310, Thailand","4 Rama IX Rd, Khwaeng Huai Khwang, Khet Huai Khwang, Krung Thep Maha Nakhon 10310, Thailand",Międzynarodowa,Huai Khwang,,4.3,365,"Somyong Tamsua to autentyczny lokal serwujący kuchnię Isan, który wyróżnia się błyskawiczną obsługą oraz bardzo przystępnymi cenami. Warto zamówić polecane przez gości smażone kości wieprzowe, grillowanego kurczaka oraz pikantną sałatkę kukurydzianą z solonym jajkiem. Miejsce oferuje swobodny, lokalny klimat z możliwością zjedzenia posiłku na zewnątrz lub w klimatyzowanej sali za dodatkową opłatą.",Pon: 9:00 AM – 9:30 PM | Wt: 9:00 AM – 9:30 PM | Śr: 9:00 AM – 9:30 PM | Czw: 9:00 AM – 9:30 PM | Pt: 9:00 AM – 9:30 PM | Sob: 9:00 AM – 9:30 PM | Ndz: Closed,0.6,9.9,https://www.google.com/maps/search/?api=1&query=4+Rama+IX+Rd%2C+Khwaeng+Huai+Khwang%2C+Khet+Huai+Khwang%2C+Krung+Thep+Maha+Nakhon+10310%2C+Thailand&query_place_id=ChIJwVEDWFqY4jARiG0Gx4CJcI4
พวงแก้ว - Puangkaew,"108 ถนน สุขุมวิท Khwaeng Khlong Toei Nuea, Watthana, Krung Thep Maha Nakhon 10110, Thailand","108 ถนน สุขุมวิท Khwaeng Khlong Toei Nuea, Watthana, Krung Thep Maha Nakhon 10110, Thailand",Międzynarodowa,Watthana,$$$,4.3,362,"Puangkaew to zielona oaza spokoju w sercu Bangkoku, która wyróżnia się przytulną atmosferą i rozsądnymi cenami. Warto zamówić tu zielone curry, ciastka rybne (fish cakes) lub smażony ryż, choć menu jest skrojone raczej pod gusta obcokrajowców niż lokalnych mieszkańców. Miejsce to od lat pozostaje sprawdzonym punktem na mapie miasta, idealnym na relaks w tętniącej życiem dzielnicy Sukhumvit.","Pon: Closed | Wt: 5:00 – 10:00 PM | Śr: 5:00 – 10:00 PM | Czw: 5:00 – 10:00 PM | Pt: 5:00 – 10:00 PM | Sob: 11:00 AM – 2:00 PM, 5:00 – 10:00 PM | Ndz: 11:00 AM – 2:00 PM, 5:00 – 10:00 PM",2.6,7.8,https://www.google.com/maps/search/?api=1&query=108+%E0%B8%96%E0%B8%99%E0%B8%99+%E0%B8%AA%E0%B8%B8%E0%B8%82%E0%B8%B8%E0%B8%A1%E0%B8%A7%E0%B8%B4%E0%B8%97+Khwaeng+Khlong+Toei+Nuea%2C+Watthana%2C+Krung+Thep+Maha+Nakhon+10110%2C+Thailand&query_place_id=ChIJ-VVVg_ye4jARTpUy_MnBuiw
The Hungry Duck,"1031 Thanon Phloen Chit, Khwaeng Lumphini, Pathum Wan, Krung Thep Maha Nakhon 10330, Thailand","1031 Thanon Phloen Chit, Khwaeng Lumphini, Pathum Wan, Krung Thep Maha Nakhon 10330, Thailand",Międzynarodowa,Pathum Wan,,4.8,358,"The Hungry Duck to restauracja serwująca kreatywną kuchnię fusion z północnej i północno-wschodniej Tajlandii, która wyróżnia się odważnymi smakami oraz wykorzystaniem wysokiej jakości składników organicznych. Warto zamówić efektownie podany półmisek Som Tum Combination Platter, ciesząc się przy tym przytulnym wnętrzem i spektakularnym widokiem na Bangkok z najwyższego piętra galerii. Miejsce to łączy tradycyjne receptury z nowoczesnym podejściem, oferując gościom zarówno doskonały serwis, jak i dopracowaną estetykę dań.",Pon: 10:00 AM – 10:00 PM | Wt: 10:00 AM – 10:00 PM | Śr: 10:00 AM – 10:00 PM | Czw: 10:00 AM – 10:00 PM | Pt: 10:00 AM – 10:00 PM | Sob: 10:00 AM – 10:00 PM | Ndz: 10:00 AM – 10:00 PM,3.6,9.7,https://www.google.com/maps/search/?api=1&query=1031+Thanon+Phloen+Chit%2C+Khwaeng+Lumphini%2C+Pathum+Wan%2C+Krung+Thep+Maha+Nakhon+10330%2C+Thailand&query_place_id=ChIJ7f-AJsaf4jARHoiTAi2mYbA
Up & Above Restaurant and Bar,"57 Thanon Witthayu, Khwaeng Lumphini, Pathum Wan, Krung Thep Maha Nakhon 10330, Thailand","57 Thanon Witthayu, Khwaeng Lumphini, Pathum Wan, Krung Thep Maha Nakhon 10330, Thailand",Międzynarodowa,Pathum Wan,,4.4,355,"Restauracja na 24. piętrze zachwyca panoramą miasta i wyjątkową ofertą japońskiego bufetu, w którym serwowane są rzadkie gatunki tuńczyka, takie jak chutoro i honmaguro. Warto wybrać się tu na popołudniową herbatę z selekcją Red Tea Rogue lub skosztować serów raclette oraz chwalonych przez gości deserów. Miejsce wyróżnia się elegancką, spokojną atmosferą i profesjonalną obsługą, która dopełnia luksusowe doświadczenie.",Pon: 6:00 AM – 10:30 PM | Wt: 6:00 AM – 10:30 PM | Śr: 6:00 AM – 10:30 PM | Czw: 6:00 AM – 10:30 PM | Pt: 6:00 AM – 10:30 PM | Sob: 6:00 AM – 10:30 PM | Ndz: 6:00 AM – 10:30 PM,3.6,9.2,https://www.google.com/maps/search/?api=1&query=57+Thanon+Witthayu%2C+Khwaeng+Lumphini%2C+Pathum+Wan%2C+Krung+Thep+Maha+Nakhon+10330%2C+Thailand&query_place_id=ChIJ6TeX89ye4jAR4eSC12PbEV8
Lung Pratu Nam Boat Noodle,"1024, 2 Soi Petchburi 32, Khwaeng Makkasan, Khet Ratchathewi, Krung Thep Maha Nakhon 10400, Thailand","1024, 2 Soi Petchburi 32, Khwaeng Makkasan, Khet Ratchathewi, Krung Thep Maha Nakhon 10400, Thailand",Międzynarodowa,Ratchathewi,$$,4.4,354,"To autentyczna „ukryta perełka” Bangkoku, w której warto spróbować aromatycznych boat noodles z bogatym wywarem lub polecanej przez właściciela pikantnej wołowiny z bazylią i jajkiem sadzonym (Krapow Neua Kai Dao). Miejsce wyróżnia się niezwykle gościnną obsługą, przystępnymi cenami oraz typowo lokalnym klimatem, oferując proste i uczciwe dania, które zachwycają głębią smaku.",Pon: 7:00 AM – 4:00 PM | Wt: 7:00 AM – 4:00 PM | Śr: 7:00 AM – 4:00 PM | Czw: 7:00 AM – 4:00 PM | Pt: 7:00 AM – 4:00 PM | Sob: 7:00 AM – 4:00 PM | Ndz: 7:00 AM – 4:00 PM,3.4,10.6,https://www.google.com/maps/search/?api=1&query=1024%2C+2+Soi+Petchburi+32%2C+Khwaeng+Makkasan%2C+Khet+Ratchathewi%2C+Krung+Thep+Maha+Nakhon+10400%2C+Thailand&query_place_id=ChIJc1AsjsWe4jAR6lloU6c-JfA
Kaek Kao Kua,"12 Sukhumvit Soi 27, Klongtoey Nua, Watthana, Krung Thep Maha Nakhon 10110, Thailand","12 Sukhumvit Soi 27, Klongtoey Nua, Watthana, Krung Thep Maha Nakhon 10110, Thailand",Międzynarodowa,Sukhumvit,,4.8,353,"Ta ukryta, rodzinna restauracja w sercu Bangkoku serwuje wybitne roślinne wersje tajskich klasyków w wyjątkowej, domowej atmosferze. Warto zamówić kremowe Tom Yum, zestaw degustacyjny (Tasting Platter) lub chwalone za idealną teksturę Khao Soi i makaron Bamee Moodaeng, dostępne także w wersji bezglutenowej. Goście szczególnie doceniają niezwykłą gościnność właścicielki oraz zbalansowane, lekkie smaki, które stanowią spokojną ucieczkę od zgiełku miasta.",Pon: 11:00 AM – 7:00 PM | Wt: 11:00 AM – 7:00 PM | Śr: 11:00 AM – 7:00 PM | Czw: Closed | Pt: 11:00 AM – 7:00 PM | Sob: 11:00 AM – 7:00 PM | Ndz: 11:00 AM – 7:00 PM,3.2,7.4,https://www.google.com/maps/search/?api=1&query=12+Sukhumvit+Soi+27%2C+Klongtoey+Nua%2C+Watthana%2C+Krung+Thep+Maha+Nakhon+10110%2C+Thailand&query_place_id=ChIJoerCP5-f4jARMBtBXUqtPGU
Wuanood,"888/51-52 อาคารมหาทุนพลาซ่า, ถนน เพลินจิต แขวงลุมพินี เขตปทุมวัน กรุงเทพมหานคร 10330, Thailand","888/51-52 อาคารมหาทุนพลาซ่า, ถนน เพลินจิต แขวงลุมพินี เขตปทุมวัน กรุงเทพมหานคร 10330, Thailand",Międzynarodowa,,,4.3,341,"Wuanood to przytulna restauracja słynąca z doskonałych zup z makaronem i duszoną wołowiną, które można w pełni spersonalizować według własnych upodobań. Goście chwalą to miejsce za błyskawiczną obsługę oraz świeże, autentyczne dania kuchni tajskiej serwowane w czystym i klimatyzowanym wnętrzu. Warto tu zajrzeć dla wysokiej jakości mięsa oraz przyjaznej atmosfery, którą tworzą pomocni właściciele i personel.",Pon: 11:00 AM – 8:30 PM | Wt: 11:00 AM – 8:30 PM | Śr: 11:00 AM – 8:30 PM | Czw: 11:00 AM – 8:30 PM | Pt: 11:00 AM – 8:30 PM | Sob: 11:00 AM – 6:30 PM | Ndz: Closed,3.6,9.3,https://www.google.com/maps/search/?api=1&query=888%2F51-52+%E0%B8%AD%E0%B8%B2%E0%B8%84%E0%B8%B2%E0%B8%A3%E0%B8%A1%E0%B8%AB%E0%B8%B2%E0%B8%97%E0%B8%B8%E0%B8%99%E0%B8%9E%E0%B8%A5%E0%B8%B2%E0%B8%8B%E0%B9%88%E0%B8%B2%2C+%E0%B8%96%E0%B8%99%E0%B8%99+%E0%B9%80%E0%B8%9E%E0%B8%A5%E0%B8%B4%E0%B8%99%E0%B8%88%E0%B8%B4%E0%B8%95+%E0%B9%81%E0%B8%82%E0%B8%A7%E0%B8%87%E0%B8%A5%E0%B8%B8%E0%B8%A1%E0%B8%9E%E0%B8%B4%E0%B8%99%E0%B8%B5+%E0%B9%80%E0%B8%82%E0%B8%95%E0%B8%9B%E0%B8%97%E0%B8%B8%E0%B8%A1%E0%B8%A7%E0%B8%B1%E0%B8%99+%E0%B8%81%E0%B8%A3%E0%B8%B8%E0%B8%87%E0%B9%80%E0%B8%97%E0%B8%9E%E0%B8%A1%E0%B8%AB%E0%B8%B2%E0%B8%99%E0%B8%84%E0%B8%A3+10330%2C+Thailand&query_place_id=ChIJ5aVJWtye4jAROmB22QuR0qU
Mami Rose - The Goodtime Restaurant,"5th Floor, EmSphere, 628 ถ. สุขุมวิท แขวงคลองตัน เขตคลองเตย กรุงเทพมหานคร 10110, Thailand","5th Floor, EmSphere, 628 ถ. สุขุมวิท แขวงคลองตัน เขตคลองเตย กรุงเทพมหานคร 10110, Thailand",Międzynarodowa,,,4.6,340,"Mami Rose to tętniące życiem miejsce o charakterystycznym, różowym wystroju i półotwartym tarasie, idealne na głośne świętowanie specjalnych okazji przy oprawie z efektownych zimnych ogni. W karcie warto postawić na ciasto czekoladowe lava cake, sałatkę z arbuzem i fetą oraz dania z luksusowymi dodatkami, takimi jak trufle, foie gras czy wagyu. Goście doceniają bardzo uważną obsługę i świetne drinki, choć należy przygotować się na dość gwarną atmosferę.",Pon: 5:00 PM – 1:00 AM | Wt: 5:00 PM – 1:00 AM | Śr: 5:00 PM – 1:00 AM | Czw: 5:00 PM – 1:00 AM | Pt: 5:00 PM – 1:00 AM | Sob: 5:00 PM – 1:00 AM | Ndz: 5:00 PM – 1:00 AM,3.4,6.8,https://www.google.com/maps/search/?api=1&query=5th+Floor%2C+EmSphere%2C+628+%E0%B8%96.+%E0%B8%AA%E0%B8%B8%E0%B8%82%E0%B8%B8%E0%B8%A1%E0%B8%A7%E0%B8%B4%E0%B8%97+%E0%B9%81%E0%B8%82%E0%B8%A7%E0%B8%87%E0%B8%84%E0%B8%A5%E0%B8%AD%E0%B8%87%E0%B8%95%E0%B8%B1%E0%B8%99+%E0%B9%80%E0%B8%82%E0%B8%95%E0%B8%84%E0%B8%A5%E0%B8%AD%E0%B8%87%E0%B9%80%E0%B8%95%E0%B8%A2+%E0%B8%81%E0%B8%A3%E0%B8%B8%E0%B8%87%E0%B9%80%E0%B8%97%E0%B8%9E%E0%B8%A1%E0%B8%AB%E0%B8%B2%E0%B8%99%E0%B8%84%E0%B8%A3+10110%2C+Thailand&query_place_id=ChIJpXFNh3if4jARUIlZY5bOteU
Zabb One Ratchada Soi 5,"Thanon Ratchadaphisek, Khwaeng Din Daeng, Khet Din Daeng, Krung Thep Maha Nakhon 10400, Thailand","Thanon Ratchadaphisek, Khwaeng Din Daeng, Khet Din Daeng, Krung Thep Maha Nakhon 10400, Thailand",Międzynarodowa,Din Daeng,$$$,4.4,327,"To popularna wśród lokalnych mieszkańców restauracja serwująca kuchnię w stylu Isaan, która wyróżnia się świetną lokalizacją przy stacji metra i przystępnymi cenami. Szczególnie warto zamówić tu aromatycznego grillowanego kurczaka, świeżą zupę tom yum w dużej porcji oraz wędzoną rybę z grilla. Goście chwalą miejsce za bardzo przyjazną i cierpliwą obsługę, która dba o dobrą atmosferę mimo barier językowych.",Pon: 10:00 AM – 10:00 PM | Wt: 10:00 AM – 10:00 PM | Śr: 10:00 AM – 10:00 PM | Czw: 10:00 AM – 10:00 PM | Pt: 10:00 AM – 10:00 PM | Sob: 10:00 AM – 10:00 PM | Ndz: 10:00 AM – 10:00 PM,1.4,10.9,https://www.google.com/maps/search/?api=1&query=Thanon+Ratchadaphisek%2C+Khwaeng+Din+Daeng%2C+Khet+Din+Daeng%2C+Krung+Thep+Maha+Nakhon+10400%2C+Thailand&query_place_id=ChIJaZ6-cAuf4jAREVKsxwFZpl0
TP TEA @ centralwOrld,"Central World 2nd Floor, Beacon Zone, แขวงปทุมวัน เขตปทุมวัน กรุงเทพมหานคร 10330, Thailand","Central World 2nd Floor, Beacon Zone, แขวงปทุมวัน เขตปทุมวัน กรุงเทพมหานคร 10330, Thailand",Międzynarodowa,,,4.6,324,"Ta uznawana za prekursora bubble tea tajwańska marka słynie z aromatycznych napojów o idealnie wyważonym smaku, w których można dowolnie personalizować poziom słodkości oraz rodzaj mleka. Warto zamówić flagową Tie Guanyin Milk Tea lub Taiwan Classic Milk Tea z bogatym zestawem dodatków, takich jak perły, sago i żelka ziołowa. Miejsce wyróżnia się autentycznością oraz szerokim wyborem herbat serwowanych zarówno na zimno, jak i na ciepło (np. latte z czerwoną fasolą).",Pon: 10:00 AM – 10:00 PM | Wt: 10:00 AM – 10:00 PM | Śr: 10:00 AM – 10:00 PM | Czw: 10:00 AM – 10:00 PM | Pt: 10:00 AM – 10:00 PM | Sob: 10:00 AM – 10:00 PM | Ndz: 10:00 AM – 10:00 PM,4.0,10.5,https://www.google.com/maps/search/?api=1&query=Central+World+2nd+Floor%2C+Beacon+Zone%2C+%E0%B9%81%E0%B8%82%E0%B8%A7%E0%B8%87%E0%B8%9B%E0%B8%97%E0%B8%B8%E0%B8%A1%E0%B8%A7%E0%B8%B1%E0%B8%99+%E0%B9%80%E0%B8%82%E0%B8%95%E0%B8%9B%E0%B8%97%E0%B8%B8%E0%B8%A1%E0%B8%A7%E0%B8%B1%E0%B8%99+%E0%B8%81%E0%B8%A3%E0%B8%B8%E0%B8%87%E0%B9%80%E0%B8%97%E0%B8%9E%E0%B8%A1%E0%B8%AB%E0%B8%B2%E0%B8%99%E0%B8%84%E0%B8%A3+10330%2C+Thailand&query_place_id=ChIJxcpaKsef4jARiLuHugugZY4
Ginger Farm Kitchen at 101 The Third Place,"3rd Floor, 101 ถนน สุขุมวิท 101/1 Khwaeng Bang Chak, Prakanong, Krung Thep Maha Nakhon 10260, Thailand","3rd Floor, 101 ถนน สุขุมวิท 101/1 Khwaeng Bang Chak, Prakanong, Krung Thep Maha Nakhon 10260, Thailand",Międzynarodowa,Bang Chak,,4.4,317,"Ginger Farm Kitchen to przestronne miejsce o wyjątkowym wystroju w stylu organicznej farmy, które wyróżnia się spokojną atmosferą i autentycznymi, wyrazistymi smakami. Warto zamówić tu kremowe Khao Soi z delikatnym kurczakiem, kiełbaski Isan z dużą ilością ziół oraz efektowny niebieski ryż jaśminowy. Goście doceniają świeżość składników, zdrowe opcje w menu oraz pomocną i uśmiechniętą obsługę.",Pon: 10:00 AM – 10:00 PM | Wt: 10:00 AM – 10:00 PM | Śr: 10:00 AM – 10:00 PM | Czw: 10:00 AM – 10:00 PM | Pt: 10:00 AM – 10:00 PM | Sob: 10:00 AM – 10:00 PM | Ndz: 10:00 AM – 10:00 PM,10.8,0.9,https://www.google.com/maps/search/?api=1&query=3rd+Floor%2C+101+%E0%B8%96%E0%B8%99%E0%B8%99+%E0%B8%AA%E0%B8%B8%E0%B8%82%E0%B8%B8%E0%B8%A1%E0%B8%A7%E0%B8%B4%E0%B8%97+101%2F1+Khwaeng+Bang+Chak%2C+Prakanong%2C+Krung+Thep+Maha+Nakhon+10260%2C+Thailand&query_place_id=ChIJoSTL7tGf4jARVJBFsO0RQQc
Hunter’s Garden & Restaurant,"21, 1 Thanon Sukhumvit 101/1, Khwaeng Bang Chak, Khet Phra Khanong, Krung Thep Maha Nakhon 10260, Thailand","21, 1 Thanon Sukhumvit 101/1, Khwaeng Bang Chak, Khet Phra Khanong, Krung Thep Maha Nakhon 10260, Thailand",Międzynarodowa,Sukhumvit,,4.7,307,"Hunter’s Garden & Restaurant to przytulne miejsce z urokliwym, zielonym ogrodem, który oferuje wytchnienie od miejskiego zgiełku i relaksującą atmosferę. Goście szczególnie polecają niedzielną pieczeń z jagnięciną i bogatym zestawem dodatków, a także pizzę, sałatkę grecką oraz szeroki wybór piw dostępnych w ramach happy hour. Restauracja wyróżnia się wyjątkowo uprzejmą obsługą, dbałością właścicieli o klientów oraz szybkim serwisem dań kuchni zachodniej.",Pon: 11:00 AM – 11:00 PM | Wt: Closed | Śr: 11:00 AM – 12:00 AM | Czw: 11:00 AM – 12:00 AM | Pt: 11:00 AM – 12:30 AM | Sob: 10:00 AM – 12:00 AM | Ndz: 10:00 AM – 12:00 AM,10.7,0.9,https://www.google.com/maps/search/?api=1&query=21%2C+1+Thanon+Sukhumvit+101%2F1%2C+Khwaeng+Bang+Chak%2C+Khet+Phra+Khanong%2C+Krung+Thep+Maha+Nakhon+10260%2C+Thailand&query_place_id=ChIJ-9ph1YWh4jAR3VEUrTDX7Zw
UNIQLO Central Rama 9,"9/8, 9/9 Central Plaza Rama9 Rama IX Rd, Khwaeng Huai Khwang, Khet Huai Khwang, Krung Thep Maha Nakhon 10310, Thailand","9/8, 9/9 Central Plaza Rama9 Rama IX Rd, Khwaeng Huai Khwang, Khet Huai Khwang, Krung Thep Maha Nakhon 10310, Thailand",Międzynarodowa,Huai Khwang,,4.6,304,Clothing retailer producing a collection of casualwear & accessories for men & women.,Pon: 10:00 AM – 10:00 PM | Wt: 10:00 AM – 10:00 PM | Śr: 10:00 AM – 10:00 PM | Czw: 10:00 AM – 10:00 PM | Pt: 10:00 AM – 10:00 PM | Sob: 10:00 AM – 10:00 PM | Ndz: 10:00 AM – 10:00 PM,0.6,10.1,https://www.google.com/maps/search/?api=1&query=9%2F8%2C+9%2F9+Central+Plaza+Rama9+Rama+IX+Rd%2C+Khwaeng+Huai+Khwang%2C+Khet+Huai+Khwang%2C+Krung+Thep+Maha+Nakhon+10310%2C+Thailand&query_place_id=ChIJq8XoGI2e4jAR7yR6VNHijuM
สะเต็กสะตำ,"Lasalle 23 Yaek 8, Khwaeng Bang Na, Khet Bang Na, Krung Thep Maha Nakhon 10260, Thailand","Lasalle 23 Yaek 8, Khwaeng Bang Na, Khet Bang Na, Krung Thep Maha Nakhon 10260, Thailand",Międzynarodowa,Bang Na,,4.8,302,"To miejsce serwuje wyśmienite dania kuchni tajskiej w stylu Esan, a w karcie warto zwrócić uwagę zwłaszcza na sałatkę z kaczki (Larb Ped), delikatny stek wołowy oraz unikalne smażone liście betelu z roti. Restauracja wyróżnia się rodzinną atmosferą i nietypowymi atrakcjami w postaci wybiegów z żółwiami i kapibarami oraz wewnętrznego placu zabaw dla dzieci. Całość dopełniają przystępne ceny, świeże składniki oraz udogodnienia takie jak duży parking i stacja kawowa drive-thru.",,13.6,3.7,https://www.google.com/maps/search/?api=1&query=Lasalle+23+Yaek+8%2C+Khwaeng+Bang+Na%2C+Khet+Bang+Na%2C+Krung+Thep+Maha+Nakhon+10260%2C+Thailand&query_place_id=ChIJwxekyxqh4jAR-OBvELdzy_g
Anong Boat Noodle Restaurant,"2/14-15 Phahon Yothin Road, Khwaeng Samsen Nai, Khet Phaya Thai, Krung Thep Maha Nakhon 10400, Thailand","2/14-15 Phahon Yothin Road, Khwaeng Samsen Nai, Khet Phaya Thai, Krung Thep Maha Nakhon 10400, Thailand",Międzynarodowa,Phaya Thai,,4.4,281,"Anong Boat Noodle to słynny, klimatyzowany lokal serwujący tradycyjne zupy w małych porcjach (16 bahtów), które wyróżniają się mniej słodkim smakiem i wyjątkowo kruchą wołowiną. Warto skomponować własny zestaw, wybierając m.in. zupę tom yum z makaronem jajecznym, a przy zjedzeniu 20 misek można otrzymać darmową, dużą butelkę coli. Restauracja cieszy się uznaniem za bardzo szybką obsługę oraz stałą, wysoką jakość dań utrzymywaną od lat.",Pon: 9:00 AM – 7:30 PM | Wt: Closed | Śr: Closed | Czw: 9:00 AM – 7:30 PM | Pt: 9:00 AM – 7:30 PM | Sob: 9:00 AM – 7:30 PM | Ndz: 9:00 AM – 7:30 PM,3.7,12.6,https://www.google.com/maps/search/?api=1&query=2%2F14-15+Phahon+Yothin+Road%2C+Khwaeng+Samsen+Nai%2C+Khet+Phaya+Thai%2C+Krung+Thep+Maha+Nakhon+10400%2C+Thailand&query_place_id=ChIJ9_q5XrCe4jARbp93B8SaXM0
Habib's Kebab Biryani Curry (Halal),"Terminal 21, LG030, Soi Sukhumvit 19, Khwaeng Khlong Toei Nuea, Watthana, Krung Thep Maha Nakhon 10110, Thailand","Terminal 21, LG030, Soi Sukhumvit 19, Khwaeng Khlong Toei Nuea, Watthana, Krung Thep Maha Nakhon 10110, Thailand",Międzynarodowa,Sukhumvit,,4.6,277,"To miejsce w Terminal 21 wyróżnia się autentycznymi smakami i niezwykle uprzejmą obsługą, a goście szczególnie polecają aromatyczne Dal Makhani, Chicken Curry oraz delikatne Mutton Rogan Josh. W menu warto zwrócić uwagę także na wyśmienite kebaby, szoarmę wołową i świeży chlebek naan, które serwowane są w rozsądnych cenach z możliwością dostosowania ostrości dań do własnych preferencji.",Pon: 10:00 AM – 10:00 PM | Wt: 10:00 AM – 10:00 PM | Śr: 10:00 AM – 10:00 PM | Czw: 10:00 AM – 10:00 PM | Pt: 10:00 AM – 10:00 PM | Sob: 10:00 AM – 10:00 PM | Ndz: 10:00 AM – 10:00 PM,2.7,7.8,https://www.google.com/maps/search/?api=1&query=Terminal+21%2C+LG030%2C+Soi+Sukhumvit+19%2C+Khwaeng+Khlong+Toei+Nuea%2C+Watthana%2C+Krung+Thep+Maha+Nakhon+10110%2C+Thailand&query_place_id=ChIJ53Vt4Xif4jARQrmIq3o6f0Y
Luka Sukhumvit 31,"29 Sukhumvit 31, Klongtoey Nua, Watthana, Krung Thep Maha Nakhon 10110, Thailand","29 Sukhumvit 31, Klongtoey Nua, Watthana, Krung Thep Maha Nakhon 10110, Thailand",Międzynarodowa,Sukhumvit,,4.7,275,"Luka Sukhumvit 31 to przytulne i wyjątkowo przyjazne zwierzętom miejsce, które wyróżnia się dużymi porcjami oraz niezwykle pomocną i uważną obsługą. Warto spróbować tutejszej sałatki z wołowiną, ciasta czekoladowo-pralinowego oraz pancake’ów, które zachwycają chrupiącą skórką i puszystym środkiem. Restauracja oferuje relaksującą atmosferę idealną na brunch lub kolację, zapewniając świeże dania typu „comfort food” w dobrej cenie.",Pon: 8:00 AM – 11:00 PM | Wt: 8:00 AM – 5:00 PM | Śr: 8:00 AM – 11:00 PM | Czw: 8:00 AM – 11:00 PM | Pt: 8:00 AM – 11:00 PM | Sob: 8:00 AM – 11:00 PM | Ndz: 8:00 AM – 11:00 PM,2.7,7.4,https://www.google.com/maps/search/?api=1&query=29+Sukhumvit+31%2C+Klongtoey+Nua%2C+Watthana%2C+Krung+Thep+Maha+Nakhon+10110%2C+Thailand&query_place_id=ChIJEdKEaDif4jAR6Jv2oDT5Hh8
Thongsmith Siamese Boat Noodles,"1031 Thanon Phloen Chit, Khwaeng Lumphini, Pathum Wan, Krung Thep Maha Nakhon 10330, Thailand","1031 Thanon Phloen Chit, Khwaeng Lumphini, Pathum Wan, Krung Thep Maha Nakhon 10330, Thailand",Międzynarodowa,Pathum Wan,,4.5,267,"To miejsce słynie z wyśmienitych „boat noodles” z niezwykle kruchą wołowiną wagyu (szczególnie w wersji ribeye) oraz aromatycznym, treściwym wywarem. Warto zamówić zestaw D10 z makaronem jajecznym lub spróbować smażonych bananów, pamiętając o możliwości dopasowania poziomu ostrości dania. Lokal wyróżnia się estetycznym wystrojem i wysoką jakością składników, stanowiąc nowoczesną odsłonę tradycyjnego tajskiego klasyka.",Pon: 10:00 AM – 10:00 PM | Wt: 10:00 AM – 10:00 PM | Śr: 10:00 AM – 10:00 PM | Czw: 10:00 AM – 10:00 PM | Pt: 10:00 AM – 10:00 PM | Sob: 10:00 AM – 10:00 PM | Ndz: 10:00 AM – 10:00 PM,3.6,9.7,https://www.google.com/maps/search/?api=1&query=1031+Thanon+Phloen+Chit%2C+Khwaeng+Lumphini%2C+Pathum+Wan%2C+Krung+Thep+Maha+Nakhon+10330%2C+Thailand&query_place_id=ChIJ1brUB9Of4jARApUPcvQOQkA
Chucharm Bangkok Boat Noodles (ชูชาม ก๋วยเตี๋ยวเรือบางกอก สาขาดินแดง),"4755 Pracha Songkhro Rd, Ratchadaphisek, Khet Din Daeng, Krung Thep Maha Nakhon 10400, Thailand","4755 Pracha Songkhro Rd, Ratchadaphisek, Khet Din Daeng, Krung Thep Maha Nakhon 10400, Thailand",Międzynarodowa,Din Daeng,,4.9,266,"To nowoczesne i czyste miejsce słynie z aromatycznej zupy boat noodle z wyjątkowo miękką, duszoną wołowiną oraz rzadko spotykanym dodatkiem w postaci mięsa z krokodyla. Klienci szczególnie polecają flagową smażoną wieprzowinę Chucharm oraz chrupiące skórki wieprzowe, chwaląc wysoką jakość składników i intensywny smak wywaru.",Pon: 11:00 AM – 8:00 PM | Wt: 11:00 AM – 8:00 PM | Śr: Closed | Czw: 11:00 AM – 8:00 PM | Pt: 11:00 AM – 8:00 PM | Sob: 11:00 AM – 8:00 PM | Ndz: 11:00 AM – 8:00 PM,2.9,12.3,https://www.google.com/maps/search/?api=1&query=4755+Pracha+Songkhro+Rd%2C+Ratchadaphisek%2C+Khet+Din+Daeng%2C+Krung+Thep+Maha+Nakhon+10400%2C+Thailand&query_place_id=ChIJIe3BKd6f4jARY3SFi31co18
CoCo ICHIBANYA - Central Rama 9,"08 เซนทรัล, บีเอฟ07-บีเอฟ, Grand Rama 9, Khwaeng Huai Khwang, Khet Din Daeng, Krung Thep Maha Nakhon 10400, Thailand","08 เซนทรัล, บีเอฟ07-บีเอฟ, Grand Rama 9, Khwaeng Huai Khwang, Khet Din Daeng, Krung Thep Maha Nakhon 10400, Thailand",Międzynarodowa,Huai Khwang,$$$,4.3,265,"Ta popularna sieć serwuje autentyczne japońskie curry z bogatym wyborem dodatków, spośród których klienci szczególnie polecają chrupiącego kurczaka, wieprzowinę z kimchi oraz puszysty omlet. Lokal wyróżnia się sprawną obsługą idealną na szybki posiłek, choć warto mieć na uwadze nieco wyższe ceny oraz pojawiające się w opiniach zastrzeżenia dotyczące standardów higieny.",Pon: 10:00 AM – 10:00 PM | Wt: 10:00 AM – 10:00 PM | Śr: 10:00 AM – 10:00 PM | Czw: 10:00 AM – 10:00 PM | Pt: 10:00 AM – 10:00 PM | Sob: 10:00 AM – 10:00 PM | Ndz: 10:00 AM – 10:00 PM,0.7,10.2,https://www.google.com/maps/search/?api=1&query=08+%E0%B9%80%E0%B8%8B%E0%B8%99%E0%B8%97%E0%B8%A3%E0%B8%B1%E0%B8%A5%2C+%E0%B8%9A%E0%B8%B5%E0%B9%80%E0%B8%AD%E0%B8%9F07-%E0%B8%9A%E0%B8%B5%E0%B9%80%E0%B8%AD%E0%B8%9F%2C+Grand+Rama+9%2C+Khwaeng+Huai+Khwang%2C+Khet+Din+Daeng%2C+Krung+Thep+Maha+Nakhon+10400%2C+Thailand&query_place_id=ChIJ-z-1sYie4jARliw9UDwN4l0
Kapraokhunchang Soi Ratchadaphisek 3,"322 376 Soi Ratchadaphisek 3, Khwaeng Din Daeng, Khet Din Daeng, Krung Thep Maha Nakhon 10400, Thailand","322 376 Soi Ratchadaphisek 3, Khwaeng Din Daeng, Khet Din Daeng, Krung Thep Maha Nakhon 10400, Thailand",Międzynarodowa,Din Daeng,,4.4,256,"To miejsce słynie z wyśmienitego i bardzo ostrego pad kra pao z papryczkami bird eye, czosnkiem oraz perfekcyjnie usmażonym jajkiem. Restauracja wyróżnia się przytulnym, domowym klimatem łączącym nowoczesność z tradycją, choć klienci powinni przygotować się na długi czas oczekiwania na zamówienie. Warto spróbować także kobe beef kaprao, pamiętając jednak o zachowaniu ostrożności na śliskiej podłodze.",Pon: Open 24 hours | Wt: Open 24 hours | Śr: Open 24 hours | Czw: Open 24 hours | Pt: Open 24 hours | Sob: Open 24 hours | Ndz: Open 24 hours,1.1,10.5,https://www.google.com/maps/search/?api=1&query=322+376+Soi+Ratchadaphisek+3%2C+Khwaeng+Din+Daeng%2C+Khet+Din+Daeng%2C+Krung+Thep+Maha+Nakhon+10400%2C+Thailand&query_place_id=ChIJZe9Zabef4jARYo-ZxpVJr5o
"Elements, Inspired by Ciel Bleu","57 Thanon Witthayu, Khwaeng Lumphini, Pathum Wan, Krung Thep Maha Nakhon 10330, Thailand","57 Thanon Witthayu, Khwaeng Lumphini, Pathum Wan, Krung Thep Maha Nakhon 10330, Thailand",Międzynarodowa,Pathum Wan,,4.6,250,"Ta wyróżniona gwiazdką Michelin restauracja w hotelu Okura zachwyca nienaganną obsługą oraz kulinarnym kunsztem szefa Gerarda Villareta. Warto spróbować takich specjałów jak tatar z łososia z ikurą, foie gras czy wyjątkowo soczysty kurczak z nadzieniem pod skórką i makaron z jeżowcem (uni pasta). Miejsce wyróżnia się niezwykłą dbałością o detale, elegancką prezentacją dań oraz precyzyjnym wyjaśnianiem gościom inspiracji stojących za każdą kompozycją smakową.",Pon: Closed | Wt: Closed | Śr: 6:00 – 10:30 PM | Czw: 6:00 – 10:30 PM | Pt: 6:00 – 10:30 PM | Sob: 6:00 – 10:30 PM | Ndz: 6:00 – 10:30 PM,3.6,9.3,https://www.google.com/maps/search/?api=1&query=57+Thanon+Witthayu%2C+Khwaeng+Lumphini%2C+Pathum+Wan%2C+Krung+Thep+Maha+Nakhon+10330%2C+Thailand&query_place_id=ChIJ5-kost6e4jARu60oSMCaKS4
Al-Qasim Cuisine (Halal),"8, 20 Soi Sukhumvit 3/1, Khwaeng Khlong Toei Nuea, Watthana, Krung Thep Maha Nakhon 10110, Thailand","8, 20 Soi Sukhumvit 3/1, Khwaeng Khlong Toei Nuea, Watthana, Krung Thep Maha Nakhon 10110, Thailand",Międzynarodowa,Sukhumvit,,4.3,244,"Restauracja oferuje bogate menu łączące kuchnię pakistańską, indyjską i arabską, a goście szczególnie polecają aromatyczny beef dhaga kabab, chicken karahi oraz biryani. Miejsce wyróżnia się serwowaniem bardzo dużych porcji świeżo przygotowanych dań w czystym, nowoczesnym wnętrzu z pomocną, anglojęzyczną obsługą. To dobra lokalizacja na posiłek w gronie znajomych dla osób szukających urozmaiconego jedzenia halal w Bangkoku.",Pon: 9:00 AM – 4:00 AM | Wt: 9:00 AM – 4:00 AM | Śr: 9:00 AM – 4:00 AM | Czw: 9:00 AM – 4:00 AM | Pt: 9:00 AM – 4:00 AM | Sob: 9:00 AM – 4:00 AM | Ndz: 9:00 AM – 4:00 AM,2.9,8.9,https://www.google.com/maps/search/?api=1&query=8%2C+20+Soi+Sukhumvit+3%2F1%2C+Khwaeng+Khlong+Toei+Nuea%2C+Watthana%2C+Krung+Thep+Maha+Nakhon+10110%2C+Thailand&query_place_id=ChIJgdBYv-ee4jARMbykl7sbRHw
Fook Yuan,"92 Soi Rong Phayaban Phra Ram 9, บางกะปิ Khet Huai Khwang, Krung Thep Maha Nakhon 10310, Thailand","92 Soi Rong Phayaban Phra Ram 9, บางกะปิ Khet Huai Khwang, Krung Thep Maha Nakhon 10310, Thailand",Międzynarodowa,Huai Khwang,,4.5,241,"Fook Yuan to elegancka restauracja w hotelu Golden Tulip, słynąca z wyśmienitego dim sum serwowanego w dużych porcjach oraz niezmiennej od lat, wysokiej jakości składników. Warto spróbować polędwicy wołowej w sosie ostrygowym, smażonego ryżu z krabem lub ryby z makaronem w sosie z czarnej fasoli (Rad Na Pla Tao See). Miejsce wyróżnia się nienaganną obsługą, przytulną atmosferą i dostępnością dużego parkingu.","Pon: 11:30 AM – 2:00 PM, 6:00 – 10:30 PM | Wt: 11:30 AM – 2:00 PM, 6:00 – 10:30 PM | Śr: 11:30 AM – 2:00 PM, 6:00 – 10:30 PM | Czw: 11:30 AM – 2:00 PM, 6:00 – 10:30 PM | Pt: 11:30 AM – 2:00 PM, 6:00 – 10:30 PM | Sob: 11:00 AM – 2:00 PM, 6:00 – 10:30 PM | Ndz: 11:00 AM – 2:00 PM, 6:00 – 10:30 PM",1.0,9.8,https://www.google.com/maps/search/?api=1&query=92+Soi+Rong+Phayaban+Phra+Ram+9%2C+%E0%B8%9A%E0%B8%B2%E0%B8%87%E0%B8%81%E0%B8%B0%E0%B8%9B%E0%B8%B4+Khet+Huai+Khwang%2C+Krung+Thep+Maha+Nakhon+10310%2C+Thailand&query_place_id=ChIJ-6-mBfWe4jARCqt7Njg-Nvw
Jian cha Tea 见茶山(เจี้ยนชา) - Central Rama9 เซ็นทรัลพระราม9,"ชั้น 5, โซน พลาซ่า ติดธนาคาร ttb, 9/9 Rama IX Rd, Khwaeng Huai Khwang, Khet Huai Khwang, Krung Thep Maha Nakhon 10320, Thailand","ชั้น 5, โซน พลาซ่า ติดธนาคาร ttb, 9/9 Rama IX Rd, Khwaeng Huai Khwang, Khet Huai Khwang, Krung Thep Maha Nakhon 10320, Thailand",Międzynarodowa,Huai Khwang,,4.6,236,"To miejsce na 5. piętrze słynie z doskonałych napojów, w szczególności aromatycznej herbaty brzoskwiniowej z kremowym serem, jasemint tea oraz bardzo smacznych smoothie. Choć panuje tu przytulna atmosfera, a obsługa jest uprzejma, warto przygotować się na nieco wyższe ceny i możliwe opóźnienia w realizacji zamówień.",Pon: 10:00 AM – 10:00 PM | Wt: 10:00 AM – 10:00 PM | Śr: 10:00 AM – 10:00 PM | Czw: 10:00 AM – 10:00 PM | Pt: 10:00 AM – 10:00 PM | Sob: 10:00 AM – 10:00 PM | Ndz: 10:00 AM – 10:00 PM,0.6,10.2,https://www.google.com/maps/search/?api=1&query=%E0%B8%8A%E0%B8%B1%E0%B9%89%E0%B8%99+5%2C+%E0%B9%82%E0%B8%8B%E0%B8%99+%E0%B8%9E%E0%B8%A5%E0%B8%B2%E0%B8%8B%E0%B9%88%E0%B8%B2+%E0%B8%95%E0%B8%B4%E0%B8%94%E0%B8%98%E0%B8%99%E0%B8%B2%E0%B8%84%E0%B8%B2%E0%B8%A3+ttb%2C+9%2F9+Rama+IX+Rd%2C+Khwaeng+Huai+Khwang%2C+Khet+Huai+Khwang%2C+Krung+Thep+Maha+Nakhon+10320%2C+Thailand&query_place_id=ChIJZR5BmaOf4jARX6E2E_-Mr5M
กิวกิวเต้ บางนา Gyu Gyu Tei Bangna,"For You Park, Bang Na Nuea, Khet Bang Na, Krung Thep Maha Nakhon 10260, Thailand","For You Park, Bang Na Nuea, Khet Bang Na, Krung Thep Maha Nakhon 10260, Thailand",Międzynarodowa,Bang Na,$$$$,4.5,236,"To popularna restauracja Yakiniku w Bangna, ceniona za wysoką jakość wołowiny w przystępnej cenie oraz wyjątkowo świeże sałatki. Goście szczególnie polecają zamówienie małż hotate oraz kiełbasek, a dodatkowym atutem miejsca jest duży parking i klimatyzowane wnętrze. Należy jednak pamiętać, że w tej lokalizacji obowiązuje samodzielne grillowanie, ponieważ obsługa nie wyręcza w tym klientów.",Pon: 5:00 – 10:00 PM | Wt: 5:00 – 10:00 PM | Śr: 5:00 – 10:00 PM | Czw: 5:00 – 10:00 PM | Pt: 5:00 – 10:00 PM | Sob: 11:00 AM – 10:00 PM | Ndz: 11:00 AM – 10:00 PM,13.4,3.5,https://www.google.com/maps/search/?api=1&query=For+You+Park%2C+Bang+Na+Nuea%2C+Khet+Bang+Na%2C+Krung+Thep+Maha+Nakhon+10260%2C+Thailand&query_place_id=ChIJe8SNQOpfHTER_G8yVyKtpd8
The Kinn Bangkok Hotel โรงแรมเดอะคินน์,"578 ถนน พระราม 9 ซ. 26 Khwaeng Bang Kapi, Khet Huai Khwang, Krung Thep Maha Nakhon 10310, Thailand","578 ถนน พระราม 9 ซ. 26 Khwaeng Bang Kapi, Khet Huai Khwang, Krung Thep Maha Nakhon 10310, Thailand",Międzynarodowa,Huai Khwang,,4.3,234,"Hotel wyróżnia się dogodną lokalizacją w pobliżu Bangkok Hospital i sklepu 7-Eleven oraz oferuje różnorodne, smaczne posiłki i pomocną obsługę. Goście doceniają przestronne, czyste pokoje z funkcjonalnym wyposażeniem, takim jak liczne gniazdka elektryczne i duże szafy. Warto jednak zwrócić uwagę na możliwe hałasy z pobliskiej drogi oraz bardzo ograniczoną liczbę miejsc parkingowych.",Pon: Open 24 hours | Wt: Open 24 hours | Śr: Open 24 hours | Czw: Open 24 hours | Pt: Open 24 hours | Sob: Open 24 hours | Ndz: Open 24 hours,2.5,9.0,https://www.google.com/maps/search/?api=1&query=578+%E0%B8%96%E0%B8%99%E0%B8%99+%E0%B8%9E%E0%B8%A3%E0%B8%B0%E0%B8%A3%E0%B8%B2%E0%B8%A1+9+%E0%B8%8B.+26+Khwaeng+Bang+Kapi%2C+Khet+Huai+Khwang%2C+Krung+Thep+Maha+Nakhon+10310%2C+Thailand&query_place_id=ChIJGYxzVkKe4jARjvA8ESiZzsY
Sanidchan Boat Noodle & Hotpot ก๋วยเตี๋ยวสนิทจันทร์,"245, 19 Sukhumvit 31, Khwaeng Khlong Toei Nuea, Watthana, Krung Thep Maha Nakhon 10110, Thailand","245, 19 Sukhumvit 31, Khwaeng Khlong Toei Nuea, Watthana, Krung Thep Maha Nakhon 10110, Thailand",Międzynarodowa,Sukhumvit,,4.8,233,"To wyjątkowe miejsce o wystroju przypominającym japońską kawiarnię wyróżnia się autentycznym smakiem oraz dostępnością prywatnego parkingu w samym sercu Sukhumvit. Warto zamówić tu przede wszystkim popisowe „dry boat noodles” (makaron na sucho) oraz wysokiej jakości wołowinę premium, a posiłek zwieńczyć pysznymi deserami i orzeźwiającymi napojami. Goście doceniają możliwość dostosowania poziomu ostrości potraw, przytulną atmosferę oraz czystość lokalu.",Pon: 11:00 AM – 9:00 PM | Wt: Closed | Śr: 11:00 AM – 9:00 PM | Czw: 11:00 AM – 9:00 PM | Pt: 11:00 AM – 9:00 PM | Sob: 11:00 AM – 9:00 PM | Ndz: 11:00 AM – 9:00 PM,2.7,7.6,https://www.google.com/maps/search/?api=1&query=245%2C+19+Sukhumvit+31%2C+Khwaeng+Khlong+Toei+Nuea%2C+Watthana%2C+Krung+Thep+Maha+Nakhon+10110%2C+Thailand&query_place_id=ChIJz0rs9l6f4jARB3dc2Nboyfs
Suea Yai Grilled Chicken,"86 Soi Sukhumvit 39, Khwaeng Khlong Tan Nuea, Watthana, Krung Thep Maha Nakhon 10110, Thailand","86 Soi Sukhumvit 39, Khwaeng Khlong Tan Nuea, Watthana, Krung Thep Maha Nakhon 10110, Thailand",Międzynarodowa,Sukhumvit,$$$,4.3,233,"Suea Yai Grilled Chicken to miejsce słynące z wyśmienitego kurczaka z grilla o ziołowym aromacie oraz tradycyjnej sałatki z papai (Som-tum). Warto zamówić także chrupiącego smażonego kurczaka, omlet z bazylią i lody kokosowe, ciesząc się przytulnym wystrojem oraz dostępnością dużego parkingu. Choć ceny są nieco wyższe, restauracja przyciąga gości świeżością dań i klasycznymi smakami kuchni Isan.",Pon: 10:00 AM – 9:00 PM | Wt: 10:00 AM – 9:00 PM | Śr: 10:00 AM – 9:00 PM | Czw: 10:00 AM – 9:00 PM | Pt: 10:00 AM – 9:00 PM | Sob: 10:00 AM – 9:00 PM | Ndz: 10:00 AM – 9:00 PM,2.4,7.6,https://www.google.com/maps/search/?api=1&query=86+Soi+Sukhumvit+39%2C+Khwaeng+Khlong+Tan+Nuea%2C+Watthana%2C+Krung+Thep+Maha+Nakhon+10110%2C+Thailand&query_place_id=ChIJkSY5AOGf4jARpUBLns6qs44
Zong Peep - Khao Soi,"PHR4+2HG, Soi Sukhumvit 11/1, Khwaeng Khlong Toei Nuea, คลองเตยเหนือ, Krung Thep Maha Nakhon 10110, Thailand","PHR4+2HG, Soi Sukhumvit 11/1, Khwaeng Khlong Toei Nuea, คลองเตยเหนือ, Krung Thep Maha Nakhon 10110, Thailand",Międzynarodowa,Sukhumvit,,4.5,224,"Zong Peep to ukryta w bocznej uliczce, autentyczna knajpka typu „hole in the wall”, która słynie z sycącego Khao Soi z rozpływającą się w ustach wołowiną lub tofu oraz pysznego mango sticky rice. Miejsce wyróżnia się bardzo przystępnymi cenami i błyskawiczną obsługą, a jego największym atutem są godziny otwarcia aż do 4 rano. To idealny punkt na szybki, tradycyjny posiłek z północnej Tajlandii w samym sercu Bangkoku.",Pon: 8:30 AM – 4:00 AM | Wt: 8:30 AM – 4:00 AM | Śr: 8:30 AM – 4:00 AM | Czw: 8:30 AM – 4:00 AM | Pt: 8:30 AM – 4:00 AM | Sob: 8:30 AM – 4:00 AM | Ndz: 8:30 AM – 4:00 AM,3.0,8.2,https://www.google.com/maps/search/?api=1&query=PHR4%2B2HG%2C+Soi+Sukhumvit+11%2F1%2C+Khwaeng+Khlong+Toei+Nuea%2C+%E0%B8%84%E0%B8%A5%E0%B8%AD%E0%B8%87%E0%B9%80%E0%B8%95%E0%B8%A2%E0%B9%80%E0%B8%AB%E0%B8%99%E0%B8%B7%E0%B8%AD%2C+Krung+Thep+Maha+Nakhon+10110%2C+Thailand&query_place_id=ChIJ32yFOm6f4jARE4z7-zRktUg
ทงคัตสึ ซาโบเตน Saboten สาขา Central Rama 9,"9/9 อาคารศูนย์การค้าเซ็นทรัล, ห้องเลขที่ 710 ชั้น 7, Rama IX Rd, Khwaeng Huai Khwang, Khet Din Daeng, Krung Thep Maha Nakhon 10400, Thailand","9/9 อาคารศูนย์การค้าเซ็นทรัล, ห้องเลขที่ 710 ชั้น 7, Rama IX Rd, Khwaeng Huai Khwang, Khet Din Daeng, Krung Thep Maha Nakhon 10400, Thailand",Międzynarodowa,Huai Khwang,,4.3,223,"Saboten w Central Rama 9 to idealne miejsce na chrupiące tonkatsu oraz świeże, smażone ostrygi, które warto połączyć z sosem z samodzielnie mielonym sezamem. Restauracja słynie z sycących zestawów z nielimitowanymi dokładkami kapusty, ryżu oraz zupy miso, a cały posiłek wieńczą lody z zielonej herbaty. Goście doceniają przestronne, jasne wnętrze oraz wyjątkowo uważną obsługę, która na bieżąco uzupełnia dodatki i napoje.",Pon: 11:00 AM – 9:00 PM | Wt: 11:00 AM – 9:00 PM | Śr: 11:00 AM – 9:00 PM | Czw: 11:00 AM – 9:00 PM | Pt: 11:00 AM – 9:00 PM | Sob: 11:00 AM – 9:00 PM | Ndz: 11:00 AM – 9:00 PM,0.6,10.2,https://www.google.com/maps/search/?api=1&query=9%2F9+%E0%B8%AD%E0%B8%B2%E0%B8%84%E0%B8%B2%E0%B8%A3%E0%B8%A8%E0%B8%B9%E0%B8%99%E0%B8%A2%E0%B9%8C%E0%B8%81%E0%B8%B2%E0%B8%A3%E0%B8%84%E0%B9%89%E0%B8%B2%E0%B9%80%E0%B8%8B%E0%B9%87%E0%B8%99%E0%B8%97%E0%B8%A3%E0%B8%B1%E0%B8%A5%2C+%E0%B8%AB%E0%B9%89%E0%B8%AD%E0%B8%87%E0%B9%80%E0%B8%A5%E0%B8%82%E0%B8%97%E0%B8%B5%E0%B9%88+710+%E0%B8%8A%E0%B8%B1%E0%B9%89%E0%B8%99+7%2C+Rama+IX+Rd%2C+Khwaeng+Huai+Khwang%2C+Khet+Din+Daeng%2C+Krung+Thep+Maha+Nakhon+10400%2C+Thailand&query_place_id=ChIJq8XoGI2e4jARIW-lA10v05E
MAY VEGGIE HOME EXPRESS [Sukhumvit23],"45 ประสานมิตรพลาซ่า ชั้น 2, Soi Sukhumvit 23, Khwaeng Khlong Toei Nuea, Watthana, Krung Thep Maha Nakhon 10110, Thailand","45 ประสานมิตรพลาซ่า ชั้น 2, Soi Sukhumvit 23, Khwaeng Khlong Toei Nuea, Watthana, Krung Thep Maha Nakhon 10110, Thailand",Międzynarodowa,Sukhumvit,,4.7,219,"To przytulne miejsce serwuje aromatyczne, w pełni roślinne dania kuchni tajskiej i wietnamskiej, wyróżniając się dużymi porcjami w bardzo przystępnych cenach. Warto zamówić zwłaszcza Pad Kra Pow z wegańską wieprzowiną i bazylią, skrzydełka z kalafiora oraz chwalone za wyjątkową teksturę kluski z roślinnym boczkiem. Lokal znajduje się na drugim piętrze pasażu i oferuje szeroki wybór wysokiej jakości comfort foodu w spokojnej atmosferze.",Pon: 10:00 AM – 9:00 PM | Wt: 10:00 AM – 9:00 PM | Śr: 10:00 AM – 9:00 PM | Czw: 10:00 AM – 9:00 PM | Pt: 10:00 AM – 9:00 PM | Sob: 10:00 AM – 9:00 PM | Ndz: 10:00 AM – 9:00 PM,2.3,8.0,https://www.google.com/maps/search/?api=1&query=45+%E0%B8%9B%E0%B8%A3%E0%B8%B0%E0%B8%AA%E0%B8%B2%E0%B8%99%E0%B8%A1%E0%B8%B4%E0%B8%95%E0%B8%A3%E0%B8%9E%E0%B8%A5%E0%B8%B2%E0%B8%8B%E0%B9%88%E0%B8%B2+%E0%B8%8A%E0%B8%B1%E0%B9%89%E0%B8%99+2%2C+Soi+Sukhumvit+23%2C+Khwaeng+Khlong+Toei+Nuea%2C+Watthana%2C+Krung+Thep+Maha+Nakhon+10110%2C+Thailand&query_place_id=ChIJO5yrEjOf4jAR0D1o8zCZs0Q
Wana Yook,"5, 15 Phaya Thai Rd, Khwaeng Thanon Phaya Thai, Khet Ratchathewi, Krung Thep Maha Nakhon 10400, Thailand","5, 15 Phaya Thai Rd, Khwaeng Thanon Phaya Thai, Khet Ratchathewi, Krung Thep Maha Nakhon 10400, Thailand",Międzynarodowa,Ratchathewi,,4.7,213,"Ta wyróżniona gwiazdką Michelin restauracja mieści się w pięknej kolonialnej willi i oferuje unikalne menu degustacyjne, będące nowoczesną interpretacją tradycyjnej kultury ryżu z curry (khao gaeng). Szef Chalee Kader mistrzowsko łączy lokalne składniki z wykwintną techniką, a dopełnieniem doświadczenia jest nienaganna obsługa oraz doskonały pairing win i tradycyjnego tajskiego sake (sato).",Pon: Closed | Wt: Closed | Śr: 5:30 – 11:00 PM | Czw: 5:30 – 11:00 PM | Pt: 5:30 – 11:00 PM | Sob: 5:30 – 11:00 PM | Ndz: 5:30 – 11:00 PM,3.9,12.5,https://www.google.com/maps/search/?api=1&query=5%2C+15+Phaya+Thai+Rd%2C+Khwaeng+Thanon+Phaya+Thai%2C+Khet+Ratchathewi%2C+Krung+Thep+Maha+Nakhon+10400%2C+Thailand&query_place_id=ChIJOTiQRnKf4jAR5hsFRsOF2RM
BARSU,"250 Sukhumvit Rd, Khwaeng Khlong Toei, Khet Khlong Toei, Krung Thep Maha Nakhon 10110, Thailand","250 Sukhumvit Rd, Khwaeng Khlong Toei, Khet Khlong Toei, Krung Thep Maha Nakhon 10110, Thailand",Międzynarodowa,Sukhumvit,,4.5,205,"BARSU w hotelu Sheraton to stylowe miejsce słynące z występów zespołów na żywo oraz wyjątkowego doświadczenia „Dine in the Dark”, czyli kolacji w całkowitej ciemności. Goście szczególnie polecają skrzydełka z kurczaka faszerowane krabem, sajgonki z kaczką oraz soczystego labraksa, a także korzystne cenowo pakiety „All You Can Eat”. Miejsce wyróżnia się świetną atmosferą z muzyką pop-rockową i profesjonalną obsługą.",Pon: Closed | Wt: 5:00 PM – 2:00 AM | Śr: 5:00 PM – 2:00 AM | Czw: 5:00 PM – 2:00 AM | Pt: 5:00 PM – 2:00 AM | Sob: 5:00 PM – 2:00 AM | Ndz: 5:00 – 11:00 PM,2.9,7.9,https://www.google.com/maps/search/?api=1&query=250+Sukhumvit+Rd%2C+Khwaeng+Khlong+Toei%2C+Khet+Khlong+Toei%2C+Krung+Thep+Maha+Nakhon+10110%2C+Thailand&query_place_id=ChIJ85ocweOe4jAR9OIkly0l9cc
ข้าวต้มหัวปลาฝาแฝดชุมพร สาขา บางนา,"320 Thanon Sanphawut, Bang Na Nuea, Khet Bang Na, Krung Thep Maha Nakhon 10260, Thailand","320 Thanon Sanphawut, Bang Na Nuea, Khet Bang Na, Krung Thep Maha Nakhon 10260, Thailand",Międzynarodowa,Bang Na,,4.5,201,"To przytulne miejsce słynie z aromatycznej zupy rybnej oraz ryżu gotowanego z rybą, oferując autentyczne i wyraziste smaki w przystępnej cenie. Warto zamówić tu unikalny, klarowny Tomyum z rybą lub chrupiącą wieprzowiną oraz krewetki z fasolą sataw, które zachwycają balansem pikantnych i kwaśnych nut. Restauracja wyróżnia się wyjątkową gościnnością właścicieli oraz świeżością składników, stanowiąc doskonały wybór na lunch lub kolację przy tajskim piwie.",Pon: 11:00 AM – 10:00 PM | Wt: 11:00 AM – 10:00 PM | Śr: 11:00 AM – 10:00 PM | Czw: 11:00 AM – 10:00 PM | Pt: 11:00 AM – 10:00 PM | Sob: 11:00 AM – 10:00 PM | Ndz: 11:00 AM – 10:00 PM,11.8,2.8,https://www.google.com/maps/search/?api=1&query=320+Thanon+Sanphawut%2C+Bang+Na+Nuea%2C+Khet+Bang+Na%2C+Krung+Thep+Maha+Nakhon+10260%2C+Thailand&query_place_id=ChIJF00ffheg4jAReZ5YyVIFp7A
Shabeebee House (Halal),"701Rohmah Mall Soi Suwanmanee, ถ. ประชาอุทิศ แขวงสามเสนนอก เขตห้วยขวาง กรุงเทพมหานคร 10310, Thailand","701Rohmah Mall Soi Suwanmanee, ถ. ประชาอุทิศ แขวงสามเสนนอก เขตห้วยขวาง กรุงเทพมหานคร 10310, Thailand",Międzynarodowa,,,4.6,197,"Shabeebee House to wyjątkowe miejsce z kuchnią halal, słynące z aromatycznych curry, delikatnego roti oraz rzadko spotykanych dań, takich jak beef Wellington czy ryż po singapursku. Goście szczególnie polecają tutejszą mocną, aromatyczną herbatę (mleczną lub owocową) oraz sycące dania mięsne, serwowane w pięknym wnętrzu przypominającym arabską kawiarnię. Restauracja oferuje przystępne ceny, menu w języku angielskim oraz dodatkowe udogodnienie w postaci pokoju modlitwy.",Pon: 11:00 AM – 9:00 PM | Wt: 11:00 AM – 9:00 PM | Śr: Closed | Czw: 11:00 AM – 9:00 PM | Pt: 11:00 AM – 9:00 PM | Sob: 11:00 AM – 9:00 PM | Ndz: 11:00 AM – 9:00 PM,3.8,11.2,https://www.google.com/maps/search/?api=1&query=701Rohmah+Mall+Soi+Suwanmanee%2C+%E0%B8%96.+%E0%B8%9B%E0%B8%A3%E0%B8%B0%E0%B8%8A%E0%B8%B2%E0%B8%AD%E0%B8%B8%E0%B8%97%E0%B8%B4%E0%B8%A8+%E0%B9%81%E0%B8%82%E0%B8%A7%E0%B8%87%E0%B8%AA%E0%B8%B2%E0%B8%A1%E0%B9%80%E0%B8%AA%E0%B8%99%E0%B8%99%E0%B8%AD%E0%B8%81+%E0%B9%80%E0%B8%82%E0%B8%95%E0%B8%AB%E0%B9%89%E0%B8%A7%E0%B8%A2%E0%B8%82%E0%B8%A7%E0%B8%B2%E0%B8%87+%E0%B8%81%E0%B8%A3%E0%B8%B8%E0%B8%87%E0%B9%80%E0%B8%97%E0%B8%9E%E0%B8%A1%E0%B8%AB%E0%B8%B2%E0%B8%99%E0%B8%84%E0%B8%A3+10310%2C+Thailand&query_place_id=ChIJs45xWeOf4jAREbrZpwg-Wu8
Bistro Bordello,"670/414, ซ. ขวัญพัฒนา แขวงดินแดง เขตดินแดง กรุงเทพมหานคร 10400, Thailand","670/414, ซ. ขวัญพัฒนา แขวงดินแดง เขตดินแดง กรุงเทพมหานคร 10400, Thailand",Międzynarodowa,,$$$,4.7,187,"Bistro Bordello to idealne miejsce na dania kuchni zachodniej, słynące z soczystych burgerów (szczególnie wersji Frenchy z Brie) oraz doskonałych steków z australijskiej wołowiny. Warto zamówić tu również popisowego kurczaka Normandy, świeżą pizzę lub sałatkę grecką, a na koniec spróbować świeżych francuskich wypieków. Goście chwalą lokal za świetną muzykę, luźną atmosferę oraz niezwykle gościnnego właściciela, który z pasją opowiada o pochodzeniu składników.",Pon: 10:00 AM – 10:00 PM | Wt: 10:00 AM – 10:00 PM | Śr: 10:00 AM – 10:00 PM | Czw: 10:00 AM – 10:00 PM | Pt: 10:00 AM – 10:00 PM | Sob: 10:00 AM – 10:00 PM | Ndz: Closed,1.1,10.6,https://www.google.com/maps/search/?api=1&query=670%2F414%2C+%E0%B8%8B.+%E0%B8%82%E0%B8%A7%E0%B8%B1%E0%B8%8D%E0%B8%9E%E0%B8%B1%E0%B8%92%E0%B8%99%E0%B8%B2+%E0%B9%81%E0%B8%82%E0%B8%A7%E0%B8%87%E0%B8%94%E0%B8%B4%E0%B8%99%E0%B9%81%E0%B8%94%E0%B8%87+%E0%B9%80%E0%B8%82%E0%B8%95%E0%B8%94%E0%B8%B4%E0%B8%99%E0%B9%81%E0%B8%94%E0%B8%87+%E0%B8%81%E0%B8%A3%E0%B8%B8%E0%B8%87%E0%B9%80%E0%B8%97%E0%B8%9E%E0%B8%A1%E0%B8%AB%E0%B8%B2%E0%B8%99%E0%B8%84%E0%B8%A3+10400%2C+Thailand&query_place_id=ChIJvxZnW5Oe4jARXCRiVniXCUY
Khon Chang Yum (ฅนช่างยำ) Thonglor Soi13 (ทองหล่อซอย13),"251, 2 Soi Thong Lo, Khwaeng Khlong Tan Nuea, Watthana, Krung Thep Maha Nakhon 10110, Thailand","251, 2 Soi Thong Lo, Khwaeng Khlong Tan Nuea, Watthana, Krung Thep Maha Nakhon 10110, Thailand",Międzynarodowa,Watthana,,5.0,183,"Khon Chang Yum to miejsce słynące z wyjątkowo soczystej, dymnej grillowanej wieprzowiny oraz kurczaka, które są uznawane za największe hity menu. Warto zamówić także orzeźwiającą sałatkę Som Tum z solonym jajkiem lub makaron z homarcem (rock lobster), ciesząc się przy tym dużymi porcjami i świeżością składników. Lokal wyróżnia się nienaganną czystością oraz dużą dbałością szefa kuchni o detale przygotowywanych dań.",Pon: 11:00 AM – 9:00 PM | Wt: 11:00 AM – 9:00 PM | Śr: 11:00 AM – 9:00 PM | Czw: 11:00 AM – 9:00 PM | Pt: 11:00 AM – 9:00 PM | Sob: 11:00 AM – 9:00 PM | Ndz: 11:00 AM – 9:00 PM,3.8,6.4,https://www.google.com/maps/search/?api=1&query=251%2C+2+Soi+Thong+Lo%2C+Khwaeng+Khlong+Tan+Nuea%2C+Watthana%2C+Krung+Thep+Maha+Nakhon+10110%2C+Thailand&query_place_id=ChIJSVsv-JOf4jARwo3xqcnTiz4
Ruean Mae Louis,"G floor, Thanon Ratchadaphisek, Khwaeng Din Daeng, Khet Din Daeng, Krung Thep Maha Nakhon 10400, Thailand","G floor, Thanon Ratchadaphisek, Khwaeng Din Daeng, Khet Din Daeng, Krung Thep Maha Nakhon 10400, Thailand",Międzynarodowa,Din Daeng,,4.4,178,"Ruean Mae Louis to wyjątkowe miejsce w Bangkoku, które słynie z autentycznej, pikantnej kuchni południowotajlandzkiej oraz bogatego, oddzielnego menu dla wegan i wegetarian. Goście szczególnie polecają świeżo przygotowane potrawy, takie jak placki z ciecierzycy i tofu, zaznaczając przy tym, że warto uprzedzić obsługę o preferowanej ostrości dań. Restauracja wyróżnia się wysoką jakością składników, możliwością płatności kartą oraz sprawną komunikacją w języku angielskim.",Pon: 10:00 AM – 9:00 PM | Wt: 10:00 AM – 9:00 PM | Śr: 10:00 AM – 9:00 PM | Czw: 10:00 AM – 9:00 PM | Pt: 10:00 AM – 9:00 PM | Sob: 10:00 AM – 9:00 PM | Ndz: 10:00 AM – 9:00 PM,0.5,10.0,https://www.google.com/maps/search/?api=1&query=G+floor%2C+Thanon+Ratchadaphisek%2C+Khwaeng+Din+Daeng%2C+Khet+Din+Daeng%2C+Krung+Thep+Maha+Nakhon+10400%2C+Thailand&query_place_id=ChIJeSMAs4ee4jARt60QNfAo1zE
Saigon Sandwich,"Unit G32, G floor, G Tower Bangkok, 33/4 ถ. พระราม 9 แขวงห้วยขวาง Huaykwang, กรุงเทพมหานคร 10310, Thailand","Unit G32, G floor, G Tower Bangkok, 33/4 ถ. พระราม 9 แขวงห้วยขวาง Huaykwang, กรุงเทพมหานคร 10310, Thailand",Międzynarodowa,,,4.7,168,"Saigon Sandwich oferuje jedne z najlepszych bánh mì w Bangkoku, które wyróżniają się ogromnym rozmiarem oraz idealnie chrupiącym, a zarazem puszystym pieczywem w przystępnej cenie. Warto zamówić flagową wieprzowinę z trawą cytrynową (A5) lub chrupiący boczek (A8), które zachwycają świeżymi składnikami oraz wyrazistym pasztetem. Ze względu na ograniczoną liczbę miejsc siedzących, jest to doskonała opcja przede wszystkim na sycący posiłek na wynos.",Pon: 7:30 AM – 8:00 PM | Wt: 7:30 AM – 8:00 PM | Śr: 7:30 AM – 8:00 PM | Czw: 7:30 AM – 8:00 PM | Pt: 7:30 AM – 8:00 PM | Sob: 9:30 AM – 8:00 PM | Ndz: 9:30 AM – 8:00 PM,0.7,10.2,https://www.google.com/maps/search/?api=1&query=Unit+G32%2C+G+floor%2C+G+Tower+Bangkok%2C+33%2F4+%E0%B8%96.+%E0%B8%9E%E0%B8%A3%E0%B8%B0%E0%B8%A3%E0%B8%B2%E0%B8%A1+9+%E0%B9%81%E0%B8%82%E0%B8%A7%E0%B8%87%E0%B8%AB%E0%B9%89%E0%B8%A7%E0%B8%A2%E0%B8%82%E0%B8%A7%E0%B8%B2%E0%B8%87+Huaykwang%2C+%E0%B8%81%E0%B8%A3%E0%B8%B8%E0%B8%87%E0%B9%80%E0%B8%97%E0%B8%9E%E0%B8%A1%E0%B8%AB%E0%B8%B2%E0%B8%99%E0%B8%84%E0%B8%A3+10310%2C+Thailand&query_place_id=ChIJfcPpqXaf4jARh7uuPzb9HGU
Khon Boat Noodle BKK,"265 2 Sukhumvit Soi 22, Khwaeng Khlong Tan, Khet Khlong Toei, Krung Thep Maha Nakhon 10110, Thailand","265 2 Sukhumvit Soi 22, Khwaeng Khlong Tan, Khet Khlong Toei, Krung Thep Maha Nakhon 10110, Thailand",Międzynarodowa,Sukhumvit,,4.9,167,"Khon Boat Noodle BKK wyróżnia się wyjątkowo aromatycznym, głębokim wywarem oraz bardzo przystępnymi cenami, gdzie pierwszą porcję zupy boat noodle można zjeść już za 9 bahtów. Warto spróbować także kremowego Khao Soi z kruchym kurczakiem lub kulek drobiowych, ciesząc się sprawną obsługą i klimatyzowanym wnętrzem z unikalnym motywem masek Khon. Miejsce oferuje szeroki wybór klasyków kuchni tajskiej, a niewielkie porcje zup pozwalają na przetestowanie wielu smaków podczas jednej wizyty.",Pon: 11:00 AM – 10:00 PM | Wt: 11:00 AM – 10:00 PM | Śr: 11:00 AM – 10:00 PM | Czw: 11:00 AM – 10:00 PM | Pt: 11:00 AM – 10:00 PM | Sob: 11:00 AM – 10:00 PM | Ndz: 11:00 AM – 10:00 PM,3.6,7.5,https://www.google.com/maps/search/?api=1&query=265+2+Sukhumvit+Soi+22%2C+Khwaeng+Khlong+Tan%2C+Khet+Khlong+Toei%2C+Krung+Thep+Maha+Nakhon+10110%2C+Thailand&query_place_id=ChIJeV7RfQCf4jARY37W1BmoG1k
Thong Smith Siamese Boat Noodles,"4,4/1-4/2, Zone B ชั้น3, ห้อง B302, เซ็นทรัลเวิลด์, Rama I Rd, Khwaeng Pathum Wan, Pathum Wan, Krung Thep Maha Nakhon 10330, Thailand","4,4/1-4/2, Zone B ชั้น3, ห้อง B302, เซ็นทรัลเวิลด์, Rama I Rd, Khwaeng Pathum Wan, Pathum Wan, Krung Thep Maha Nakhon 10330, Thailand",Międzynarodowa,Pathum Wan,,4.5,166,"Thong Smith to popularny lokal słynący z aromatycznego, bogatego wywaru oraz wyjątkowo miękkiej wołowiny i wieprzowiny podawanej ze sprężystym makaronem ryżowym. Warto zamówić krewetkowe wontony, klopsiki wieprzowe oraz chrupiące skwarki do maczania w zupie, a na deser wybrać specjał kokosowy. Choć ceny są nieco wyższe i często należy czekać w kolejce, miejsce przyciąga autentycznym smakiem oraz wysoką jakością składników.",Pon: 10:00 AM – 9:30 PM | Wt: 10:00 AM – 9:30 PM | Śr: 10:00 AM – 9:30 PM | Czw: 10:00 AM – 9:30 PM | Pt: 10:00 AM – 9:30 PM | Sob: 10:00 AM – 9:30 PM | Ndz: 10:00 AM – 9:30 PM,4.0,10.5,https://www.google.com/maps/search/?api=1&query=4%2C4%2F1-4%2F2%2C+Zone+B+%E0%B8%8A%E0%B8%B1%E0%B9%89%E0%B8%993%2C+%E0%B8%AB%E0%B9%89%E0%B8%AD%E0%B8%87+B302%2C+%E0%B9%80%E0%B8%8B%E0%B9%87%E0%B8%99%E0%B8%97%E0%B8%A3%E0%B8%B1%E0%B8%A5%E0%B9%80%E0%B8%A7%E0%B8%B4%E0%B8%A5%E0%B8%94%E0%B9%8C%2C+Rama+I+Rd%2C+Khwaeng+Pathum+Wan%2C+Pathum+Wan%2C+Krung+Thep+Maha+Nakhon+10330%2C+Thailand&query_place_id=ChIJdWBQ1Baf4jARiWzyqhTuaU0
Do Nua - Sukhumvit 101/2,"30 Soi Sukhumvit 101/2, Khwaeng Bang Na, Khet Bang Na, Krung Thep Maha Nakhon 10260, Thailand","30 Soi Sukhumvit 101/2, Khwaeng Bang Na, Khet Bang Na, Krung Thep Maha Nakhon 10260, Thailand",Międzynarodowa,Sukhumvit,,4.6,153,"To miejsce to prawdziwa gratka dla fanów kuchni Isaan i nowoczesnych smaków Tajlandii, serwowanych w stylowym wnętrzu typu „rustic-chic”. Warto zamówić grillowaną wołowinę, curry z liśćmi betelu, chrupiącą karkówkę lub zupę śliwkową, które goście chwalą za świeżość i wyrazisty aromat. Restauracja wyróżnia się przystępnymi cenami, miłą obsługą oraz dostępnością parkingu, co czyni ją idealnym wyborem zarówno na brunch, jak i spotkania w większym gronie.",Pon: 11:00 AM – 9:00 PM | Wt: 11:00 AM – 9:00 PM | Śr: 11:00 AM – 9:00 PM | Czw: 11:00 AM – 9:00 PM | Pt: 11:00 AM – 9:00 PM | Sob: 11:00 AM – 9:00 PM | Ndz: 11:00 AM – 9:00 PM,10.9,1.1,https://www.google.com/maps/search/?api=1&query=30+Soi+Sukhumvit+101%2F2%2C+Khwaeng+Bang+Na%2C+Khet+Bang+Na%2C+Krung+Thep+Maha+Nakhon+10260%2C+Thailand&query_place_id=ChIJPzCZcEih4jARFiXZWJie0FM
Beertopia by La Tasca,"29/1 ถนน สุขุมวิท 101/1 Khwaeng Bang Chak, Khet Phra Khanong, Krung Thep Maha Nakhon 10260, Thailand","29/1 ถนน สุขุมวิท 101/1 Khwaeng Bang Chak, Khet Phra Khanong, Krung Thep Maha Nakhon 10260, Thailand",Międzynarodowa,Phra Khanong,$$$,4.6,140,"Laid-back chain restaurant serving traditional Spanish tapas, paellas and desserts.",,10.8,0.9,https://www.google.com/maps/search/?api=1&query=29%2F1+%E0%B8%96%E0%B8%99%E0%B8%99+%E0%B8%AA%E0%B8%B8%E0%B8%82%E0%B8%B8%E0%B8%A1%E0%B8%A7%E0%B8%B4%E0%B8%97+101%2F1+Khwaeng+Bang+Chak%2C+Khet+Phra+Khanong%2C+Krung+Thep+Maha+Nakhon+10260%2C+Thailand&query_place_id=ChIJL9k2pP1fHTERRMvNlapgIDY
TP TEA - Emquartier,"Emquartier Shopping Mall, G Fl, Take home shop, 689 ถ. สุขุมวิท Klong Tan Nuea, เขตวัฒนา กรุงเทพมหานคร 10110, Thailand","Emquartier Shopping Mall, G Fl, Take home shop, 689 ถ. สุขุมวิท Klong Tan Nuea, เขตวัฒนา กรุงเทพมหานคร 10110, Thailand",Międzynarodowa,,,4.8,139,"TP TEA oferuje autentyczną tajwańską herbatę mleczną, a szczególnie warto spróbować Signature Milk Tea z trzema dodatkami (3Q) w rozmiarze L. Miejsce wyróżnia się unikalnym smakiem naparów, możliwością precyzyjnego dostosowania poziomu słodkości oraz szybką obsługą typu „grab & go”, idealną dla osób szukających wysokiej jakości napoju w pośpiechu.",Pon: 10:00 AM – 10:00 PM | Wt: 10:00 AM – 10:00 PM | Śr: 10:00 AM – 10:00 PM | Czw: 10:00 AM – 10:00 PM | Pt: 10:00 AM – 10:00 PM | Sob: 10:00 AM – 10:00 PM | Ndz: 10:00 AM – 10:00 PM,3.8,6.5,https://www.google.com/maps/search/?api=1&query=Emquartier+Shopping+Mall%2C+G+Fl%2C+Take+home+shop%2C+689+%E0%B8%96.+%E0%B8%AA%E0%B8%B8%E0%B8%82%E0%B8%B8%E0%B8%A1%E0%B8%A7%E0%B8%B4%E0%B8%97+Klong+Tan+Nuea%2C+%E0%B9%80%E0%B8%82%E0%B8%95%E0%B8%A7%E0%B8%B1%E0%B8%92%E0%B8%99%E0%B8%B2+%E0%B8%81%E0%B8%A3%E0%B8%B8%E0%B8%87%E0%B9%80%E0%B8%97%E0%B8%9E%E0%B8%A1%E0%B8%AB%E0%B8%B2%E0%B8%99%E0%B8%84%E0%B8%A3+10110%2C+Thailand&query_place_id=ChIJe2hPPRCf4jARqs9cWsM3-sY
EC MALL - ITMall Fortune Fl.4 | Camera Store,"5 ห้องเลขที่ 4P52 อาคารศูนย์การค้าฟอร์จูนทาวน์ ถนนรัชดาภิเษก แขวงดินแดง ดินแดง Khwaeng Din Daeng, Khet Huai Khwang, Krung Thep Maha Nakhon 10400, Thailand","5 ห้องเลขที่ 4P52 อาคารศูนย์การค้าฟอร์จูนทาวน์ ถนนรัชดาภิเษก แขวงดินแดง ดินแดง Khwaeng Din Daeng, Khet Huai Khwang, Krung Thep Maha Nakhon 10400, Thailand",Międzynarodowa,Huai Khwang,,4.9,135,"To profesjonalny sklep fotograficzny, w którym znajdziesz szeroki wybór sprzętu, np. kamery Insta360, oraz uzyskasz fachową pomoc techniczną, nawet przy problemach z mikrofonem. Miejsce wyróżnia się wyjątkowo pomocną, anglojęzyczną obsługą, która sprawnie sprowadza rzadsze części zamienne oraz produkty na specjalne zamówienie w uczciwych cenach.",Pon: 10:00 AM – 8:00 PM | Wt: 10:00 AM – 8:00 PM | Śr: 10:00 AM – 8:00 PM | Czw: 10:00 AM – 8:00 PM | Pt: 10:00 AM – 8:00 PM | Sob: 10:00 AM – 8:00 PM | Ndz: 10:00 AM – 8:00 PM,0.7,10.2,https://www.google.com/maps/search/?api=1&query=5+%E0%B8%AB%E0%B9%89%E0%B8%AD%E0%B8%87%E0%B9%80%E0%B8%A5%E0%B8%82%E0%B8%97%E0%B8%B5%E0%B9%88+4P52+%E0%B8%AD%E0%B8%B2%E0%B8%84%E0%B8%B2%E0%B8%A3%E0%B8%A8%E0%B8%B9%E0%B8%99%E0%B8%A2%E0%B9%8C%E0%B8%81%E0%B8%B2%E0%B8%A3%E0%B8%84%E0%B9%89%E0%B8%B2%E0%B8%9F%E0%B8%AD%E0%B8%A3%E0%B9%8C%E0%B8%88%E0%B8%B9%E0%B8%99%E0%B8%97%E0%B8%B2%E0%B8%A7%E0%B8%99%E0%B9%8C+%E0%B8%96%E0%B8%99%E0%B8%99%E0%B8%A3%E0%B8%B1%E0%B8%8A%E0%B8%94%E0%B8%B2%E0%B8%A0%E0%B8%B4%E0%B9%80%E0%B8%A9%E0%B8%81+%E0%B9%81%E0%B8%82%E0%B8%A7%E0%B8%87%E0%B8%94%E0%B8%B4%E0%B8%99%E0%B9%81%E0%B8%94%E0%B8%87+%E0%B8%94%E0%B8%B4%E0%B8%99%E0%B9%81%E0%B8%94%E0%B8%87+Khwaeng+Din+Daeng%2C+Khet+Huai+Khwang%2C+Krung+Thep+Maha+Nakhon+10400%2C+Thailand&query_place_id=ChIJZ_c-pY2e4jARr-NEiltNJ8s
Guay Tiew Nuea Brake Teak,"107 ซ. เอกมัย 21 Khwaeng Khlong Tan Nuea, Watthana, Krung Thep Maha Nakhon 10110, Thailand","107 ซ. เอกมัย 21 Khwaeng Khlong Tan Nuea, Watthana, Krung Thep Maha Nakhon 10110, Thailand",Międzynarodowa,Watthana,,4.4,135,"To miejsce słynie z wyśmienitej zupy z makaronem i wołowiną w wersji halal, która wyróżnia się słodkawym, ziołowym bulionem oraz świeżymi i delikatnymi kawałkami mięsa. Goście chwalą bardzo przystępne ceny oraz niezwykle gościnną obsługę, a do posiłku warto zamówić tradycyjną tajską herbatę. Należy jedynie pamiętać, że restauracja jest zamknięta w piątki i soboty.",Pon: 10:30 AM – 2:00 PM | Wt: 10:30 AM – 2:00 PM | Śr: 10:30 AM – 2:00 PM | Czw: 10:30 AM – 2:00 PM | Pt: Closed | Sob: Closed | Ndz: 10:00 AM – 2:00 PM,3.7,7.3,https://www.google.com/maps/search/?api=1&query=107+%E0%B8%8B.+%E0%B9%80%E0%B8%AD%E0%B8%81%E0%B8%A1%E0%B8%B1%E0%B8%A2+21+Khwaeng+Khlong+Tan+Nuea%2C+Watthana%2C+Krung+Thep+Maha+Nakhon+10110%2C+Thailand&query_place_id=ChIJ12XdZ06e4jARK_NuteeJL8A
Asok Pier,"Sukhumvit 21 Rd, Khwaeng Makkasan, Khet Ratchathewi, Krung Thep Maha Nakhon 10110, Thailand","Sukhumvit 21 Rd, Khwaeng Makkasan, Khet Ratchathewi, Krung Thep Maha Nakhon 10110, Thailand",Międzynarodowa,Sukhumvit,,4.3,133,"Asok Pier to doskonała i tania alternatywa dla zakorkowanych ulic, pozwalająca szybko dotrzeć łodzią do takich miejsc jak Nana, Pratunam czy targ Bo Be (za jedyne 16 bahtów). Rejs kanałami pozwala zobaczyć inne oblicze Bangkoku na trasie łączącej Bang Kapi ze Złotym Wzgórzem, choć warto przygotować się na tłumy w godzinach szczytu. To praktyczny środek transportu dla osób ceniących czas, mimo specyficznego, mało romantycznego charakteru miejskich kanałów.",,1.3,9.0,https://www.google.com/maps/search/?api=1&query=Sukhumvit+21+Rd%2C+Khwaeng+Makkasan%2C+Khet+Ratchathewi%2C+Krung+Thep+Maha+Nakhon+10110%2C+Thailand&query_place_id=ChIJJX5NKe6e4jARkGDb33ZnMIU
Achyut Bhavan Bangkok,"Ocean Tower2 75 Sukhumvit 21 Rd, Khwaeng Khlong Toei Nuea, Watthana, Krung Thep Maha Nakhon 10110, Thailand","Ocean Tower2 75 Sukhumvit 21 Rd, Khwaeng Khlong Toei Nuea, Watthana, Krung Thep Maha Nakhon 10110, Thailand",Międzynarodowa,Sukhumvit,,4.8,131,"Achyut Bhavan to elegancka restauracja wegetariańska w Ocean Tower 2, słynąca z autentycznych smaków kuchni tamilskiej oraz północnoindyjskiej. Goście szczególnie polecają zamówienie obfitego thali, kremowego dal makhani oraz świeżej paneer tikka, a na deser tradycyjnej południowoindyjskiej kawy (filter coffee). Miejsce wyróżnia się wysokim standardem obsługi i nowoczesnym wystrojem, oferując tradycyjne, „domowe” smaki w prestiżowym wydaniu.",Pon: 10:00 AM – 11:00 PM | Wt: 10:00 AM – 11:00 PM | Śr: 10:00 AM – 11:00 PM | Czw: 10:00 AM – 11:00 PM | Pt: 10:00 AM – 11:00 PM | Sob: 10:00 AM – 11:00 PM | Ndz: 10:00 AM – 11:00 PM,2.0,8.3,https://www.google.com/maps/search/?api=1&query=Ocean+Tower2+75+Sukhumvit+21+Rd%2C+Khwaeng+Khlong+Toei+Nuea%2C+Watthana%2C+Krung+Thep+Maha+Nakhon+10110%2C+Thailand&query_place_id=ChIJ0YV8W2mf4jARfDINdNjowgs
na ploenchit boat noodle,"874 Mahatun Plaza Building, Khwaeng Lumphini, Pathum Wan, Krung Thep Maha Nakhon 10260, Thailand","874 Mahatun Plaza Building, Khwaeng Lumphini, Pathum Wan, Krung Thep Maha Nakhon 10260, Thailand",Międzynarodowa,Pathum Wan,,4.6,125,"Na Ploenchit słynie z sycących zup typu boat noodle z wyjątkowo kruchą wołowiną wagyu lub wieprzowiną kurobuta, a goście szczególnie polecają także tutejszy chrupiący boczek i dania kuchni Isan. Miejsce wyróżnia się aromatycznymi bulionami, dużymi porcjami oraz szybką obsługą w komfortowym, klimatyzowanym wnętrzu. Restauracja jest doceniana za świetną lokalizację w Mahatun Plaza, tuż przy stacji BTS Ploenchit.","Pon: 10:30 AM – 3:00 PM, 4:30 – 10:00 PM | Wt: 10:30 AM – 3:00 PM, 4:30 – 10:00 PM | Śr: 10:30 AM – 3:00 PM, 4:30 – 10:00 PM | Czw: 10:30 AM – 3:00 PM, 4:30 – 10:00 PM | Pt: 10:30 AM – 3:00 PM, 4:30 – 10:00 PM | Sob: 10:30 AM – 4:00 PM | Ndz: Closed",3.5,9.2,https://www.google.com/maps/search/?api=1&query=874+Mahatun+Plaza+Building%2C+Khwaeng+Lumphini%2C+Pathum+Wan%2C+Krung+Thep+Maha+Nakhon+10260%2C+Thailand&query_place_id=ChIJH0F8WClfHTER69nA4K19K4k
AdHoc Bkk,"36, เลี้ยวขวาซอยแรก (ซอยตัน มีที่จอดรถบนอาคารเท่านั้น, 22 Soi Phrom Si 1, Khwaeng Khlong Tan Nuea, Watthana, Krung Thep Maha Nakhon 10110, Thailand","36, เลี้ยวขวาซอยแรก (ซอยตัน มีที่จอดรถบนอาคารเท่านั้น, 22 Soi Phrom Si 1, Khwaeng Khlong Tan Nuea, Watthana, Krung Thep Maha Nakhon 10110, Thailand",Międzynarodowa,Watthana,,4.8,122,"AdHoc Bkk to „ukryty klejnot” Bangkoku, serwujący nowoczesną kuchnię tajską w stylu farm-to-fork, która wyróżnia się kreatywnymi teksturami i perfekcyjnie zbalansowanym smakiem. Goście chwalą to miejsce za poziom godny gwiazdki Michelin oraz finezyjne wykorzystanie lokalnych składników, łączące tradycję z artystyczną prezentacją. Warto postawić na sycące dania główne, a jako dodatek można zamówić popularny omlet z kraba.",Pon: 5:00 – 10:30 PM | Wt: 5:00 – 10:30 PM | Śr: 5:00 – 10:30 PM | Czw: 5:00 – 10:30 PM | Pt: 5:00 – 11:00 PM | Sob: 5:00 – 11:00 PM | Ndz: 12:00 – 10:30 PM,3.0,7.2,https://www.google.com/maps/search/?api=1&query=36%2C+%E0%B9%80%E0%B8%A5%E0%B8%B5%E0%B9%89%E0%B8%A2%E0%B8%A7%E0%B8%82%E0%B8%A7%E0%B8%B2%E0%B8%8B%E0%B8%AD%E0%B8%A2%E0%B9%81%E0%B8%A3%E0%B8%81+%28%E0%B8%8B%E0%B8%AD%E0%B8%A2%E0%B8%95%E0%B8%B1%E0%B8%99+%E0%B8%A1%E0%B8%B5%E0%B8%97%E0%B8%B5%E0%B9%88%E0%B8%88%E0%B8%AD%E0%B8%94%E0%B8%A3%E0%B8%96%E0%B8%9A%E0%B8%99%E0%B8%AD%E0%B8%B2%E0%B8%84%E0%B8%B2%E0%B8%A3%E0%B9%80%E0%B8%97%E0%B9%88%E0%B8%B2%E0%B8%99%E0%B8%B1%E0%B9%89%E0%B8%99%2C+22+Soi+Phrom+Si+1%2C+Khwaeng+Khlong+Tan+Nuea%2C+Watthana%2C+Krung+Thep+Maha+Nakhon+10110%2C+Thailand&query_place_id=ChIJxezN9hGf4jARJoXXayksyQ4
3 Pinong chicken rice,"G Floor, 139 Thanon Ratchadaphisek, Khwaeng Din Daeng, Khet Din Daeng, Krung Thep Maha Nakhon 10400, Thailand","G Floor, 139 Thanon Ratchadaphisek, Khwaeng Din Daeng, Khet Din Daeng, Krung Thep Maha Nakhon 10400, Thailand",Międzynarodowa,Din Daeng,,4.3,122,"Restauracja słynie z wyjątkowo aromatycznego ryżu i sycących porcji w rozmiarze XL, do których serwowany jest nielimitowany wywar oraz darmowe, wyraziste sosy. Warto zamówić flagowy ryż z gotowanym kurczakiem, Pad Krapow Moo z jajkiem sadzonym lub makaron ryżowy z kurczakiem, które wyróżniają się autentycznym smakiem. Miejsce oferuje bardzo dobry stosunek jakości do ceny i znajduje się w centrum handlowym The Street Ratchada.",Pon: 11:00 AM – 9:00 PM | Wt: 11:00 AM – 9:00 PM | Śr: 11:00 AM – 9:00 PM | Czw: 11:00 AM – 9:00 PM | Pt: 11:00 AM – 9:00 PM | Sob: 11:00 AM – 9:00 PM | Ndz: 11:00 AM – 9:00 PM,2.2,11.7,https://www.google.com/maps/search/?api=1&query=G+Floor%2C+139+Thanon+Ratchadaphisek%2C+Khwaeng+Din+Daeng%2C+Khet+Din+Daeng%2C+Krung+Thep+Maha+Nakhon+10400%2C+Thailand&query_place_id=ChIJt8YXn7-f4jARerPOJTgov3Y
MTB Somtam,"Bang Chak, Phra Khanong, Bangkok 10260, Thailand","Bang Chak, Phra Khanong, Bangkok 10260, Thailand",Międzynarodowa,Phra Khanong,,4.3,119,"MTB Somtam to wyjątkowo czyste miejsce o tradycyjnym wystroju, słynące z pysznej i niedrogiej kuchni tajskiej przygotowywanej przez doświadczoną szefową kuchni. Warto zamówić tu smażonego kurczaka, sałatkę som tum z krabem, Pad Thai lub rybę smażoną na dwa sposoby, które cieszą się dużym uznaniem gości. Choć czas oczekiwania na posiłek bywa nieco dłuższy, relaksująca atmosfera i bogate menu w języku angielskim sprawiają, że to doskonały punkt na kulinarnie mapie Bangkoku.",Pon: 6:00 AM – 8:00 PM | Wt: 6:00 AM – 8:00 PM | Śr: 6:00 AM – 8:00 PM | Czw: 6:00 AM – 8:00 PM | Pt: 6:00 AM – 8:00 PM | Sob: 6:00 AM – 8:00 PM | Ndz: 6:00 AM – 8:00 PM,13.8,3.9,https://www.google.com/maps/search/?api=1&query=Bang+Chak%2C+Phra+Khanong%2C+Bangkok+10260%2C+Thailand&query_place_id=ChIJPVPI6-JfHTERCCs6mFA_on4
BEARHOUSE All Seasons Place,"87, Tower ชั้น 2 ยูนิต 223, ออลซีซั่นส์ เพลส CRC, 2 ถ. วิทยุ แขวงลุมพินี เขตปทุมวัน กรุงเทพมหานคร 10330, Thailand","87, Tower ชั้น 2 ยูนิต 223, ออลซีซั่นส์ เพลส CRC, 2 ถ. วิทยุ แขวงลุมพินี เขตปทุมวัน กรุงเทพมหานคร 10330, Thailand",Międzynarodowa,,,5.0,117,"BEARHOUSE All Seasons Place to nowo otwarta filia, która wyróżnia się pięknym wystrojem wnętrza oraz doskonałą lokalizacją. Klienci bardzo pozytywnie oceniają to miejsce, chwaląc jego estetykę i ogólną jakość.",Pon: 8:00 AM – 6:00 PM | Wt: 8:00 AM – 6:00 PM | Śr: 8:00 AM – 6:00 PM | Czw: 8:00 AM – 6:00 PM | Pt: 8:00 AM – 6:00 PM | Sob: 9:00 AM – 4:00 PM | Ndz: 9:00 AM – 4:00 PM,3.9,9.6,https://www.google.com/maps/search/?api=1&query=87%2C+Tower+%E0%B8%8A%E0%B8%B1%E0%B9%89%E0%B8%99+2+%E0%B8%A2%E0%B8%B9%E0%B8%99%E0%B8%B4%E0%B8%95+223%2C+%E0%B8%AD%E0%B8%AD%E0%B8%A5%E0%B8%8B%E0%B8%B5%E0%B8%8B%E0%B8%B1%E0%B9%88%E0%B8%99%E0%B8%AA%E0%B9%8C+%E0%B9%80%E0%B8%9E%E0%B8%A5%E0%B8%AA+CRC%2C+2+%E0%B8%96.+%E0%B8%A7%E0%B8%B4%E0%B8%97%E0%B8%A2%E0%B8%B8+%E0%B9%81%E0%B8%82%E0%B8%A7%E0%B8%87%E0%B8%A5%E0%B8%B8%E0%B8%A1%E0%B8%9E%E0%B8%B4%E0%B8%99%E0%B8%B5+%E0%B9%80%E0%B8%82%E0%B8%95%E0%B8%9B%E0%B8%97%E0%B8%B8%E0%B8%A1%E0%B8%A7%E0%B8%B1%E0%B8%99+%E0%B8%81%E0%B8%A3%E0%B8%B8%E0%B8%87%E0%B9%80%E0%B8%97%E0%B8%9E%E0%B8%A1%E0%B8%AB%E0%B8%B2%E0%B8%99%E0%B8%84%E0%B8%A3+10330%2C+Thailand&query_place_id=ChIJ04tcbrKf4jAR-5Z3P4niSbg
P Aey Somtum,"706/1-2 Sukhumvit 26, Khwaeng Khlong Tan, Khet Khlong Toei, Krung Thep Maha Nakhon 10110, Thailand","706/1-2 Sukhumvit 26, Khwaeng Khlong Tan, Khet Khlong Toei, Krung Thep Maha Nakhon 10110, Thailand",Międzynarodowa,Sukhumvit,,4.5,116,"P Aey Somtum to rodzinna, lokalna perełka w pobliżu stacji Phrom Phong, ceniona za autentyczne tajskie smaki i bardzo przystępne ceny. Warto zamówić chrupiącego okonia morskiego, aromatyczną zupę Tom Yum z krewetkami lub wieprzowinę z czosnkiem, korzystając z przejrzystego menu ze zdjęciami. Miejsce wyróżnia się szybką, przyjazną obsługą i jest doskonałym wyborem na smaczny, niedrogi posiłek w sercu Bangkoku.",Pon: 12:00 PM – 12:00 AM | Wt: 12:00 PM – 12:00 AM | Śr: 12:00 PM – 12:00 AM | Czw: 12:00 PM – 12:00 AM | Pt: 12:00 PM – 12:00 AM | Sob: 12:00 PM – 12:00 AM | Ndz: Closed,3.8,6.2,https://www.google.com/maps/search/?api=1&query=706%2F1-2+Sukhumvit+26%2C+Khwaeng+Khlong+Tan%2C+Khet+Khlong+Toei%2C+Krung+Thep+Maha+Nakhon+10110%2C+Thailand&query_place_id=ChIJw4KSx_uf4jARI9FRctDFIMg
"Demonia Fetish and BDSM Club Sukhumvit 33, Bangkok (Open 5.30pm - Late)","9, 22 Soi Sukhumvit 33, Khwaeng Khlong Tan Nuea, Watthana, Krung Thep Maha Nakhon 10110, Thailand","9, 22 Soi Sukhumvit 33, Khwaeng Khlong Tan Nuea, Watthana, Krung Thep Maha Nakhon 10110, Thailand",Międzynarodowa,Sukhumvit,,4.3,109,"Demonia Fetish to klimatyczny klub w Bangkoku, który wyróżnia się bogatym wyborem pokoi tematycznych oraz ciekawymi zajęciami wprowadzającymi (intro classes) dla osób początkujących. Warto wybrać się tu na sesję edukacyjną lub imprezę okolicznościową, kontaktując się wcześniej z pomocną właścicielką w celu ustalenia budżetu i preferencji. Goście chwalą miejsce za estetyczne wnętrza, czystość oraz uprzejmy i profesjonalny personel.",Pon: 6:00 PM – 2:00 AM | Wt: 6:00 PM – 2:00 AM | Śr: 6:00 PM – 2:00 AM | Czw: 6:00 PM – 2:00 AM | Pt: 6:00 PM – 2:00 AM | Sob: 6:00 PM – 2:00 AM | Ndz: 6:00 PM – 2:00 AM,3.1,7.1,https://www.google.com/maps/search/?api=1&query=9%2C+22+Soi+Sukhumvit+33%2C+Khwaeng+Khlong+Tan+Nuea%2C+Watthana%2C+Krung+Thep+Maha+Nakhon+10110%2C+Thailand&query_place_id=ChIJefUDwf2e4jARC4Q3W9FI9LY
Crave restaurant,"35 Soi Sukhumvit 11, Klongtoey-nua, Watthana, Krung Thep Maha Nakhon 10110, Thailand","35 Soi Sukhumvit 11, Klongtoey-nua, Watthana, Krung Thep Maha Nakhon 10110, Thailand",Międzynarodowa,Sukhumvit,,4.4,106,"Crave słynie z doskonałego bufetu z owocami morza, w którym królują świeże grillowane krewetki rzeczne, kraby oraz sashimi z łososia. Warto spróbować także wolno pieczonej jagnięciny i pysznych deserów, takich jak panna cotta czy key lime pie, które goście uznają za kulinarny hit. Restauracja oferuje świetny stosunek jakości do ceny, profesjonalną obsługę i jest w pełni przystosowana dla rodzin z dziećmi.","Pon: 6:00 – 10:30 AM | Wt: 6:00 – 10:30 AM | Śr: 6:00 – 10:30 AM | Czw: 6:00 – 10:30 AM | Pt: 6:00 – 10:30 AM, 6:00 – 10:00 PM | Sob: 6:00 – 11:00 AM, 6:00 – 10:00 PM | Ndz: 6:00 – 11:00 AM",2.9,8.8,https://www.google.com/maps/search/?api=1&query=35+Soi+Sukhumvit+11%2C+Klongtoey-nua%2C+Watthana%2C+Krung+Thep+Maha+Nakhon+10110%2C+Thailand&query_place_id=ChIJu9MvGeae4jAR6ZbRUt-v55A
ตำตำ แซ่บต้นตำรับ เบลล์ แกรนด์ พระราม9,"Ground floor, The Shoppes at Belle, 131 Soi Rama 9 Soi 3, Khwaeng Huai Khwang, Khet Huai Khwang, Krung Thep Maha Nakhon 10310, Thailand","Ground floor, The Shoppes at Belle, 131 Soi Rama 9 Soi 3, Khwaeng Huai Khwang, Khet Huai Khwang, Krung Thep Maha Nakhon 10310, Thailand",Międzynarodowa,Huai Khwang,,4.7,105,"To doskonała restauracja z kuchnią regionu Isan w okolicy Rama 9, która wyróżnia się wyjątkowo smacznymi potrawami o autentycznym charakterze. Warto tu zajrzeć szczególnie dla dań o wyrazistym kwaśnym i ostrym profilu smakowym, które goście uznają za fenomenalne. Choć obsługa może mieć trudności z komunikacją przy dużych grupach obcokrajowców, jakość jedzenia sprawia, że miejsce jest gorąco polecane.",Pon: 10:00 AM – 8:00 PM | Wt: 10:00 AM – 8:00 PM | Śr: 10:00 AM – 8:00 PM | Czw: 10:00 AM – 8:00 PM | Pt: 10:00 AM – 8:00 PM | Sob: 10:00 AM – 8:00 PM | Ndz: 10:00 AM – 8:00 PM,0.7,10.3,https://www.google.com/maps/search/?api=1&query=Ground+floor%2C+The+Shoppes+at+Belle%2C+131+Soi+Rama+9+Soi+3%2C+Khwaeng+Huai+Khwang%2C+Khet+Huai+Khwang%2C+Krung+Thep+Maha+Nakhon+10310%2C+Thailand&query_place_id=ChIJFcMJMLef4jARE5_zaFNhlMI
KOI Thé - Central World,"ห้องเลขที่ K322 ชั้น 3 เลขที่ 999, 9 ถ. พระรามที่ 1 แขวงปทุมวัน เขตปทุมวัน กรุงเทพมหานคร 10330, Thailand","ห้องเลขที่ K322 ชั้น 3 เลขที่ 999, 9 ถ. พระรามที่ 1 แขวงปทุมวัน เขตปทุมวัน กรุงเทพมหานคร 10330, Thailand",Międzynarodowa,,$$$,4.4,95,"KOI Thé w CentralWorld wyróżnia się doskonałymi proporcjami herbaty do mleka oraz sprawną obsługą, która często przyjmuje zamówienia już od osób stojących w kolejce. Warto spróbować zielonej herbaty mlecznej z unikalnym, żujnym dodatkiem Taro Q lub Matcha Macchiato z kremową pianką, a dla osób unikających kofeiny dostępne są napoje Ovaltine i Milo. Choć lokal przyciąga nowoczesnym designem, niektórzy klienci odradzają wybór droższych opcji, takich jak Brown Sugar Fresh Milk czy napój o smaku Biscoff, oceniając ich walory smakowe jako zbyt mało intensywne.",Pon: 10:00 AM – 10:00 PM | Wt: 10:00 AM – 10:00 PM | Śr: 10:00 AM – 10:00 PM | Czw: 10:00 AM – 10:00 PM | Pt: 10:00 AM – 10:00 PM | Sob: 10:00 AM – 10:00 PM | Ndz: 10:00 AM – 10:00 PM,4.0,10.5,https://www.google.com/maps/search/?api=1&query=%E0%B8%AB%E0%B9%89%E0%B8%AD%E0%B8%87%E0%B9%80%E0%B8%A5%E0%B8%82%E0%B8%97%E0%B8%B5%E0%B9%88+K322+%E0%B8%8A%E0%B8%B1%E0%B9%89%E0%B8%99+3+%E0%B9%80%E0%B8%A5%E0%B8%82%E0%B8%97%E0%B8%B5%E0%B9%88+999%2C+9+%E0%B8%96.+%E0%B8%9E%E0%B8%A3%E0%B8%B0%E0%B8%A3%E0%B8%B2%E0%B8%A1%E0%B8%97%E0%B8%B5%E0%B9%88+1+%E0%B9%81%E0%B8%82%E0%B8%A7%E0%B8%87%E0%B8%9B%E0%B8%97%E0%B8%B8%E0%B8%A1%E0%B8%A7%E0%B8%B1%E0%B8%99+%E0%B9%80%E0%B8%82%E0%B8%95%E0%B8%9B%E0%B8%97%E0%B8%B8%E0%B8%A1%E0%B8%A7%E0%B8%B1%E0%B8%99+%E0%B8%81%E0%B8%A3%E0%B8%B8%E0%B8%87%E0%B9%80%E0%B8%97%E0%B8%9E%E0%B8%A1%E0%B8%AB%E0%B8%B2%E0%B8%99%E0%B8%84%E0%B8%A3+10330%2C+Thailand&query_place_id=ChIJncVtGOeZ4jARx0BKfuRy36Q
Pasta 54,"29 Soi Saeng Ngoen, Khwaeng Khlong Tan Nuea, Watthana, Krung Thep Maha Nakhon 10110, Thailand","29 Soi Saeng Ngoen, Khwaeng Khlong Tan Nuea, Watthana, Krung Thep Maha Nakhon 10110, Thailand",Międzynarodowa,Watthana,,4.5,93,"Pasta 54 to kameralna restauracja serwująca autentyczne, domowe dania kuchni włoskiej w bardzo przystępnych cenach, wśród których goście szczególnie polecają spaghetti vongole, lasagne oraz pizzę margherita. Miejsce wyróżnia się rodzinną, nieformalną atmosferą i prostym wystrojem, oferując smaki oparte na wieloletnich recepturach, które według recenzentów dorównują najlepszym lokalom w Rzymie. Choć wnętrze jest bardzo małe i ciche, przyciąga stałych klientów wysoką jakością potraw, takich jak makaron z pesto porcini czy penne arrabiata.",Pon: 11:00 AM – 9:00 PM | Wt: 11:00 AM – 9:00 PM | Śr: 11:00 AM – 9:00 PM | Czw: 11:00 AM – 9:00 PM | Pt: 11:00 AM – 9:00 PM | Sob: 11:00 AM – 9:00 PM | Ndz: 11:00 AM – 9:00 PM,3.3,7.3,https://www.google.com/maps/search/?api=1&query=29+Soi+Saeng+Ngoen%2C+Khwaeng+Khlong+Tan+Nuea%2C+Watthana%2C+Krung+Thep+Maha+Nakhon+10110%2C+Thailand&query_place_id=ChIJBTTVJFGe4jARsl1WNDsHCB8
PornPotchana พรโภชนา,"398 Thanon Udom Suk, Bang Na Nuea, Khet Bang Na, Krung Thep Maha Nakhon 10260, Thailand","398 Thanon Udom Suk, Bang Na Nuea, Khet Bang Na, Krung Thep Maha Nakhon 10260, Thailand",Międzynarodowa,Bang Na,$$$,4.3,89,"PornPotchana to ceniona za przystępne ceny restauracja serwująca dania kuchni tajskiej i chińskiej, będąca doskonałym wyborem na posiłek późno w nocy. Warto zamówić tu specjalność lokalu – zupę ryżową Khao-Tom – a także polecane smażone jelita wieprzowe, ostrygi, kałamarnicę w tempurze lub rybę na parze. Miejsce wyróżnia się autentycznym smakiem i bogatym menu, które zadowoli miłośników owoców morza i klasycznych dań z ryżem.",Pon: 4:30 PM – 2:00 AM | Wt: 4:30 PM – 2:00 AM | Śr: 4:30 PM – 2:00 AM | Czw: 4:30 PM – 2:00 AM | Pt: 4:30 PM – 2:00 AM | Sob: 4:30 PM – 2:00 AM | Ndz: 4:30 PM – 2:00 AM,12.4,2.5,https://www.google.com/maps/search/?api=1&query=398+Thanon+Udom+Suk%2C+Bang+Na+Nuea%2C+Khet+Bang+Na%2C+Krung+Thep+Maha+Nakhon+10260%2C+Thailand&query_place_id=ChIJVfkfb-RfHTERN5w2Tx0vJmk
Miss Hong Khao Man Gai (Chicken Rice),"888, 30 Thanon Phloen Chit, Khwaeng Lumphini, Pathum Wan, Krung Thep Maha Nakhon 10330, Thailand","888, 30 Thanon Phloen Chit, Khwaeng Lumphini, Pathum Wan, Krung Thep Maha Nakhon 10330, Thailand",Międzynarodowa,Pathum Wan,,4.4,86,"Miss Hong Khao Man Gai to popularny wśród lokalnych pracowników lokal, który wyróżnia się możliwością wyboru między mięsem z piersi a uda oraz wyjątkowo smacznymi sosami. Warto zamówić chrupiącego smażonego kurczaka i aromatyczny ryż, które serwowane są w solidnych porcjach i rozsądnych cenach. Choć w porze lunchu bywa tu tłoczno, miejsce oferuje spokojniejszą atmosferę niż typowo turystyczne punkty.",Pon: 7:00 AM – 4:00 PM | Wt: 7:00 AM – 4:00 PM | Śr: 7:00 AM – 4:00 PM | Czw: 7:00 AM – 4:00 PM | Pt: 7:00 AM – 4:00 PM | Sob: 7:00 AM – 4:00 PM | Ndz: Closed,3.6,9.2,https://www.google.com/maps/search/?api=1&query=888%2C+30+Thanon+Phloen+Chit%2C+Khwaeng+Lumphini%2C+Pathum+Wan%2C+Krung+Thep+Maha+Nakhon+10330%2C+Thailand&query_place_id=ChIJnXghFd-f4jARn2doffsEFKE
MINKKI Central Rama 9 หมิงคิ เซ็นทรัลพระราม 9,"9, ใกล้ฮาเบอร์แลนด์, 9/9 Rama IX Rd, Khwaeng Huai Khwang, Khet Huai Khwang, Krung Thep Maha Nakhon 10320, Thailand","9, ใกล้ฮาเบอร์แลนด์, 9/9 Rama IX Rd, Khwaeng Huai Khwang, Khet Huai Khwang, Krung Thep Maha Nakhon 10320, Thailand",Międzynarodowa,Huai Khwang,,5.0,83,"MINKKI to znana z molo Nonthaburi lodziarnia, która wyróżnia się wyjątkowo korzystnymi cenami na tle całego centrum handlowego. Klienci polecają to miejsce za pyszny smak serwowanych lodów oraz bardzo dobrą obsługę.",Pon: 10:45 AM – 9:30 PM | Wt: 10:45 AM – 9:30 PM | Śr: 10:45 AM – 9:30 PM | Czw: 10:45 AM – 9:30 PM | Pt: 10:45 AM – 9:30 PM | Sob: 10:45 AM – 9:30 PM | Ndz: 10:45 AM – 9:30 PM,0.7,10.1,https://www.google.com/maps/search/?api=1&query=9%2C+%E0%B9%83%E0%B8%81%E0%B8%A5%E0%B9%89%E0%B8%AE%E0%B8%B2%E0%B9%80%E0%B8%9A%E0%B8%AD%E0%B8%A3%E0%B9%8C%E0%B9%81%E0%B8%A5%E0%B8%99%E0%B8%94%E0%B9%8C%2C+9%2F9+Rama+IX+Rd%2C+Khwaeng+Huai+Khwang%2C+Khet+Huai+Khwang%2C+Krung+Thep+Maha+Nakhon+10320%2C+Thailand&query_place_id=ChIJ17saE-2f4jAR4zKhwajlNok
Zab Zab E-San Food & Bar,"59 ถนน สุขุมวิท Khwaeng Khlong Toei Nuea, Watthana, Krung Thep Maha Nakhon 10110, Thailand","59 ถนน สุขุมวิท Khwaeng Khlong Toei Nuea, Watthana, Krung Thep Maha Nakhon 10110, Thailand",Międzynarodowa,Watthana,,4.6,82,"Zab Zab E-San Food & Bar specjalizuje się w wyrazistej kuchni Isaan, a goście szczególnie polecają sałatkę z kukurydzy (Yum Khao Pod) z solonym jajkiem, aromatyczny Larb Tod oraz wyjątkowo delikatny grillowany kark wieprzowy. Restauracja oferuje klimatyzowane wnętrze i bardzo życzliwą obsługę, jednak warto trzymać się dań regionalnych, gdyż klasyczne Pad Kra Pao zbiera tu bardzo słabe opinie. Choć wielu klientów chwali lokal za świetny klimat i ceny, pojawiają się również krytyczne głosy dotyczące czystości i zapachu wewnątrz.",Pon: 11:00 AM – 3:00 AM | Wt: 11:00 AM – 3:00 AM | Śr: 11:00 AM – 3:00 AM | Czw: 11:00 AM – 3:00 AM | Pt: 11:00 AM – 3:00 AM | Sob: 11:00 AM – 3:00 AM | Ndz: 11:00 AM – 3:00 AM,2.6,7.8,https://www.google.com/maps/search/?api=1&query=59+%E0%B8%96%E0%B8%99%E0%B8%99+%E0%B8%AA%E0%B8%B8%E0%B8%82%E0%B8%B8%E0%B8%A1%E0%B8%A7%E0%B8%B4%E0%B8%97+Khwaeng+Khlong+Toei+Nuea%2C+Watthana%2C+Krung+Thep+Maha+Nakhon+10110%2C+Thailand&query_place_id=ChIJd_2r0pCf4jARynkd0wwftjs
Fil Fil,"11, 24 Soi Sukhumvit 1, Khwaeng Khlong Toei Nuea, Khet Khlong Toei, Krung Thep Maha Nakhon 10110, Thailand","11, 24 Soi Sukhumvit 1, Khwaeng Khlong Toei Nuea, Khet Khlong Toei, Krung Thep Maha Nakhon 10110, Thailand",Międzynarodowa,Sukhumvit,,4.4,82,"Ta rodzinna restauracja, znana również jako Thai Bangla, słynie z niezwykle przyjaznej obsługi oraz smacznych dań kuchni bengalskiej i tajskiej w wersji halal. Warto zamówić kurczaka w mleku kokosowym z galangalem lub mieloną wołowinę z bazylią i ryżem, pamiętając, że poziom ostrości potraw można dostosować do własnych preferencji. Miejsce wyróżnia się czystością, rozsądnymi cenami oraz gościnnością właściciela, co czyni je świetnym punktem na autentyczny, lokalny posiłek.",Pon: 9:00 AM – 11:30 PM | Wt: 9:00 AM – 11:30 PM | Śr: 9:00 AM – 11:30 PM | Czw: 9:00 AM – 11:30 PM | Pt: 9:00 AM – 11:30 PM | Sob: 9:00 AM – 11:30 PM | Ndz: 9:00 AM – 11:30 PM,3.0,9.1,https://www.google.com/maps/search/?api=1&query=11%2C+24+Soi+Sukhumvit+1%2C+Khwaeng+Khlong+Toei+Nuea%2C+Khet+Khlong+Toei%2C+Krung+Thep+Maha+Nakhon+10110%2C+Thailand&query_place_id=ChIJcZ_lQE6f4jARJ57NrzH1kUU
Nan Yuan,"1 Rachadaphisek Road, Fortune Town, แขวงดินแดง เขตดินแดง กรุงเทพมหานคร 10400, Thailand","1 Rachadaphisek Road, Fortune Town, แขวงดินแดง เขตดินแดง กรุงเทพมหานคร 10400, Thailand",Międzynarodowa,,,4.4,82,"Nan Yuan to elegancka restauracja słynąca z doskonałego bufetu dim sum oraz wyśmienitej kaczki po pekińsku, które wyróżniają się wysoką jakością składników i atrakcyjną ceną. Warto spróbować także tutejszej zupy dnia, kurczaka w winie oraz deserów, serwowanych w stylowych wnętrzach łączących nowoczesność z chińską tradycją. Goście doceniają uprzejmą obsługę, choć przy dużym obłożeniu czas oczekiwania na niektóre zamówienia może być wydłużony.","Pon: 11:30 AM – 2:00 PM, 6:00 – 10:00 PM | Wt: 11:30 AM – 2:00 PM, 6:00 – 10:00 PM | Śr: 11:30 AM – 2:00 PM, 6:00 – 10:00 PM | Czw: 11:30 AM – 2:00 PM, 6:00 – 10:00 PM | Pt: 11:30 AM – 2:00 PM, 6:00 – 10:00 PM | Sob: 11:30 AM – 2:00 PM, 6:00 – 10:00 PM | Ndz: 11:30 AM – 2:00 PM, 6:00 – 10:00 PM",0.6,10.1,https://www.google.com/maps/search/?api=1&query=1+Rachadaphisek+Road%2C+Fortune+Town%2C+%E0%B9%81%E0%B8%82%E0%B8%A7%E0%B8%87%E0%B8%94%E0%B8%B4%E0%B8%99%E0%B9%81%E0%B8%94%E0%B8%87+%E0%B9%80%E0%B8%82%E0%B8%95%E0%B8%94%E0%B8%B4%E0%B8%99%E0%B9%81%E0%B8%94%E0%B8%87+%E0%B8%81%E0%B8%A3%E0%B8%B8%E0%B8%87%E0%B9%80%E0%B8%97%E0%B8%9E%E0%B8%A1%E0%B8%AB%E0%B8%B2%E0%B8%99%E0%B8%84%E0%B8%A3+10400%2C+Thailand&query_place_id=ChIJoQAxEo2e4jARH3lFF9TnZhQ
Gindaco Esplanade Ratchada,"ชั้น B, เลขที่ 99 Thanon Ratchadaphisek, Khwaeng Din Daeng, Khet Din Daeng, Krung Thep Maha Nakhon 10400, Thailand","ชั้น B, เลขที่ 99 Thanon Ratchadaphisek, Khwaeng Din Daeng, Khet Din Daeng, Krung Thep Maha Nakhon 10400, Thailand",Międzynarodowa,Din Daeng,,4.3,81,"Ta znana japońska sieciówka oferuje autentyczne takoyaki o soczystym wnętrzu, które klienci szczególnie polecają zamawiać w zestawie z herbatą matcha. Lokal wyróżnia się bardzo uprzejmą obsługą i gościnną atmosferą, choć pojawiają się też pojedyncze głosy krytykujące temperaturę serwowanych potraw.",Pon: 11:00 AM – 9:00 PM | Wt: 11:00 AM – 9:00 PM | Śr: 11:00 AM – 9:00 PM | Czw: 11:00 AM – 9:00 PM | Pt: 11:00 AM – 9:00 PM | Sob: 11:00 AM – 9:00 PM | Ndz: 11:00 AM – 9:00 PM,1.6,11.1,https://www.google.com/maps/search/?api=1&query=%E0%B8%8A%E0%B8%B1%E0%B9%89%E0%B8%99+B%2C+%E0%B9%80%E0%B8%A5%E0%B8%82%E0%B8%97%E0%B8%B5%E0%B9%88+99+Thanon+Ratchadaphisek%2C+Khwaeng+Din+Daeng%2C+Khet+Din+Daeng%2C+Krung+Thep+Maha+Nakhon+10400%2C+Thailand&query_place_id=ChIJy1XUt4ie4jARF00gWPRnc30
BANGLA KHABAR,"23, 5 Soi Sukhumvit 11, Khwaeng Khlong Toei Nuea, Watthana, Krung Thep Maha Nakhon 10110, Thailand","23, 5 Soi Sukhumvit 11, Khwaeng Khlong Toei Nuea, Watthana, Krung Thep Maha Nakhon 10110, Thailand",Międzynarodowa,Sukhumvit,,4.5,78,"Bangla Khabar to wyjątkowa restauracja serwująca autentyczną kuchnię bengalską i dania halal, które goście chwalą za tradycyjny smak oraz wysoką jakość. Miejsce wyróżnia się doskonałą obsługą i przystępnymi cenami, stanowiąc idealny wybór dla osób szukających prawdziwego „comfort food” w sercu Bangkoku. Opisywane jest jako jedna z najlepszych restauracji z tego regionu, oferująca kulinarne doświadczenie na najwyższym poziomie.",Pon: 9:00 AM – 1:00 AM | Wt: 9:00 AM – 1:00 AM | Śr: 9:00 AM – 1:00 AM | Czw: 9:00 AM – 1:00 AM | Pt: 9:00 AM – 1:00 AM | Sob: 9:00 AM – 1:00 AM | Ndz: 9:00 AM – 1:00 AM,3.0,8.6,https://www.google.com/maps/search/?api=1&query=23%2C+5+Soi+Sukhumvit+11%2C+Khwaeng+Khlong+Toei+Nuea%2C+Watthana%2C+Krung+Thep+Maha+Nakhon+10110%2C+Thailand&query_place_id=ChIJkYvLKd-f4jAROG5pvsAB-uA
SUAD BAR,"94 Sukhumvit Rd, Khwaeng Khlong Toei, Khet Khlong Toei, Krung Thep Maha Nakhon 10110, Thailand","94 Sukhumvit Rd, Khwaeng Khlong Toei, Khet Khlong Toei, Krung Thep Maha Nakhon 10110, Thailand",Międzynarodowa,Sukhumvit,,4.8,77,"SUAD BAR to przytulny lokal z bogatym wyborem lokalnych i zagranicznych piw rzemieślniczych, cydrów oraz win, w którym pomocna obsługa chętnie oferuje darmowe próbki i doradza przy wyborze. Warto spróbować piwa typu Helles, orzeźwiającego Melon Mojito lub wyjątkowej sałatki z liści herbaty w stylu birmańskim. Miejsce wyróżnia się swobodną atmosferą, uczciwym podejściem personelu do klienta oraz świetną selekcją muzyki alternatywnej i rockowej.",Pon: 5:00 – 11:30 PM | Wt: 5:00 – 11:30 PM | Śr: 5:00 – 11:30 PM | Czw: 5:00 – 11:30 PM | Pt: 5:00 – 11:30 PM | Sob: 5:00 – 11:30 PM | Ndz: 5:00 – 11:30 PM,3.1,8.7,https://www.google.com/maps/search/?api=1&query=94+Sukhumvit+Rd%2C+Khwaeng+Khlong+Toei%2C+Khet+Khlong+Toei%2C+Krung+Thep+Maha+Nakhon+10110%2C+Thailand&query_place_id=ChIJm5kuWgmf4jAR7UnMzpWWuYg
ร้านอิสลาม ข้าวหมกไก่ย่างบังฟารุก 39 บาท อิสลาม ฮาลาล ชั้น4 The Street Ratchada - Halal Food - 曼谷“邦发禄烤鸡”清真餐厅 รับทำข้าวกล่อง,"ชั้น4, ศูนย์อาหาร เดอะสตรีท รัชดา, Khwaeng Din Daeng, Khet Din Daeng, Krung Thep Maha Nakhon 10400, Thailand","ชั้น4, ศูนย์อาหาร เดอะสตรีท รัชดา, Khwaeng Din Daeng, Khet Din Daeng, Krung Thep Maha Nakhon 10400, Thailand",Międzynarodowa,Din Daeng,,4.8,69,"To miejsce słynie z wyśmienitego biryani z dużymi porcjami grillowanego lub smażonego kurczaka, który zachwyca aromatycznymi przyprawami i dodatkiem pysznych sosów oraz zupy. Lokal oferuje przystępne cenowo dania halal, w tym opcje dla fanów pikantnych smaków, jednak menu opiera się głównie na drobiu. Przed złożeniem zamówienia należy wykupić specjalną kartę płatniczą w kasie food courtu, a posiłek warto zaplanować przed godziną 21:30.",Pon: 11:00 AM – 10:00 PM | Wt: 11:00 AM – 10:00 PM | Śr: 11:00 AM – 10:00 PM | Czw: 11:00 AM – 10:00 PM | Pt: 11:00 AM – 10:00 PM | Sob: 11:00 AM – 10:00 PM | Ndz: 11:00 AM – 10:00 PM,2.3,11.7,https://www.google.com/maps/search/?api=1&query=%E0%B8%8A%E0%B8%B1%E0%B9%89%E0%B8%994%2C+%E0%B8%A8%E0%B8%B9%E0%B8%99%E0%B8%A2%E0%B9%8C%E0%B8%AD%E0%B8%B2%E0%B8%AB%E0%B8%B2%E0%B8%A3+%E0%B9%80%E0%B8%94%E0%B8%AD%E0%B8%B0%E0%B8%AA%E0%B8%95%E0%B8%A3%E0%B8%B5%E0%B8%97+%E0%B8%A3%E0%B8%B1%E0%B8%8A%E0%B8%94%E0%B8%B2%2C+Khwaeng+Din+Daeng%2C+Khet+Din+Daeng%2C+Krung+Thep+Maha+Nakhon+10400%2C+Thailand&query_place_id=ChIJy1sp4NqZ4jARyTqDh_NAFDo
โรงพยาบาลสัตว์สหมิตร,"574 Soi Pho Pan, Khwaeng Din Daeng, Khet Din Daeng, Krung Thep Maha Nakhon 10400, Thailand","574 Soi Pho Pan, Khwaeng Din Daeng, Khet Din Daeng, Krung Thep Maha Nakhon 10400, Thailand",Międzynarodowa,Din Daeng,,4.4,69,"Ta klinika weterynaryjna specjalizuje się w szczepieniach, kastracji oraz skutecznym leczeniu infekcji u zwierząt, oferując przy tym bardzo przystępne ceny. Klienci chwalą doświadczonego lekarza za troskliwe podejście i sprawne przeprowadzanie zabiegów, takich jak obcinanie pazurów czy podawanie zastrzyków. Warto jednak przygotować się na szybkie tempo pracy personelu, który skupia się przede wszystkim na konkretnym wykonaniu zadania.",Pon: 8:30 AM – 7:00 PM | Wt: 8:30 AM – 7:00 PM | Śr: 8:30 AM – 7:00 PM | Czw: 8:30 AM – 7:00 PM | Pt: 8:30 AM – 7:00 PM | Sob: 8:30 AM – 7:00 PM | Ndz: Closed,0.9,10.3,https://www.google.com/maps/search/?api=1&query=574+Soi+Pho+Pan%2C+Khwaeng+Din+Daeng%2C+Khet+Din+Daeng%2C+Krung+Thep+Maha+Nakhon+10400%2C+Thailand&query_place_id=ChIJFS6xkJKe4jARZ0ApyTenNE8
Capone's Pizza (Sukhumvit 101/1),"Di Wavery Place Community Mall Unit, 29/1 ถนน สุขุมวิท 101/1 Khwaeng Bang Chak, Khet Phra Khanong, Krung Thep Maha Nakhon 10260, Thailand","Di Wavery Place Community Mall Unit, 29/1 ถนน สุขุมวิท 101/1 Khwaeng Bang Chak, Khet Phra Khanong, Krung Thep Maha Nakhon 10260, Thailand",Międzynarodowa,Phra Khanong,,4.4,68,"To miejsce słynie z doskonałej pizzy w stylu Chicago (Deep Dish) z bogatym sosem i imponująco ciągnącym się serem, a goście szczególnie polecają także węzły czosnkowe (garlic knots) oraz skrzydełka buffalo. Lokal wyróżnia się przytulnym, drewnianym wystrojem i ofertą barową z piwem Guinness, co czyni go idealnym punktem na relaks przy muzyce na żywo w sobotnie wieczory. To świetny wybór dla osób szukających autentycznych, amerykańskich smaków w restauracyjnej atmosferze sprzyjającej spotkaniom z przyjaciółmi.",Pon: 11:00 AM – 2:00 AM | Wt: 11:00 AM – 2:00 AM | Śr: 11:00 AM – 2:00 AM | Czw: 11:00 AM – 2:00 AM | Pt: 11:00 AM – 2:00 AM | Sob: 11:00 AM – 2:00 AM | Ndz: 11:00 AM – 2:00 AM,10.8,0.9,https://www.google.com/maps/search/?api=1&query=Di+Wavery+Place+Community+Mall+Unit%2C+29%2F1+%E0%B8%96%E0%B8%99%E0%B8%99+%E0%B8%AA%E0%B8%B8%E0%B8%82%E0%B8%B8%E0%B8%A1%E0%B8%A7%E0%B8%B4%E0%B8%97+101%2F1+Khwaeng+Bang+Chak%2C+Khet+Phra+Khanong%2C+Krung+Thep+Maha+Nakhon+10260%2C+Thailand&query_place_id=ChIJJ3cSMK6h4jARfopaDGSrf_U
KOI Thé,"No. KI-1401, 1st Floor, 2, 88 ซอย สุขุมวิท 19 แขวงคลองเตยเหนือ เขตทวีวัฒนา กรุงเทพมหานคร 10110, Thailand","No. KI-1401, 1st Floor, 2, 88 ซอย สุขุมวิท 19 แขวงคลองเตยเหนือ เขตทวีวัฒนา กรุงเทพมหานคร 10110, Thailand",Międzynarodowa,,$$$,4.3,63,"KOI Thé to popularny punkt z bubble tea, który wyróżnia się szeroką możliwością personalizacji napojów oraz unikalnymi dodatkami, takimi jak Taro Q czy opcja mleka owsianego dla wegan. Warto spróbować polecanej Oolong Milk Tea z perłami lub sezonowych hitów, m.in. Mango Macchiato Green Tea oraz Strawberry Cheese Pie. Choć na miejscu znajduje się tylko kilka stolików, sprawna obsługa i przystępne ceny sprawiają, że to idealny wybór na szybkie orzeźwienie podczas zakupów.",Pon: 10:00 AM – 10:00 PM | Wt: 10:00 AM – 10:00 PM | Śr: 10:00 AM – 10:00 PM | Czw: 10:00 AM – 10:00 PM | Pt: 10:00 AM – 10:00 PM | Sob: 10:00 AM – 10:00 PM | Ndz: 10:00 AM – 10:00 PM,2.7,7.8,https://www.google.com/maps/search/?api=1&query=No.+KI-1401%2C+1st+Floor%2C+2%2C+88+%E0%B8%8B%E0%B8%AD%E0%B8%A2+%E0%B8%AA%E0%B8%B8%E0%B8%82%E0%B8%B8%E0%B8%A1%E0%B8%A7%E0%B8%B4%E0%B8%97+19+%E0%B9%81%E0%B8%82%E0%B8%A7%E0%B8%87%E0%B8%84%E0%B8%A5%E0%B8%AD%E0%B8%87%E0%B9%80%E0%B8%95%E0%B8%A2%E0%B9%80%E0%B8%AB%E0%B8%99%E0%B8%B7%E0%B8%AD+%E0%B9%80%E0%B8%82%E0%B8%95%E0%B8%97%E0%B8%A7%E0%B8%B5%E0%B8%A7%E0%B8%B1%E0%B8%92%E0%B8%99%E0%B8%B2+%E0%B8%81%E0%B8%A3%E0%B8%B8%E0%B8%87%E0%B9%80%E0%B8%97%E0%B8%9E%E0%B8%A1%E0%B8%AB%E0%B8%B2%E0%B8%99%E0%B8%84%E0%B8%A3+10110%2C+Thailand&query_place_id=ChIJb7hQK0af4jAR5gr1POXV_tg
Lily Hotel Bangkok,"24/1 Sukhumvit 68Sukhumvit Rd. Bangna, แขวงบางนาเหนือ เขตบางนา กรุงเทพมหานคร 10260, Thailand","24/1 Sukhumvit 68Sukhumvit Rd. Bangna, แขวงบางนาเหนือ เขตบางนา กรุงเทพมหานคร 10260, Thailand",Międzynarodowa,Sukhumvit,,4.5,62,"Sleek, straightforward hotel with an Asian restaurant, an outdoor pool & a garden terrace.",Pon: Open 24 hours | Wt: Open 24 hours | Śr: Open 24 hours | Czw: Open 24 hours | Pt: Open 24 hours | Sob: Open 24 hours | Ndz: Open 24 hours,11.7,1.8,https://www.google.com/maps/search/?api=1&query=24%2F1+Sukhumvit+68Sukhumvit+Rd.+Bangna%2C+%E0%B9%81%E0%B8%82%E0%B8%A7%E0%B8%87%E0%B8%9A%E0%B8%B2%E0%B8%87%E0%B8%99%E0%B8%B2%E0%B9%80%E0%B8%AB%E0%B8%99%E0%B8%B7%E0%B8%AD+%E0%B9%80%E0%B8%82%E0%B8%95%E0%B8%9A%E0%B8%B2%E0%B8%87%E0%B8%99%E0%B8%B2+%E0%B8%81%E0%B8%A3%E0%B8%B8%E0%B8%87%E0%B9%80%E0%B8%97%E0%B8%9E%E0%B8%A1%E0%B8%AB%E0%B8%B2%E0%B8%99%E0%B8%84%E0%B8%A3+10260%2C+Thailand&query_place_id=ChIJzzqKHBug4jARzlr-Yw0zgmg
Pha Pa Chicken Rice,"QG7Q+RQP, Soi Ratchawithi 8, Khwaeng Thanon Phaya Thai, Khet Ratchathewi, Krung Thep Maha Nakhon 10400, Thailand","QG7Q+RQP, Soi Ratchawithi 8, Khwaeng Thanon Phaya Thai, Khet Ratchathewi, Krung Thep Maha Nakhon 10400, Thailand",Międzynarodowa,Ratchathewi,$$,4.6,60,"Pha Pa Chicken Rice to niedrogi, autentyczny lokal blisko Victory Monument, słynący z delikatnego kurczaka z aromatycznym ryżem oraz wyśmienitej chrupiącej wieprzowiny z bazylią (Kra Pao Moo Grob). Goście szczególnie polecają tutejszą kaczkę z makaronem oraz ryż z kurczakiem serwowany w zestawie z zupą i krwią kaczki, doceniając przy tym darmową mrożoną herbatę i przyjazną obsługę.",Pon: 6:00 AM – 6:00 PM | Wt: 6:00 AM – 6:00 PM | Śr: 6:00 AM – 6:00 PM | Czw: 6:00 AM – 6:00 PM | Pt: 6:00 AM – 6:00 PM | Sob: 6:00 AM – 6:00 PM | Ndz: 6:00 AM – 6:00 PM,3.6,12.4,https://www.google.com/maps/search/?api=1&query=QG7Q%2BRQP%2C+Soi+Ratchawithi+8%2C+Khwaeng+Thanon+Phaya+Thai%2C+Khet+Ratchathewi%2C+Krung+Thep+Maha+Nakhon+10400%2C+Thailand&query_place_id=ChIJuwBE67Ce4jAREMv9e8nZYU0
SNOWTEE Udomsuk,"281 Thanon Udom Suk, Bang Na Nuea, Khet Bang Na, Krung Thep Maha Nakhon 10260, Thailand","281 Thanon Udom Suk, Bang Na Nuea, Khet Bang Na, Krung Thep Maha Nakhon 10260, Thailand",Międzynarodowa,Bang Na,,4.5,60,"SNOWTEE Udomsuk to przystępny cenowo lokal blisko stacji BTS, oferujący szeroki wybór herbat z bąbelkami, deserów lodowych oraz pączków z możliwością personalizacji poziomu słodkości. Goście szczególnie polecają grape berry snow tea oraz sundae z perełkami brown sugar, doceniając czystość miejsca oraz fakt, że jest ono otwarte do późnych godzin nocnych. Choć przy dużym natężeniu ruchu czas oczekiwania może się wydłużyć, lokal jest chwalony za przyjazną atmosferę i dogodną lokalizację na odpoczynek.",Pon: 10:00 AM – 1:00 AM | Wt: 10:00 AM – 1:00 AM | Śr: 10:00 AM – 1:00 AM | Czw: 10:00 AM – 1:00 AM | Pt: 10:00 AM – 1:00 AM | Sob: 10:00 AM – 1:05 AM | Ndz: 10:00 AM – 1:00 AM,11.3,1.5,https://www.google.com/maps/search/?api=1&query=281+Thanon+Udom+Suk%2C+Bang+Na+Nuea%2C+Khet+Bang+Na%2C+Krung+Thep+Maha+Nakhon+10260%2C+Thailand&query_place_id=ChIJAS30zK6h4jARvRe1ZKHJaYs
BREW - Beers & Ciders,"759 Soi Sukhumvit 55, (Thonglor), Klongton - Nua, แขวงคลองตันเหนือ เขตวัฒนา กรุงเทพมหานคร 10110, Thailand","759 Soi Sukhumvit 55, (Thonglor), Klongton - Nua, แขวงคลองตันเหนือ เขตวัฒนา กรุงเทพมหานคร 10110, Thailand",Międzynarodowa,Sukhumvit,,4.9,57,"To wyjątkowe miejsce z szerokim wyborem piw rzemieślniczych i cydrów, które wyróżnia się gościnną atmosferą oraz osobistym zaangażowaniem właściciela w dbałość o jakość serwowanych trunków. Warto zamówić tu pizzę neapolitańską na dopracowanym włoskim cieście, skrzydełka Buffalo lub dania kuchni tajskiej. Relaks w estetycznym wnętrzu umilają występy zespołów na żywo, organizowane w weekendy.",Pon: Closed | Wt: 12:00 – 11:00 PM | Śr: 12:00 – 11:00 PM | Czw: 12:00 – 11:00 PM | Pt: 12:00 PM – 12:00 AM | Sob: 12:00 PM – 12:00 AM | Ndz: 12:00 PM – 12:00 AM,3.2,7.4,https://www.google.com/maps/search/?api=1&query=759+Soi+Sukhumvit+55%2C+%28Thonglor%29%2C+Klongton+-+Nua%2C+%E0%B9%81%E0%B8%82%E0%B8%A7%E0%B8%87%E0%B8%84%E0%B8%A5%E0%B8%AD%E0%B8%87%E0%B8%95%E0%B8%B1%E0%B8%99%E0%B9%80%E0%B8%AB%E0%B8%99%E0%B8%B7%E0%B8%AD+%E0%B9%80%E0%B8%82%E0%B8%95%E0%B8%A7%E0%B8%B1%E0%B8%92%E0%B8%99%E0%B8%B2+%E0%B8%81%E0%B8%A3%E0%B8%B8%E0%B8%87%E0%B9%80%E0%B8%97%E0%B8%9E%E0%B8%A1%E0%B8%AB%E0%B8%B2%E0%B8%99%E0%B8%84%E0%B8%A3+10110%2C+Thailand&query_place_id=ChIJYTznX2Of4jARf-xDyVZPUH8
Beast Brekkie : Breakfast Sandwich & Burrito,"27/4 Thanon Witthayu, Khwaeng Lumphini, Pathum Wan, Krung Thep Maha Nakhon 10330, Thailand","27/4 Thanon Witthayu, Khwaeng Lumphini, Pathum Wan, Krung Thep Maha Nakhon 10330, Thailand",Międzynarodowa,Pathum Wan,,4.9,54,"Beast Brekkie serwuje doskonałe kanapki śniadaniowe i burrito, a ich flagowa kanapka Shaggy z kremową jajecznicą, konfiturą z pomidorów i karmelizowaną cebulą uchodzi za jedną z najlepszych. Goście szczególnie polecają chrupiące tater tots oraz puszyste jajka z wyrazistymi sosami, doceniając przy tym wygodną formę podania dań, która pozwala zachować czyste ręce. Mimo wyższych cen i lokalizacji przy głośnej ulicy bez klimatyzacji, wysoka jakość jedzenia i przyjazna obsługa sprawiają, że warto tu zajrzeć.",Pon: 8:00 AM – 11:00 PM | Wt: 8:00 AM – 11:00 PM | Śr: 8:00 AM – 11:00 PM | Czw: 8:00 AM – 11:00 PM | Pt: 8:00 AM – 11:00 PM | Sob: 8:00 AM – 11:00 PM | Ndz: 8:00 AM – 11:00 PM,3.1,9.7,https://www.google.com/maps/search/?api=1&query=27%2F4+Thanon+Witthayu%2C+Khwaeng+Lumphini%2C+Pathum+Wan%2C+Krung+Thep+Maha+Nakhon+10330%2C+Thailand&query_place_id=ChIJK1plFE6f4jARI_M_JlcVuU4
แซ่บซอดแจ้ง Zaab Zod Jaeng Bkk,"4/8 Sukhumvit Rd, Khwaeng Khlong Toei, Khet Khlong Toei, Krung Thep Maha Nakhon 10110, Thailand","4/8 Sukhumvit Rd, Khwaeng Khlong Toei, Khet Khlong Toei, Krung Thep Maha Nakhon 10110, Thailand",Międzynarodowa,Sukhumvit,,4.7,54,"Zaab Zod Jaeng Bkk to idealne miejsce na autentyczną kuchnię Isaan, które wyróżnia się imponującym wyborem sałatek som tam oraz unikalną kartą dań z jajami mrówek, np. w formie aromatycznej zupy grzybowej. Restauracja oferuje stylowy wystrój z klimatycznym tarasem i duże porcje, a dzięki wyjątkowo uprzejmej obsłudze oraz otwarciu do późna jest doskonałym wyborem na wieczorny posiłek.",Pon: 11:30 AM – 5:00 AM | Wt: 11:30 AM – 5:00 AM | Śr: 11:30 AM – 5:00 AM | Czw: 11:30 AM – 5:00 AM | Pt: 11:30 AM – 5:00 AM | Sob: 11:30 AM – 5:00 AM | Ndz: 11:30 AM – 5:00 AM,3.2,8.4,https://www.google.com/maps/search/?api=1&query=4%2F8+Sukhumvit+Rd%2C+Khwaeng+Khlong+Toei%2C+Khet+Khlong+Toei%2C+Krung+Thep+Maha+Nakhon+10110%2C+Thailand&query_place_id=ChIJn9D9HtOf4jARY56eSbirRc4
GO-ANG KHAO KHA MOO PRATUNUM โกอ่างข้าวขาหมูประตูน้ำ,"982-984 Khwaeng Makkasan, Khet Ratchathewi, Krung Thep Maha Nakhon 10400, Thailand","982-984 Khwaeng Makkasan, Khet Ratchathewi, Krung Thep Maha Nakhon 10400, Thailand",Międzynarodowa,Ratchathewi,,4.6,52,"To miejsce słynie z wyjątkowo delikatnej golonki wieprzowej, która niemal rozpływa się w ustach i świetnie komponuje się z dodatkiem jajka oraz słonych warzyw. Obowiązkowym punktem menu jest chrupiący smażony szpinak wodny (morning glory) oraz aromatyczna zupa z podrobami i krwią. Restauracja wyróżnia się nienaganną czystością, bardzo przystępnymi cenami oraz niezwykle uprzejmą i sprawną obsługą.",Pon: 7:30 AM – 2:30 PM | Wt: 7:30 AM – 2:30 PM | Śr: 7:30 AM – 2:30 PM | Czw: 7:30 AM – 3:00 PM | Pt: 7:30 AM – 3:00 PM | Sob: 7:30 AM – 2:30 PM | Ndz: 7:30 AM – 2:30 PM,3.5,10.6,https://www.google.com/maps/search/?api=1&query=982-984+Khwaeng+Makkasan%2C+Khet+Ratchathewi%2C+Krung+Thep+Maha+Nakhon+10400%2C+Thailand&query_place_id=ChIJZ8gVf8af4jAR53WgMjJzRlc
KOI Thé - Central Embassy,"1031 Thanon Phloen Chit, Khwaeng Lumphini, Pathum Wan, Krung Thep Maha Nakhon 10330, Thailand","1031 Thanon Phloen Chit, Khwaeng Lumphini, Pathum Wan, Krung Thep Maha Nakhon 10330, Thailand",Międzynarodowa,Pathum Wan,$$$,4.4,51,"To pochodzące z Singapuru miejsce słynie z prawdopodobnie najlepszej herbaty bąbelkowej w Tajlandii, a szczególnie polecanym wyborem jest słodka Golden Bubble Milk Tea oraz herbata jaśminowa. Mimo nieco wyższych cen i mniejszych porcji, klienci doceniają miłą obsługę oraz wysoką jakość serwowanych napojów. Użytkownicy urządzeń Samsung mogą tu dodatkowo skorzystać ze zniżki w ramach oferty Galaxy Gift.",Pon: 10:00 AM – 9:30 PM | Wt: 10:00 AM – 9:30 PM | Śr: 10:00 AM – 9:30 PM | Czw: 10:00 AM – 9:30 PM | Pt: 10:00 AM – 9:30 PM | Sob: 10:00 AM – 9:30 PM | Ndz: 10:00 AM – 9:30 PM,3.6,9.7,https://www.google.com/maps/search/?api=1&query=1031+Thanon+Phloen+Chit%2C+Khwaeng+Lumphini%2C+Pathum+Wan%2C+Krung+Thep+Maha+Nakhon+10330%2C+Thailand&query_place_id=ChIJw9yGoNye4jARmqDUPEHko9A
E-San Bangkok,"548 ตึกโอซีซี One City Centre Thanon Phloen Chit, Khwaeng Lumphini, Pathum Wan, Krung Thep Maha Nakhon 10300, Thailand","548 ตึกโอซีซี One City Centre Thanon Phloen Chit, Khwaeng Lumphini, Pathum Wan, Krung Thep Maha Nakhon 10300, Thailand",Międzynarodowa,Pathum Wan,,4.8,48,"E-San Bangkok serwuje wyśmienitą kuchnię północno-tajską w nowoczesnym wydaniu, a w menu szczególnie wyróżniają się soczyste skrzydełka takoyaki, kurczak z trawą cytrynową oraz grillowany sum i ryba hokke. Miejsce zachwyca eklektycznym wystrojem przypominającym wioskę oraz niezwykle pomocną obsługą, która chętnie dzieli się wiedzą o bogatych i zbalansowanych smakach potraw. To lokal o relaksującej atmosferze, gdzie wysoka jakość składników idzie w parze z uczciwymi cenami.",Pon: 11:30 AM – 10:30 PM | Wt: 11:30 AM – 10:30 PM | Śr: 11:30 AM – 10:30 PM | Czw: 11:30 AM – 10:30 PM | Pt: 11:30 AM – 10:30 PM | Sob: 11:30 AM – 10:30 PM | Ndz: Closed,3.9,9.6,https://www.google.com/maps/search/?api=1&query=548+%E0%B8%95%E0%B8%B6%E0%B8%81%E0%B9%82%E0%B8%AD%E0%B8%8B%E0%B8%B5%E0%B8%8B%E0%B8%B5+One+City+Centre+Thanon+Phloen+Chit%2C+Khwaeng+Lumphini%2C+Pathum+Wan%2C+Krung+Thep+Maha+Nakhon+10300%2C+Thailand&query_place_id=ChIJydIwEgCf4jARL3nB96xeEcU
Wagyu Boat Noodles,"101 ถนน สุขุมวิท 101/1 Khwaeng Bang Chak, Khet Phra Khanong, Krung Thep Maha Nakhon 10260, Thailand","101 ถนน สุขุมวิท 101/1 Khwaeng Bang Chak, Khet Phra Khanong, Krung Thep Maha Nakhon 10260, Thailand",Międzynarodowa,Phra Khanong,,4.8,47,"To miejsce słynie z doskonałych boat noodles z esencjonalnym, bogatym w smaku wywarem oraz sprężystym makaronem. Warto zamówić różne rodzaje wołowiny, w tym szczególnie polecany ozór oraz pulpety wołowe, które zachwycają jakością i różnorodnością tekstur. Restauracja oferuje komfortowe warunki, co czyni ją idealnym punktem na sycący lunch lub kolację w gronie znajomych.",,10.5,0.6,https://www.google.com/maps/search/?api=1&query=101+%E0%B8%96%E0%B8%99%E0%B8%99+%E0%B8%AA%E0%B8%B8%E0%B8%82%E0%B8%B8%E0%B8%A1%E0%B8%A7%E0%B8%B4%E0%B8%97+101%2F1+Khwaeng+Bang+Chak%2C+Khet+Phra+Khanong%2C+Krung+Thep+Maha+Nakhon+10260%2C+Thailand&query_place_id=ChIJnXeNmeSf4jARgMTNwWMLIXY
The Mesh Bangkok Sukhumvit 22,"30 Sukhumvit Soi 22, Khwaeng Khlong Toei, Khet Khlong Toei, Krung Thep Maha Nakhon 10110, Thailand","30 Sukhumvit Soi 22, Khwaeng Khlong Toei, Khet Khlong Toei, Krung Thep Maha Nakhon 10110, Thailand",Międzynarodowa,Sukhumvit,,4.8,45,"The Mesh to stylowy bar i restauracja w hotelu Four Points, wyróżniająca się świetną obsługą oraz bogatą ofertą tajskich piw rzemieślniczych i muzyką na żywo. Warto zamówić tu burgera Mesh, aromatyczne tajskie curry lub polecane na śniadanie jajka po benedyktyńsku. To nowoczesne i przyjazne rodzinom miejsce idealnie nadaje się na relaks przy bilardzie, grach planszowych lub oglądanie sportu na dużych ekranach.",Pon: 6:00 AM – 1:00 AM | Wt: 6:00 AM – 1:00 AM | Śr: 6:00 AM – 1:00 AM | Czw: 6:00 AM – 1:00 AM | Pt: 6:00 AM – 1:00 AM | Sob: 6:00 AM – 1:00 AM | Ndz: 6:00 AM – 1:00 AM,3.6,7.4,https://www.google.com/maps/search/?api=1&query=30+Sukhumvit+Soi+22%2C+Khwaeng+Khlong+Toei%2C+Khet+Khlong+Toei%2C+Krung+Thep+Maha+Nakhon+10110%2C+Thailand&query_place_id=ChIJ_w9CMVOf4jARCiAw0cFOcUA
Auntie's Boat Noodle Victory Monument,"QG8Q+FF5, Soi Rim Khlong Sam Sen, Phaya Thai, Khet Phaya Thai, Krung Thep Maha Nakhon 10400, Thailand","QG8Q+FF5, Soi Rim Khlong Sam Sen, Phaya Thai, Khet Phaya Thai, Krung Thep Maha Nakhon 10400, Thailand",Międzynarodowa,Phaya Thai,,4.4,44,"To ukryta nad kanałem perełka, serwująca autentyczne i wyraziste w smaku „boat noodles” w wersji zupnej oraz suchej za jedyne 15 bahtów za miseczkę. Miejsce wyróżnia się niezwykle przyjazną właścicielką, gęstym wywarem oraz prostym, lokalnym klimatem, w którym od lat stołują się stali bywalcy. Restauracja zapewnia szybką obsługę i jest otwarta do godziny 16:00, oferując prawdziwie tradycyjne doświadczenie kulinarne mimo braku luksusów.",Pon: 9:00 AM – 4:00 PM | Wt: 9:00 AM – 4:00 PM | Śr: 9:00 AM – 4:00 PM | Czw: 9:00 AM – 4:00 PM | Pt: 9:00 AM – 4:00 PM | Sob: 9:00 AM – 4:00 PM | Ndz: 9:00 AM – 4:00 PM,3.8,12.7,https://www.google.com/maps/search/?api=1&query=QG8Q%2BFF5%2C+Soi+Rim+Khlong+Sam+Sen%2C+Phaya+Thai%2C+Khet+Phaya+Thai%2C+Krung+Thep+Maha+Nakhon+10400%2C+Thailand&query_place_id=ChIJj-803_Of4jARzDQvzhMp4N0
Saan Somtum Bar,"Soi Sukhumvit 4, Khwaeng Khlong Toei, Khet Khlong Toei, Krung Thep Maha Nakhon 10110, Thailand","Soi Sukhumvit 4, Khwaeng Khlong Toei, Khet Khlong Toei, Krung Thep Maha Nakhon 10110, Thailand",Międzynarodowa,Sukhumvit,,4.6,41,"Saan Somtum Bar to stylowe i klimatyzowane miejsce w hotelu Maison, serwujące nowoczesną kuchnię Isan w bardzo przystępnych cenach, w tym bufet za jedyne 199 THB. Warto zamówić Somtum Thai z solonym jajkiem, mostek wołowy lub ryż z tajskim omletem i mieloną wieprzowiną. Lokal wyróżnia się nienaganną czystością, jasnym wnętrzem oraz atrakcyjnymi zniżkami dla gości hotelowych.",Pon: 11:00 AM – 8:00 PM | Wt: 11:00 AM – 8:00 PM | Śr: 11:00 AM – 8:00 PM | Czw: 11:00 AM – 8:00 PM | Pt: 11:00 AM – 8:00 PM | Sob: 11:00 AM – 8:00 PM | Ndz: 11:00 AM – 8:00 PM,3.3,8.9,https://www.google.com/maps/search/?api=1&query=Soi+Sukhumvit+4%2C+Khwaeng+Khlong+Toei%2C+Khet+Khlong+Toei%2C+Krung+Thep+Maha+Nakhon+10110%2C+Thailand&query_place_id=ChIJ092A8-Cf4jARm6mv8sEfRfc
Meanny's mango and sticky rice,"29 31 Sukhumvit Soi 22, Khwaeng Khlong Tan, Khet Khlong Toei, Krung Thep Maha Nakhon 10110, Thailand","29 31 Sukhumvit Soi 22, Khwaeng Khlong Tan, Khet Khlong Toei, Krung Thep Maha Nakhon 10110, Thailand",Międzynarodowa,Sukhumvit,,4.9,38,"To miejsce zachwyca wyśmienitym mango sticky rice o idealnym balansie słodyczy i słoności mleczka kokosowego oraz orzeźwiającym, świeżo wyciskanym sokiem. Klienci doceniają hojne porcje dojrzałych owoców, przystępne ceny oraz dbałość o higienę i niezwykle przyjazną obsługę. Punkt oferuje szybkie dania na wynos i cieszy się dużą popularnością w dostawie, będąc uznawanym za najlepszy wybór w swojej okolicy.",Pon: 5:00 PM – 2:00 AM | Wt: 5:00 PM – 2:00 AM | Śr: 5:00 PM – 2:00 AM | Czw: 5:00 PM – 1:00 AM | Pt: 5:00 PM – 2:00 AM | Sob: 5:00 PM – 2:00 AM | Ndz: 5:00 PM – 2:00 AM,3.4,7.3,https://www.google.com/maps/search/?api=1&query=29+31+Sukhumvit+Soi+22%2C+Khwaeng+Khlong+Tan%2C+Khet+Khlong+Toei%2C+Krung+Thep+Maha+Nakhon+10110%2C+Thailand&query_place_id=ChIJkTz6AACf4jARLzQz28xDiQU
The Central Library of Srinakharinwirot University,"1st Floor Central, H.R.H Princess Maha Chakri Sirindhorn Building, 114 Soi Sukhumvit 23, Khwaeng Khlong Toei Nuea, Watthana, Krung Thep Maha Nakhon 10110, Thailand","1st Floor Central, H.R.H Princess Maha Chakri Sirindhorn Building, 114 Soi Sukhumvit 23, Khwaeng Khlong Toei Nuea, Watthana, Krung Thep Maha Nakhon 10110, Thailand",Międzynarodowa,Sukhumvit,,4.4,38,"To ciche i spokojne miejsce do nauki z nowoczesnym systemem wejściowym, przeznaczone wyłącznie dla studentów oraz profesorów. Biblioteka jest czynna w dni powszednie od 8:00 do 16:00 i oferuje atmosferę sprzyjającą skupieniu, choć opinie co do wielkości dostępnego tam księgozbioru są podzielone.",Pon: 8:00 AM – 8:00 PM | Wt: 8:00 AM – 8:00 PM | Śr: 8:00 AM – 8:00 PM | Czw: 8:00 AM – 8:00 PM | Pt: 8:00 AM – 8:00 PM | Sob: 10:00 AM – 6:00 PM | Ndz: 10:00 AM – 6:00 PM,1.8,8.7,https://www.google.com/maps/search/?api=1&query=1st+Floor+Central%2C+H.R.H+Princess+Maha+Chakri+Sirindhorn+Building%2C+114+Soi+Sukhumvit+23%2C+Khwaeng+Khlong+Toei+Nuea%2C+Watthana%2C+Krung+Thep+Maha+Nakhon+10110%2C+Thailand&query_place_id=ChIJf-Izqfye4jARTJamoqz4OjY
CyberPrint Company Limited,"959 รัชดาภิเษก 3, ซ. อโศก - ดินแดง 21 แยก 17 แขวงดินแดง เขตดินแดง กรุงเทพมหานคร 10400, Thailand","959 รัชดาภิเษก 3, ซ. อโศก - ดินแดง 21 แยก 17 แขวงดินแดง เขตดินแดง กรุงเทพมหานคร 10400, Thailand",Międzynarodowa,,,4.4,38,"CyberPrint Company Limited to firma ceniona za wysoką jakość oferowanych produktów oraz otwartość na realizację różnorodnych zleceń. Klienci szczególnie chwalą profesjonalny i uprzejmy serwis, wyróżniając pomocnego technika o imieniu Jack. Miejsce to cieszy się opinią rzetelnego wykonawcy, który zapewnia doskonałą obsługę klienta.",Pon: 8:30 AM – 6:00 PM | Wt: 8:30 AM – 6:00 PM | Śr: 8:30 AM – 6:00 PM | Czw: 8:30 AM – 6:00 PM | Pt: 8:30 AM – 6:00 PM | Sob: Closed | Ndz: Closed,1.6,11.0,https://www.google.com/maps/search/?api=1&query=959+%E0%B8%A3%E0%B8%B1%E0%B8%8A%E0%B8%94%E0%B8%B2%E0%B8%A0%E0%B8%B4%E0%B9%80%E0%B8%A9%E0%B8%81+3%2C+%E0%B8%8B.+%E0%B8%AD%E0%B9%82%E0%B8%A8%E0%B8%81+-+%E0%B8%94%E0%B8%B4%E0%B8%99%E0%B9%81%E0%B8%94%E0%B8%87+21+%E0%B9%81%E0%B8%A2%E0%B8%81+17+%E0%B9%81%E0%B8%82%E0%B8%A7%E0%B8%87%E0%B8%94%E0%B8%B4%E0%B8%99%E0%B9%81%E0%B8%94%E0%B8%87+%E0%B9%80%E0%B8%82%E0%B8%95%E0%B8%94%E0%B8%B4%E0%B8%99%E0%B9%81%E0%B8%94%E0%B8%87+%E0%B8%81%E0%B8%A3%E0%B8%B8%E0%B8%87%E0%B9%80%E0%B8%97%E0%B8%9E%E0%B8%A1%E0%B8%AB%E0%B8%B2%E0%B8%99%E0%B8%84%E0%B8%A3+10400%2C+Thailand&query_place_id=ChIJOZ47UJqe4jARIBjQqe20x_8
"Zoom Camera, Fortune Town","Floor 2, Fortune Town Building, Din Daeng, แขวงดินแดง เขตดินแดง กรุงเทพมหานคร 10400, Thailand","Floor 2, Fortune Town Building, Din Daeng, แขวงดินแดง เขตดินแดง กรุงเทพมหานคร 10400, Thailand",Międzynarodowa,Din Daeng,,4.4,38,"Zoom Camera to profesjonalny sklep oferujący szeroki wybór aparatów, obiektywów oraz akcesoriów, w tym gimbale DJI i torby marki Peak Design. Miejsce wyróżnia się fachową, niezwykle pomocną obsługą oraz konkurencyjnymi cenami, które bywają niższe niż w ofertach internetowych. Klienci doceniają sprawny serwis oraz możliwość bezproblemowego sprowadzenia potrzebnego sprzętu z innych oddziałów sieci.",Pon: 10:00 AM – 8:00 PM | Wt: 10:00 AM – 8:00 PM | Śr: 10:00 AM – 8:00 PM | Czw: 10:00 AM – 8:00 PM | Pt: 10:00 AM – 8:00 PM | Sob: 10:00 AM – 8:00 PM | Ndz: 10:00 AM – 8:00 PM,0.6,10.0,https://www.google.com/maps/search/?api=1&query=Floor+2%2C+Fortune+Town+Building%2C+Din+Daeng%2C+%E0%B9%81%E0%B8%82%E0%B8%A7%E0%B8%87%E0%B8%94%E0%B8%B4%E0%B8%99%E0%B9%81%E0%B8%94%E0%B8%87+%E0%B9%80%E0%B8%82%E0%B8%95%E0%B8%94%E0%B8%B4%E0%B8%99%E0%B9%81%E0%B8%94%E0%B8%87+%E0%B8%81%E0%B8%A3%E0%B8%B8%E0%B8%87%E0%B9%80%E0%B8%97%E0%B8%9E%E0%B8%A1%E0%B8%AB%E0%B8%B2%E0%B8%99%E0%B8%84%E0%B8%A3+10400%2C+Thailand&query_place_id=ChIJR9kxDI2e4jARCzeRTLLYbFY
Rolling Stone Bar (Boat noodle),"ตึกไบหยก3, แขวงถนนพญาไท เขตราชเทวี กรุงเทพมหานคร 10400, Thailand","ตึกไบหยก3, แขวงถนนพญาไท เขตราชเทวี กรุงเทพมหานคร 10400, Thailand",Międzynarodowa,,,4.7,37,"Ukryty w głębi targu Pratunam Rolling Stone Bar to klimatyczne miejsce z dopracowanym wystrojem, muzyką i świetną atmosferą. Warto zamówić tu zupę z duszoną wieprzowiną (braised pork noodles), która wyróżnia się wyjątkowo bogatym w smaku wywarem oraz delikatnym mięsem. Choć lokal bywa trudny do odnalezienia i nie posiada oficjalnego cennika, wielu gości uważa tutejsze dania za najlepsze w Bangkoku.",,3.9,11.1,https://www.google.com/maps/search/?api=1&query=%E0%B8%95%E0%B8%B6%E0%B8%81%E0%B9%84%E0%B8%9A%E0%B8%AB%E0%B8%A2%E0%B8%813%2C+%E0%B9%81%E0%B8%82%E0%B8%A7%E0%B8%87%E0%B8%96%E0%B8%99%E0%B8%99%E0%B8%9E%E0%B8%8D%E0%B8%B2%E0%B9%84%E0%B8%97+%E0%B9%80%E0%B8%82%E0%B8%95%E0%B8%A3%E0%B8%B2%E0%B8%8A%E0%B9%80%E0%B8%97%E0%B8%A7%E0%B8%B5+%E0%B8%81%E0%B8%A3%E0%B8%B8%E0%B8%87%E0%B9%80%E0%B8%97%E0%B8%9E%E0%B8%A1%E0%B8%AB%E0%B8%B2%E0%B8%99%E0%B8%84%E0%B8%A3+10400%2C+Thailand&query_place_id=ChIJn3WI0gef4jARV9ibeEN75nQ
หมูกะทะตำโจร,"F2.3647,49,51,P053 Sukhumvit Rd, Bang Na Nuea, Khet Bang Na, Krung Thep Maha Nakhon 10260, Thailand","F2.3647,49,51,P053 Sukhumvit Rd, Bang Na Nuea, Khet Bang Na, Krung Thep Maha Nakhon 10260, Thailand",Międzynarodowa,Sukhumvit,,4.9,35,"Zlokalizowana przy stacji BTS Udomsuk restauracja słynie z doskonałej grillowanej wieprzowiny oraz wyrazistych dań kuchni Isaan, szczególnie pikantnej sałatki som tam i chrupiących skrzydełek kurczaka. Miejsce wyróżnia się niezwykle gościnną, wręcz rodzinną obsługą oraz dbałością o detale, jak chociażby serwowanie napojów w mocno schłodzonych szklankach. Do dyspozycji gości jest zarówno strefa zewnętrzna, jak i komfortowa, klimatyzowana sala, a wszystko to w bardzo przystępnych cenach.",Pon: 2:00 PM – 1:00 AM | Wt: 2:00 PM – 1:00 AM | Śr: 2:00 PM – 1:00 AM | Czw: 2:00 PM – 1:00 AM | Pt: 2:00 PM – 1:00 AM | Sob: 2:00 PM – 1:00 AM | Ndz: 2:00 PM – 1:00 AM,11.1,1.2,https://www.google.com/maps/search/?api=1&query=F2.3647%2C49%2C51%2CP053+Sukhumvit+Rd%2C+Bang+Na+Nuea%2C+Khet+Bang+Na%2C+Krung+Thep+Maha+Nakhon+10260%2C+Thailand&query_place_id=ChIJg_ekex6h4jARNjWq2YSQkK8
Mumucha,"ปาก Thanon Ratchadamri, ลุมพินี Pathum Wan, Krung Thep Maha Nakhon 10330, Thailand","ปาก Thanon Ratchadamri, ลุมพินี Pathum Wan, Krung Thep Maha Nakhon 10330, Thailand",Międzynarodowa,Pathum Wan,,4.9,28,"Mumucha to doskonałe miejsce na tanie i orzeźwiające napoje, słynące z klasycznej Thai Milk Tea oraz Brown Sugar Bubble Tea przygotowywanych przy użyciu maszyn do espresso. W menu znajdziesz także mrożone latte oraz chrupiące tosty z dodatkami takimi jak mleko skondensowane, dżem czy szarpana wieprzowina z majonezem. To świetny wybór na szybką przerwę podczas zakupów, oferujący wysoką jakość w bardzo przystępnych cenach, zaczynających się już od 30 bahtów.",Pon: 6:30 AM – 10:30 PM | Wt: 6:30 AM – 10:30 PM | Śr: 6:30 AM – 10:30 PM | Czw: 6:30 AM – 10:30 PM | Pt: 6:30 AM – 10:30 PM | Sob: 6:30 AM – 10:30 PM | Ndz: 6:30 AM – 10:30 PM,3.8,10.7,https://www.google.com/maps/search/?api=1&query=%E0%B8%9B%E0%B8%B2%E0%B8%81+Thanon+Ratchadamri%2C+%E0%B8%A5%E0%B8%B8%E0%B8%A1%E0%B8%9E%E0%B8%B4%E0%B8%99%E0%B8%B5+Pathum+Wan%2C+Krung+Thep+Maha+Nakhon+10330%2C+Thailand&query_place_id=ChIJ-ZSCvtCe4jARyXa1P8btgIc
Betterfly Bkk,"1482/4 Ratchadaphisek 7, Alley1-3(Chan Mueang 16), Din Daeng, Bangkok 10400 1482/4 รัชดาซอย 7 แยก 1-3 (ชานเมือง 16) ข.ดินแดง ข, แขวงดินแดง เขตดินแดง กรุงเทพมหานคร 10400, Thailand","1482/4 Ratchadaphisek 7, Alley1-3(Chan Mueang 16), Din Daeng, Bangkok 10400 1482/4 รัชดาซอย 7 แยก 1-3 (ชานเมือง 16) ข.ดินแดง ข, แขวงดินแดง เขตดินแดง กรุงเทพมหานคร 10400, Thailand",Międzynarodowa,Din Daeng,,5.0,27,"Betterfly Bkk to miejsce o wyjątkowo relaksującej atmosferze i świetnym klimacie, idealne na odpoczynek w gronie znajomych. Goście szczególnie chwalą niezwykle pomocną obsługę, smaczne jedzenie oraz szeroki wybór asortymentu, w tym miły dodatek w postaci darmowych żelek.",Pon: 8:00 AM – 10:00 PM | Wt: 8:00 AM – 10:00 PM | Śr: 8:00 AM – 10:00 PM | Czw: 8:00 AM – 10:00 PM | Pt: 8:00 AM – 10:00 PM | Sob: 8:00 AM – 10:00 PM | Ndz: 8:00 AM – 10:00 PM,2.0,11.4,https://www.google.com/maps/search/?api=1&query=1482%2F4+Ratchadaphisek+7%2C+Alley1-3%28Chan+Mueang+16%29%2C+Din+Daeng%2C+Bangkok+10400+1482%2F4+%E0%B8%A3%E0%B8%B1%E0%B8%8A%E0%B8%94%E0%B8%B2%E0%B8%8B%E0%B8%AD%E0%B8%A2+7+%E0%B9%81%E0%B8%A2%E0%B8%81+1-3+%28%E0%B8%8A%E0%B8%B2%E0%B8%99%E0%B9%80%E0%B8%A1%E0%B8%B7%E0%B8%AD%E0%B8%87+16%29+%E0%B8%82.%E0%B8%94%E0%B8%B4%E0%B8%99%E0%B9%81%E0%B8%94%E0%B8%87+%E0%B8%82%2C+%E0%B9%81%E0%B8%82%E0%B8%A7%E0%B8%87%E0%B8%94%E0%B8%B4%E0%B8%99%E0%B9%81%E0%B8%94%E0%B8%87+%E0%B9%80%E0%B8%82%E0%B8%95%E0%B8%94%E0%B8%B4%E0%B8%99%E0%B9%81%E0%B8%94%E0%B8%87+%E0%B8%81%E0%B8%A3%E0%B8%B8%E0%B8%87%E0%B9%80%E0%B8%97%E0%B8%9E%E0%B8%A1%E0%B8%AB%E0%B8%B2%E0%B8%99%E0%B8%84%E0%B8%A3+10400%2C+Thailand&query_place_id=ChIJjVVEX7af4jARv0s9H7O1-uY
Oscar Apartment,"QH24+GPW, Soi Phetchaburi 39, Khwaeng Makkasan, Khet Ratchathewi, Krung Thep Maha Nakhon 10400, Thailand","QH24+GPW, Soi Phetchaburi 39, Khwaeng Makkasan, Khet Ratchathewi, Krung Thep Maha Nakhon 10400, Thailand",Międzynarodowa,Ratchathewi,,4.3,26,"Oscar Apartment to kultowa lokalizacja znana głównie jako plan filmowy dla popularnych produkcji, takich jak serial „The Gifted Graduation” czy seria horrorów o Buppah Rahtree. Obecnie budynek wyróżnia się niemal całkowitą ciszą i nostalgiczną atmosferą, ponieważ większość tutejszych pokoi jest pusta lub wyłączona z użytku. To miejsce z bogatą historią na mapie Bangkoku, które warto odwiedzić przede wszystkim ze względu na jego filmową przeszłość.",,2.1,9.8,https://www.google.com/maps/search/?api=1&query=QH24%2BGPW%2C+Soi+Phetchaburi+39%2C+Khwaeng+Makkasan%2C+Khet+Ratchathewi%2C+Krung+Thep+Maha+Nakhon+10400%2C+Thailand&query_place_id=ChIJY8mP5eue4jARQ39hPHiFiCg
ร้าน แซ่บแน่,"QH9R+R3P, Soi Suwan Mani 23, Khwaeng Samsen Nok, Khet Huai Khwang, Krung Thep Maha Nakhon 10310, Thailand","QH9R+R3P, Soi Suwan Mani 23, Khwaeng Samsen Nok, Khet Huai Khwang, Krung Thep Maha Nakhon 10310, Thailand",Międzynarodowa,Huai Khwang,,5.0,25,"Restauracja słynie ze świeżych składników i wyrazistych, pikantnych smaków, a goście szczególnie polecają smażone ścięgna z kurczaka, gulasz z boczku oraz wołowinę marmurkową z różnorodnymi sosami. Warto spróbować także sycących dań z grzybów oraz wieprzowych kiełbasek, które podawane są z licznymi dodatkami w rozsądnych cenach. Miejsce wyróżnia się wysoką jakością potraw oraz sprawną i miłą obsługą.",Pon: 11:00 AM – 10:00 PM | Wt: 11:00 AM – 10:00 PM | Śr: 11:00 AM – 10:00 PM | Czw: 11:00 AM – 10:00 PM | Pt: 11:00 AM – 10:00 PM | Sob: 11:00 AM – 10:00 PM | Ndz: 11:00 AM – 10:00 PM,3.8,11.2,https://www.google.com/maps/search/?api=1&query=QH9R%2BR3P%2C+Soi+Suwan+Mani+23%2C+Khwaeng+Samsen+Nok%2C+Khet+Huai+Khwang%2C+Krung+Thep+Maha+Nakhon+10310%2C+Thailand&query_place_id=ChIJaw2TEgSf4jAR9eRzwObY3gQ
Khao Niaw Ping Export,"QH64+23V, Soi Khong Am, Khwaeng Din Daeng, Khet Din Daeng, Krung Thep Maha Nakhon 10400, Thailand","QH64+23V, Soi Khong Am, Khwaeng Din Daeng, Khet Din Daeng, Krung Thep Maha Nakhon 10400, Thailand",Międzynarodowa,Din Daeng,,4.5,25,"To legendarne miejsce serwuje świeżo grillowany ryż kleisty w liściach bananowca, który zachwyca dymnym aromatem i idealną miękkością. Warto zamówić zwłaszcza wersję z kremowym nadzieniem z taro, docenianą za bogaty, ale nie przesadnie słodki smak. Te niedrogie przekąski kosztują tylko 10 bahtów za sztukę i najlepiej smakują na gorąco, prosto z rusztu.",Pon: 8:00 AM – 7:00 PM | Wt: 8:00 AM – 7:00 PM | Śr: 8:00 AM – 7:00 PM | Czw: 8:00 AM – 7:00 PM | Pt: 8:00 AM – 7:00 PM | Sob: 8:00 AM – 7:00 PM | Ndz: 8:00 AM – 7:00 PM,1.7,11.0,https://www.google.com/maps/search/?api=1&query=QH64%2B23V%2C+Soi+Khong+Am%2C+Khwaeng+Din+Daeng%2C+Khet+Din+Daeng%2C+Krung+Thep+Maha+Nakhon+10400%2C+Thailand&query_place_id=ChIJZUuATZSe4jAR2wbjYIaN9uU
บริษัท ทัช เทคโนโลยี จำกัด,"อาคารทัชบิลดิ้ง 39 Rama IX Soi 7, Khwaeng Huai Khwang, Khet Huai Khwang, Krung Thep Maha Nakhon 10310, Thailand","อาคารทัชบิลดิ้ง 39 Rama IX Soi 7, Khwaeng Huai Khwang, Khet Huai Khwang, Krung Thep Maha Nakhon 10310, Thailand",Międzynarodowa,Huai Khwang,,4.8,20,"To nowoczesna firma technologiczna położona w samym sercu miasta, której siedziba znajduje się w łatwym do odnalezienia budynku przy samym skrzyżowaniu. Miejsce wyróżnia się innowacyjnym podejściem oraz nowoczesną architekturą, która jest obecnie poddawana dalszej modernizacji.",Pon: 9:00 AM – 6:00 PM | Wt: 9:00 AM – 6:00 PM | Śr: 9:00 AM – 6:00 PM | Czw: 9:00 AM – 6:00 PM | Pt: 9:00 AM – 6:00 PM | Sob: Closed | Ndz: Closed,0.2,9.8,https://www.google.com/maps/search/?api=1&query=%E0%B8%AD%E0%B8%B2%E0%B8%84%E0%B8%B2%E0%B8%A3%E0%B8%97%E0%B8%B1%E0%B8%8A%E0%B8%9A%E0%B8%B4%E0%B8%A5%E0%B8%94%E0%B8%B4%E0%B9%89%E0%B8%87+39+Rama+IX+Soi+7%2C+Khwaeng+Huai+Khwang%2C+Khet+Huai+Khwang%2C+Krung+Thep+Maha+Nakhon+10310%2C+Thailand&query_place_id=ChIJO0w_MF6e4jARp1eGkN_8tx8
Boat Noodle Por. Fish,"เลขที่ 2 ซอย ศูนย์วิจัย ถนน เพชรบุรีตัดใหม่ บางกะปิ Khwaeng Bang Kapi, Khet Huai Khwang, Krung Thep Maha Nakhon 10310, Thailand","เลขที่ 2 ซอย ศูนย์วิจัย ถนน เพชรบุรีตัดใหม่ บางกะปิ Khwaeng Bang Kapi, Khet Huai Khwang, Krung Thep Maha Nakhon 10310, Thailand",Międzynarodowa,Huai Khwang,,4.6,18,"To miejsce oferuje pyszne i bardzo tanie dania, w tym szczególnie polecane Pad Thai, ryż Gapao oraz tradycyjne boat noodles. Lokal wyróżnia się wyjątkowo przyjazną obsługą oraz darmowym bufetem samoobsługowym ze świeżymi warzywami i czystym bulionem.",Pon: 7:00 AM – 3:00 PM | Wt: 7:00 AM – 3:00 PM | Śr: 7:00 AM – 3:00 PM | Czw: 7:00 AM – 3:00 PM | Pt: 7:00 AM – 3:00 PM | Sob: 7:00 AM – 3:00 PM | Ndz: Closed,2.8,7.8,https://www.google.com/maps/search/?api=1&query=%E0%B9%80%E0%B8%A5%E0%B8%82%E0%B8%97%E0%B8%B5%E0%B9%88+2+%E0%B8%8B%E0%B8%AD%E0%B8%A2+%E0%B8%A8%E0%B8%B9%E0%B8%99%E0%B8%A2%E0%B9%8C%E0%B8%A7%E0%B8%B4%E0%B8%88%E0%B8%B1%E0%B8%A2+%E0%B8%96%E0%B8%99%E0%B8%99+%E0%B9%80%E0%B8%9E%E0%B8%8A%E0%B8%A3%E0%B8%9A%E0%B8%B8%E0%B8%A3%E0%B8%B5%E0%B8%95%E0%B8%B1%E0%B8%94%E0%B9%83%E0%B8%AB%E0%B8%A1%E0%B9%88+%E0%B8%9A%E0%B8%B2%E0%B8%87%E0%B8%81%E0%B8%B0%E0%B8%9B%E0%B8%B4+Khwaeng+Bang+Kapi%2C+Khet+Huai+Khwang%2C+Krung+Thep+Maha+Nakhon+10310%2C+Thailand&query_place_id=ChIJ75rZbqWf4jARNimoeNxA_ok
Bangkok Fried chicken,"ร้านติดลานจอดรถ MRT ทางออก 1 อยู่ใกล้ร้านเจ้าถิ่น บางกะปิ Khet Huai Khwang, Krung Thep Maha Nakhon 10310, Thailand","ร้านติดลานจอดรถ MRT ทางออก 1 อยู่ใกล้ร้านเจ้าถิ่น บางกะปิ Khet Huai Khwang, Krung Thep Maha Nakhon 10310, Thailand",Międzynarodowa,Huai Khwang,,4.6,18,"To miejsce uchodzi za jedną z najlepszych smażalni kurczaka w Bangkoku, oferując wyśmienite jedzenie w bardzo przystępnej cenie. Warto zamówić chrupiące skrzydełka czosnkowe, pałki lub nuggetsy, które najlepiej smakują w połączeniu z ich specjalnym ostrym sosem. Klienci chwalą wysoką jakość dań, choć przed wizytą warto upewnić się, czy lokal jest aktualnie otwarty.",Pon: Open 24 hours | Wt: Open 24 hours | Śr: Open 24 hours | Czw: Open 24 hours | Pt: Open 24 hours | Sob: Open 24 hours | Ndz: Open 24 hours,1.2,9.2,https://www.google.com/maps/search/?api=1&query=%E0%B8%A3%E0%B9%89%E0%B8%B2%E0%B8%99%E0%B8%95%E0%B8%B4%E0%B8%94%E0%B8%A5%E0%B8%B2%E0%B8%99%E0%B8%88%E0%B8%AD%E0%B8%94%E0%B8%A3%E0%B8%96+MRT+%E0%B8%97%E0%B8%B2%E0%B8%87%E0%B8%AD%E0%B8%AD%E0%B8%81+1+%E0%B8%AD%E0%B8%A2%E0%B8%B9%E0%B9%88%E0%B9%83%E0%B8%81%E0%B8%A5%E0%B9%89%E0%B8%A3%E0%B9%89%E0%B8%B2%E0%B8%99%E0%B9%80%E0%B8%88%E0%B9%89%E0%B8%B2%E0%B8%96%E0%B8%B4%E0%B9%88%E0%B8%99+%E0%B8%9A%E0%B8%B2%E0%B8%87%E0%B8%81%E0%B8%B0%E0%B8%9B%E0%B8%B4+Khet+Huai+Khwang%2C+Krung+Thep+Maha+Nakhon+10310%2C+Thailand&query_place_id=ChIJzbIGWqef4jAR6_tFGpZuLdI
Khao Man Gai,"298 Soi Ratchadaphisek 14, Khwaeng Huai Khwang, Khet Huai Khwang, Krung Thep Maha Nakhon 10310, Thailand","298 Soi Ratchadaphisek 14, Khwaeng Huai Khwang, Khet Huai Khwang, Krung Thep Maha Nakhon 10310, Thailand",Międzynarodowa,Huai Khwang,,4.6,15,"To kameralne miejsce serwuje doskonałe Khao Man Gai, które wyróżnia się wyjątkowo miękkim kurczakiem, delikatnym ryżem oraz aromatycznym sosem podawanym w zestawie z gorącą zupą. Lokal jest ceniony za bardzo niskie ceny (45 bahtów) i miłą obsługę, a przez niektórych podróżników uznawany jest za najlepszy punkt z tym daniem w całej Tajlandii. Restaurację znajdziesz w sąsiedztwie apteki i sklepu 7-Eleven.",Pon: Closed | Wt: 11:00 AM – 10:00 PM | Śr: 11:00 AM – 10:00 PM | Czw: 11:00 AM – 10:00 PM | Pt: 11:00 AM – 10:00 PM | Sob: 11:00 AM – 10:00 PM | Ndz: 11:00 AM – 10:00 PM,3.5,13.0,https://www.google.com/maps/search/?api=1&query=298+Soi+Ratchadaphisek+14%2C+Khwaeng+Huai+Khwang%2C+Khet+Huai+Khwang%2C+Krung+Thep+Maha+Nakhon+10310%2C+Thailand&query_place_id=ChIJC0nj0tSd4jARVK1HHNv2H_k
KOI Thé - Esplanade Ratchada,"2 Floor Esplanade Ratchada, 99 ถ. รัชดาภิเษก แขวงดินแดง เขตดินแดง กรุงเทพมหานคร 10400, Thailand","2 Floor Esplanade Ratchada, 99 ถ. รัชดาภิเษก แขวงดินแดง เขตดินแดง กรุงเทพมหานคร 10400, Thailand",Międzynarodowa,,$$$,4.5,15,"KOI Thé to popularny punkt z herbatą bąbelkową, słynący zwłaszcza z pysznej bubble milk tea oraz unikalnych, sprężystych złotych pereł. Lokal wyróżnia się szybką i miłą obsługą, a przy zamawianiu pomocne jest czytelne menu ułatwiające wybór spośród wielu rodzajów herbat klarownych i mlecznych. Punkt znajduje się na poziomie M obok schodów ruchomych, co warto zapamiętać ze względu na dość skomplikowany układ budynku.",Pon: 10:00 AM – 10:00 PM | Wt: 10:00 AM – 10:00 PM | Śr: 10:00 AM – 10:00 PM | Czw: 10:00 AM – 10:00 PM | Pt: 10:00 AM – 10:00 PM | Sob: 10:00 AM – 10:00 PM | Ndz: 10:00 AM – 10:00 PM,1.6,11.1,https://www.google.com/maps/search/?api=1&query=2+Floor+Esplanade+Ratchada%2C+99+%E0%B8%96.+%E0%B8%A3%E0%B8%B1%E0%B8%8A%E0%B8%94%E0%B8%B2%E0%B8%A0%E0%B8%B4%E0%B9%80%E0%B8%A9%E0%B8%81+%E0%B9%81%E0%B8%82%E0%B8%A7%E0%B8%87%E0%B8%94%E0%B8%B4%E0%B8%99%E0%B9%81%E0%B8%94%E0%B8%87+%E0%B9%80%E0%B8%82%E0%B8%95%E0%B8%94%E0%B8%B4%E0%B8%99%E0%B9%81%E0%B8%94%E0%B8%87+%E0%B8%81%E0%B8%A3%E0%B8%B8%E0%B8%87%E0%B9%80%E0%B8%97%E0%B8%9E%E0%B8%A1%E0%B8%AB%E0%B8%B2%E0%B8%99%E0%B8%84%E0%B8%A3+10400%2C+Thailand&query_place_id=ChIJxaYds4Wf4jARlVtmJy5yQ5M
ชูมาย ติ่มซำ ขนมจีบ ซาลาเปา Shumind Dimsum,"36 Soi Prasan Saraban, Khwaeng Din Daeng, Khet Din Daeng, Krung Thep Maha Nakhon 10400, Thailand","36 Soi Prasan Saraban, Khwaeng Din Daeng, Khet Din Daeng, Krung Thep Maha Nakhon 10400, Thailand",Międzynarodowa,Din Daeng,,4.7,14,"Shumind Dimsum oferuje niedrogie i świeże dim sum, w tym szczególnie polecane shumai, pierożki z krewetkami w wodorostach oraz puszyste bułeczki z wieprzowiną. Dania wyróżniają się sprężystym, pełnym nadzieniem i bardzo przystępną ceną (29 bahtów za porcję), choć większość pozytywnych opinii o świeżości kontrastuje z jednostkową skargą na jakość produktów. Zamówienia można wygodnie składać przez popularne aplikacje dostawcze, takie jak Grab czy Shopee Food.",Pon: 8:00 AM – 9:00 PM | Wt: 8:00 AM – 9:00 PM | Śr: 8:00 AM – 9:00 PM | Czw: 8:00 AM – 9:00 PM | Pt: 8:00 AM – 9:00 PM | Sob: 8:00 AM – 9:00 PM | Ndz: 8:00 AM – 9:00 PM,2.2,11.6,https://www.google.com/maps/search/?api=1&query=36+Soi+Prasan+Saraban%2C+Khwaeng+Din+Daeng%2C+Khet+Din+Daeng%2C+Krung+Thep+Maha+Nakhon+10400%2C+Thailand&query_place_id=ChIJedgueOGf4jAR5OHA3B3EVFk
PANDAหม่าล่า串串香川湘菜,"566/2 ปาก Soi Pracha Uthit 22, Khwaeng Huai Khwang, Khet Huai Khwang, Krung Thep Maha Nakhon 10310, Thailand","566/2 ปาก Soi Pracha Uthit 22, Khwaeng Huai Khwang, Khet Huai Khwang, Krung Thep Maha Nakhon 10310, Thailand",Międzynarodowa,Huai Khwang,,4.6,14,"PANDAหม่าล่า to miejsce słynące z wyśmienitych szaszłyków mala oraz smażonej fasolki, które oferują autentyczny, ostry smak w bardzo przystępnej cenie. Goście szczególnie doceniają aromatyczne buliony i sprawną obsługę, dzięki czemu lokal jest idealny na sycący posiłek w grupie. Planując wizytę, warto jednak pamiętać o braku parkingu oraz unikać żółtego makaronu, który według opinii bywa zbyt miękki.",Pon: 3:00 PM – 2:00 AM | Wt: 3:00 PM – 2:00 AM | Śr: 3:00 PM – 2:00 AM | Czw: 3:00 PM – 2:00 AM | Pt: 3:00 PM – 2:00 AM | Sob: 3:00 PM – 2:00 AM | Ndz: 3:00 PM – 2:00 AM,3.6,12.0,https://www.google.com/maps/search/?api=1&query=566%2F2+%E0%B8%9B%E0%B8%B2%E0%B8%81+Soi+Pracha+Uthit+22%2C+Khwaeng+Huai+Khwang%2C+Khet+Huai+Khwang%2C+Krung+Thep+Maha+Nakhon+10310%2C+Thailand&query_place_id=ChIJdbt8IEOf4jARn4VoZZ8d6a0
KOI Thé - True Digital Park,"101 Sukhumvit Rd, Khwaeng Bang Chak, Khet Phra Khanong, Krung Thep Maha Nakhon 10260, Thailand","101 Sukhumvit Rd, Khwaeng Bang Chak, Khet Phra Khanong, Krung Thep Maha Nakhon 10260, Thailand",Międzynarodowa,Sukhumvit,$$$,4.5,13,"Ta popularna herbaciarnia słynie z pysznej milk tea z boba oraz herbaty Assam z małymi perełkami, w których można dowolnie dostosować poziom słodkości. Miejsce wyróżnia się niezwykle uprzejmą obsługą, czystym wystrojem oraz charakterystycznymi, bardzo długimi słomkami do napojów. Lokal znajduje się na parterze i oferuje wyłącznie opcję na wynos, co czyni go idealnym przystankiem podczas spaceru.",Pon: 10:00 AM – 9:00 PM | Wt: 10:00 AM – 9:00 PM | Śr: 10:00 AM – 9:00 PM | Czw: 10:00 AM – 9:00 PM | Pt: 10:00 AM – 9:00 PM | Sob: 10:00 AM – 9:00 PM | Ndz: 10:00 AM – 9:00 PM,10.8,0.9,https://www.google.com/maps/search/?api=1&query=101+Sukhumvit+Rd%2C+Khwaeng+Bang+Chak%2C+Khet+Phra+Khanong%2C+Krung+Thep+Maha+Nakhon+10260%2C+Thailand&query_place_id=ChIJCdzVF2Of4jARMBbIh4J4MYI
บริษัท ไทยเอ็นวีดีอาร์ จำกัด,"อาคารตลาดหลักทรัพย์แห่ง QH79+G4M, Khwaeng Din Daeng, Khet Din Daeng, Krung Thep Maha Nakhon 10400, Thailand","อาคารตลาดหลักทรัพย์แห่ง QH79+G4M, Khwaeng Din Daeng, Khet Din Daeng, Krung Thep Maha Nakhon 10400, Thailand",Międzynarodowa,Din Daeng,,5.0,12,ZA MAŁO RECENZJI,Pon: 8:30 AM – 5:30 PM | Wt: 8:30 AM – 5:30 PM | Śr: 8:30 AM – 5:30 PM | Czw: 8:30 AM – 5:30 PM | Pt: 8:30 AM – 5:30 PM | Sob: Closed | Ndz: Closed,1.4,10.8,https://www.google.com/maps/search/?api=1&query=%E0%B8%AD%E0%B8%B2%E0%B8%84%E0%B8%B2%E0%B8%A3%E0%B8%95%E0%B8%A5%E0%B8%B2%E0%B8%94%E0%B8%AB%E0%B8%A5%E0%B8%B1%E0%B8%81%E0%B8%97%E0%B8%A3%E0%B8%B1%E0%B8%9E%E0%B8%A2%E0%B9%8C%E0%B9%81%E0%B8%AB%E0%B9%88%E0%B8%87+QH79%2BG4M%2C+Khwaeng+Din+Daeng%2C+Khet+Din+Daeng%2C+Krung+Thep+Maha+Nakhon+10400%2C+Thailand&query_place_id=ChIJOfR7hxuf4jARzNkn2DvMANU
JB Kitchen,"120/842, Maneeya Ville, soi8, ถ. สุขุมวิท 101/1 แขวงบางนาเหนือ เขตบางนา กรุงเทพมหานคร 10260, Thailand","120/842, Maneeya Ville, soi8, ถ. สุขุมวิท 101/1 แขวงบางนาเหนือ เขตบางนา กรุงเทพมหานคร 10260, Thailand",Międzynarodowa,,,4.8,12,"JB Kitchen w Bangkoku to doskonałe miejsce na autentyczne, domowe jedzenie indyjskie, które cieszy się świetnymi opiniami szczególnie jako opcja na wynos. Warto spróbować chwalonego przez gości chicken tikka masala, butter chicken oraz świeżego chlebka naan, przygotowywanych według krótkiego, regularnie zmieniającego się menu. Lokal wyróżnia się niezwykle pomocną obsługą oraz wysoką jakością potraw, które smakują jak tradycyjne, domowe posiłki.",Pon: 10:00 AM – 8:30 PM | Wt: 10:00 AM – 8:30 PM | Śr: 10:00 AM – 8:30 PM | Czw: 10:00 AM – 8:30 PM | Pt: 10:00 AM – 9:30 PM | Sob: 11:00 AM – 9:30 PM | Ndz: 11:00 AM – 8:30 PM,11.6,1.7,https://www.google.com/maps/search/?api=1&query=120%2F842%2C+Maneeya+Ville%2C+soi8%2C+%E0%B8%96.+%E0%B8%AA%E0%B8%B8%E0%B8%82%E0%B8%B8%E0%B8%A1%E0%B8%A7%E0%B8%B4%E0%B8%97+101%2F1+%E0%B9%81%E0%B8%82%E0%B8%A7%E0%B8%87%E0%B8%9A%E0%B8%B2%E0%B8%87%E0%B8%99%E0%B8%B2%E0%B9%80%E0%B8%AB%E0%B8%99%E0%B8%B7%E0%B8%AD+%E0%B9%80%E0%B8%82%E0%B8%95%E0%B8%9A%E0%B8%B2%E0%B8%87%E0%B8%99%E0%B8%B2+%E0%B8%81%E0%B8%A3%E0%B8%B8%E0%B8%87%E0%B9%80%E0%B8%97%E0%B8%9E%E0%B8%A1%E0%B8%AB%E0%B8%B2%E0%B8%99%E0%B8%84%E0%B8%A3+10260%2C+Thailand&query_place_id=ChIJowIXGrmh4jARq6pImT3n_ZM
คุณลุงซูชิ พลัส,"3563 Soi Panittha, Bang Na Nuea, Khet Bang Na, Krung Thep Maha Nakhon 10260, Thailand","3563 Soi Panittha, Bang Na Nuea, Khet Bang Na, Krung Thep Maha Nakhon 10260, Thailand",Międzynarodowa,Bang Na,,4.8,11,"To wyjątkowe miejsce na lokalnym targu serwuje świeże sushi z dopracowanym smakowo ryżem oraz wyśmienitą, soczystą makrelę saba z chrupiącą skórką. Restauracja wyróżnia się domową atmosferą, klimatyzowanym wnętrzem oraz doskonałym stosunkiem jakości do ceny, oferując smaczne posiłki w bardzo przystępnych cenach.",Pon: 9:00 AM – 9:00 PM | Wt: 9:00 AM – 9:00 PM | Śr: 9:00 AM – 9:00 PM | Czw: 9:00 AM – 9:00 PM | Pt: 9:00 AM – 9:00 PM | Sob: 10:00 AM – 8:00 PM | Ndz: 10:00 AM – 8:00 PM,11.2,1.3,https://www.google.com/maps/search/?api=1&query=3563+Soi+Panittha%2C+Bang+Na+Nuea%2C+Khet+Bang+Na%2C+Krung+Thep+Maha+Nakhon+10260%2C+Thailand&query_place_id=ChIJqfJgVwCh4jARnhGt20AAy9I
หอพักสตรี Nexchange woman Dormitory,"Soi, yeak 1, 322-29 ถ. รัชดาภิเษก แขวงดินแดง เขตดินแดง กรุงเทพมหานคร 10400, Thailand","Soi, yeak 1, 322-29 ถ. รัชดาภิเษก แขวงดินแดง เขตดินแดง กรุงเทพมหานคร 10400, Thailand",Międzynarodowa,,,4.5,11,"Nexchange Woman Dormitory wyróżnia się świetną lokalizacją blisko stacji metra oraz centrów handlowych i targów, takich jak Central Rama 9 czy Esplanade. Pokoje są czyste, bezpieczne i komfortowe, a goście szczególnie doceniają bardzo miłą obsługę oraz pomocnego właściciela.",,1.2,10.6,https://www.google.com/maps/search/?api=1&query=Soi%2C+yeak+1%2C+322-29+%E0%B8%96.+%E0%B8%A3%E0%B8%B1%E0%B8%8A%E0%B8%94%E0%B8%B2%E0%B8%A0%E0%B8%B4%E0%B9%80%E0%B8%A9%E0%B8%81+%E0%B9%81%E0%B8%82%E0%B8%A7%E0%B8%87%E0%B8%94%E0%B8%B4%E0%B8%99%E0%B9%81%E0%B8%94%E0%B8%87+%E0%B9%80%E0%B8%82%E0%B8%95%E0%B8%94%E0%B8%B4%E0%B8%99%E0%B9%81%E0%B8%94%E0%B8%87+%E0%B8%81%E0%B8%A3%E0%B8%B8%E0%B8%87%E0%B9%80%E0%B8%97%E0%B8%9E%E0%B8%A1%E0%B8%AB%E0%B8%B2%E0%B8%99%E0%B8%84%E0%B8%A3+10400%2C+Thailand&query_place_id=ChIJ5faPeI6e4jAR-i5XeEGZJnY
Siamese Boat Noodles,"695 Sukhumvit Rd, Khwaeng Khlong Tan Nuea, Watthana, Krung Thep Maha Nakhon 10110, Thailand","695 Sukhumvit Rd, Khwaeng Khlong Tan Nuea, Watthana, Krung Thep Maha Nakhon 10110, Thailand",Międzynarodowa,Sukhumvit,,4.3,11,"Siamese Boat Noodles serwuje autentyczne tajskie zupy, w których warto spróbować zwłaszcza wersji z wieprzowiną lub wyjątkowo miękkim, duszonym ozorem wołowym. Miejsce wyróżnia się bogatym wyborem dodatków oraz sprawną obsługą, oferując porcje idealnie dopasowane dla osób jedzących w pojedynkę. Panuje tu gwarny, ale komfortowy klimat, typowy dla popularnych lokali z tradycyjną kuchnią.",,3.7,6.5,https://www.google.com/maps/search/?api=1&query=695+Sukhumvit+Rd%2C+Khwaeng+Khlong+Tan+Nuea%2C+Watthana%2C+Krung+Thep+Maha+Nakhon+10110%2C+Thailand&query_place_id=ChIJE2RfeACf4jAR4wSjWJJZO5Y
Kodtalay Seafood Buffet Sukhumvit,"3070 Sukhumvit 70 Alley, Bang Na Nuea, Khet Bang Na, Krung Thep Maha Nakhon 10260, Thailand","3070 Sukhumvit 70 Alley, Bang Na Nuea, Khet Bang Na, Krung Thep Maha Nakhon 10260, Thailand",Owoce morza,Sukhumvit,$$$,4.9,21488,"Kodtalay Seafood Buffet to popularne miejsce słynące z niezwykle świeżych owoców morza, takich jak żywe krewetki, kraby i gigantyczne ostrygi, które goście samodzielnie grillują na węglu drzewnym. Warto spróbować także świeżego sashimi oraz dań gotowanych, korzystając z wygodnego systemu zamawiania przez kod QR. Ze względu na dużą liczbę gości i duszny klimat przy stanowiskach do grillowania, zaleca się wcześniejszą rezerwację telefoniczną.",Pon: 4:00 PM – 12:00 AM | Wt: 4:00 PM – 12:00 AM | Śr: 4:00 PM – 12:00 AM | Czw: 4:00 PM – 12:00 AM | Pt: 4:00 PM – 12:00 AM | Sob: 3:00 PM – 12:00 AM | Ndz: 3:00 PM – 12:00 AM,11.6,1.8,https://www.google.com/maps/search/?api=1&query=3070+Sukhumvit+70+Alley%2C+Bang+Na+Nuea%2C+Khet+Bang+Na%2C+Krung+Thep+Maha+Nakhon+10260%2C+Thailand&query_place_id=ChIJ7-W2gG6f4jAR_WjfDSPbAYM
KUANG Seafood,"166, 1-5 ถนน รัชดา 10 Khwaeng Huai Khwang, Khet Huai Khwang, Krung Thep Maha Nakhon 10320, Thailand","166, 1-5 ถนน รัชดา 10 Khwaeng Huai Khwang, Khet Huai Khwang, Krung Thep Maha Nakhon 10320, Thailand",Owoce morza,Huai Khwang,$$$,4.4,4113,"Kuang Seafood to doskonałe miejsce na świeże i aromatyczne owoce morza, słynące z hojnych porcji idealnych do dzielenia się w gronie rodzinnym. Warto spróbować takich specjałów jak krewetki z curry, kalmary w solonym jajku czy morning glory, które serwowane są przez miłą i pomocną obsługę. Restauracja oferuje bogate menu dań tajskich oraz możliwość rezerwacji prywatnych pokoi, co pozwala cieszyć się posiłkiem w spokojniejszej atmosferze.",Pon: 11:00 AM – 1:30 AM | Wt: 11:00 AM – 1:30 AM | Śr: 11:00 AM – 1:30 AM | Czw: 11:00 AM – 1:30 AM | Pt: 11:00 AM – 1:30 AM | Sob: 11:00 AM – 1:30 AM | Ndz: 11:00 AM – 1:30 AM,2.4,11.9,https://www.google.com/maps/search/?api=1&query=166%2C+1-5+%E0%B8%96%E0%B8%99%E0%B8%99+%E0%B8%A3%E0%B8%B1%E0%B8%8A%E0%B8%94%E0%B8%B2+10+Khwaeng+Huai+Khwang%2C+Khet+Huai+Khwang%2C+Krung+Thep+Maha+Nakhon+10320%2C+Thailand&query_place_id=ChIJoXJxdl2f4jAR196vS65Fl0k
Kodtalay Seafood Buffet,"888 Chaturathit Rd, Khwaeng Bang Kapi, Khet Huai Khwang, Krung Thep Maha Nakhon 10310, Thailand","888 Chaturathit Rd, Khwaeng Bang Kapi, Khet Huai Khwang, Krung Thep Maha Nakhon 10310, Thailand",Owoce morza,Huai Khwang,,4.8,3829,"Kodtalay Seafood Buffet to raj dla miłośników owoców morza, oferujący ogromny wybór świeżych produktów, takich jak krewetki rzeczne, wiele rodzajów krabów, sushi oraz wysokiej jakości wołowinę Wagyu, a nawet zaskakująco dobrą pizzę. Najlepiej zdecydować się na wariant premium (799 THB) i pojawić się na miejscu przed godziną 17:00, aby uniknąć bardzo długich kolejek. Miejsce wyróżnia się brakiem limitu czasowego na jedzenie oraz ogromną różnorodnością dań kuchni azjatyckiej i europejskiej.",Pon: 5:00 PM – 5:00 AM | Wt: 5:00 PM – 5:00 AM | Śr: 5:00 PM – 5:00 AM | Czw: 5:00 PM – 5:00 AM | Pt: 5:00 PM – 5:00 AM | Sob: 5:00 PM – 5:00 AM | Ndz: 5:00 PM – 5:00 AM,1.0,9.7,https://www.google.com/maps/search/?api=1&query=888+Chaturathit+Rd%2C+Khwaeng+Bang+Kapi%2C+Khet+Huai+Khwang%2C+Krung+Thep+Maha+Nakhon+10310%2C+Thailand&query_place_id=ChIJkxRlDACf4jARptHCcBgTN0w
Somboon Seafood @ Ratchada,"167/9-12 Thanon Ratchadaphisek, Khwaeng Din Daeng, Khet Din Daeng, Krung Thep Maha Nakhon 10400, Thailand","167/9-12 Thanon Ratchadaphisek, Khwaeng Din Daeng, Khet Din Daeng, Krung Thep Maha Nakhon 10400, Thailand",Owoce morza,Din Daeng,$$$$,4.3,3420,"Somboon Seafood to kultowa restauracja słynąca przede wszystkim z legendarnego kraba w curry oraz bogatego w umami ryżu smażonego z owocami morza. W menu warto zwrócić uwagę także na świeże grillowane krewetki rzeczne i klasyczną zupę Tom Yum Kung, które docenili nawet znani politycy i celebryci. Miejsce wyróżnia się sprawną obsługą i doskonałą lokalizacją w dzielnicy Ratchada, stanowiąc idealny przystanek przed wizytą na pobliskim targu Jodd Fairs.",Pon: 11:00 AM – 10:00 PM | Wt: 11:00 AM – 10:00 PM | Śr: 11:00 AM – 10:00 PM | Czw: 11:00 AM – 10:00 PM | Pt: 11:00 AM – 10:00 PM | Sob: 11:00 AM – 10:00 PM | Ndz: 11:00 AM – 10:00 PM,3.0,12.5,https://www.google.com/maps/search/?api=1&query=167%2F9-12+Thanon+Ratchadaphisek%2C+Khwaeng+Din+Daeng%2C+Khet+Din+Daeng%2C+Krung+Thep+Maha+Nakhon+10400%2C+Thailand&query_place_id=ChIJh3pFGICe4jARuIFdCClOi90
Savoey @The Mercury Ville at Chidlom,"Mercury Tower, 540 Thanon Phloen Chit, Khwaeng Lumphini, Pathum Wan, Krung Thep Maha Nakhon 10330, Thailand","Mercury Tower, 540 Thanon Phloen Chit, Khwaeng Lumphini, Pathum Wan, Krung Thep Maha Nakhon 10330, Thailand",Owoce morza,Pathum Wan,$$$,4.5,2370,"Savoey słynie z wyjątkowo świeżych owoców morza, a w szczególności warto tu zamówić chrupiącego okonia morskiego w sosie rybnym, grillowane krewetki olbrzymie oraz kraba w żółtym curry. Restauracja wyróżnia się idealnie zbalansowanymi przyprawami i autentycznym smakiem, który dopełniają unikalne napoje, takie jak smoothie z mango i ryżu kleistego czy frappe z jarmużu. Choć ceny są nieco wyższe, przytulna atmosfera oraz wysoka jakość potraw, w tym puszystego omletu z krabem, sprawiają, że miejsce jest w pełni warte odwiedzenia.",Pon: 10:00 AM – 10:00 PM | Wt: 10:00 AM – 10:00 PM | Śr: 10:00 AM – 10:00 PM | Czw: 10:00 AM – 10:00 PM | Pt: 10:00 AM – 10:00 PM | Sob: 10:00 AM – 10:00 PM | Ndz: 10:00 AM – 10:00 PM,3.9,9.8,https://www.google.com/maps/search/?api=1&query=Mercury+Tower%2C+540+Thanon+Phloen+Chit%2C+Khwaeng+Lumphini%2C+Pathum+Wan%2C+Krung+Thep+Maha+Nakhon+10330%2C+Thailand&query_place_id=ChIJ3-gsGtue4jARUvFiDoFV4XA
กวงซีฟู้ด รางน้ำ Kuang Seafood (Rangnam Original),"Kuangseafood 107/12-13 Thanon Rang Nam, Khwaeng Thanon Phaya Thai, Khet Ratchathewi, Krung Thep Maha Nakhon 10400, Thailand","Kuangseafood 107/12-13 Thanon Rang Nam, Khwaeng Thanon Phaya Thai, Khet Ratchathewi, Krung Thep Maha Nakhon 10400, Thailand",Owoce morza,Ratchathewi,$$$,4.3,2306,"Kuang Seafood to miejsce słynące z doskonałej kuchni tajsko-chińskiej, w której warto zamówić zwłaszcza kremowe curry z kraba, soczyste krewetki z grilla oraz wyjątkowo chrupiącą smażoną rybę. Restauracja wyróżnia się nienaganną czystością, bardzo przyjazną obsługą i dbałością o komfort gości, oferując np. plastikowe rękawiczki do wygodnego obierania owoców morza. W bogatym menu wyróżniają się także pieczony prosiak, wieprzowina z czosnkiem oraz aromatyczny ryż smażony w ananasie.",Pon: 11:00 AM – 12:30 AM | Wt: 11:00 AM – 12:30 AM | Śr: 11:00 AM – 12:30 AM | Czw: 11:00 AM – 12:30 AM | Pt: 11:00 AM – 12:30 AM | Sob: 11:00 AM – 12:30 AM | Ndz: 11:00 AM – 12:30 AM,3.5,11.6,https://www.google.com/maps/search/?api=1&query=Kuangseafood+107%2F12-13+Thanon+Rang+Nam%2C+Khwaeng+Thanon+Phaya+Thai%2C+Khet+Ratchathewi%2C+Krung+Thep+Maha+Nakhon+10400%2C+Thailand&query_place_id=ChIJzXJUgLee4jARbqed9eaEhqs
Silawat Seafood,"447 Thanon Sanphawut, Khwaeng Bang Na, Khet Bang Na, Krung Thep Maha Nakhon 10260, Thailand","447 Thanon Sanphawut, Khwaeng Bang Na, Khet Bang Na, Krung Thep Maha Nakhon 10260, Thailand",Owoce morza,Bang Na,$$$,4.3,1454,"Silawat Seafood to ceniony przez lokalnych mieszkańców lokal serwujący autentyczną tajską kuchnię i owoce morza w przystępnych cenach oraz klimatyzowanym wnętrzu. Warto zamówić catfish pad prik, ryż smażony z krabem lub rybę „butter fish”, które podawane są w bardzo hojnych porcjach. Restauracja wyróżnia się czystością, gościnną atmosferą oraz wygodnym parkingiem bezpośrednio przy budynku.",Pon: 10:00 AM – 9:00 PM | Wt: 10:00 AM – 9:00 PM | Śr: 10:00 AM – 9:00 PM | Czw: 10:00 AM – 9:00 PM | Pt: 10:00 AM – 9:00 PM | Sob: 10:00 AM – 9:00 PM | Ndz: 10:00 AM – 9:00 PM,10.8,3.8,https://www.google.com/maps/search/?api=1&query=447+Thanon+Sanphawut%2C+Khwaeng+Bang+Na%2C+Khet+Bang+Na%2C+Krung+Thep+Maha+Nakhon+10260%2C+Thailand&query_place_id=ChIJ10phpCSg4jARzwL-DNBYMGM
Copper Aquarium,"2 ซอย ประชาราษฎร์บำรุง 5 โรงแรม Amaranta 2 Thanon Pracha Rat Bamphen, Khwaeng Huai Khwang, Khet Huai Khwang, Krung Thep Maha Nakhon 10310, Thailand","2 ซอย ประชาราษฎร์บำรุง 5 โรงแรม Amaranta 2 Thanon Pracha Rat Bamphen, Khwaeng Huai Khwang, Khet Huai Khwang, Krung Thep Maha Nakhon 10310, Thailand",Owoce morza,Huai Khwang,,4.7,1134,"Copper Aquarium to wyjątkowa restauracja bufetowa, która słynie ze świeżych owoców morza (w tym homarów i ostryg), wołowiny wagyu oraz kreatywnych koktajli. Miejsce wyróżnia się elegancką atmosferą z muzyką na żywo oraz unikalnymi pokazami nurków w akwarium, które stanowią główną atrakcję podczas posiłku. Goście chwalą również sprawną obsługę oraz dogodną lokalizację obiektu w pobliżu stacji metra.",Pon: 7:00 AM – 11:00 PM | Wt: 7:00 AM – 11:00 PM | Śr: 7:00 AM – 11:00 PM | Czw: 7:00 AM – 11:00 PM | Pt: 7:00 AM – 11:00 PM | Sob: 7:00 AM – 11:00 PM | Ndz: 7:00 AM – 11:00 PM,3.3,12.8,https://www.google.com/maps/search/?api=1&query=2+%E0%B8%8B%E0%B8%AD%E0%B8%A2+%E0%B8%9B%E0%B8%A3%E0%B8%B0%E0%B8%8A%E0%B8%B2%E0%B8%A3%E0%B8%B2%E0%B8%A9%E0%B8%8E%E0%B8%A3%E0%B9%8C%E0%B8%9A%E0%B8%B3%E0%B8%A3%E0%B8%B8%E0%B8%87+5+%E0%B9%82%E0%B8%A3%E0%B8%87%E0%B9%81%E0%B8%A3%E0%B8%A1+Amaranta+2+Thanon+Pracha+Rat+Bamphen%2C+Khwaeng+Huai+Khwang%2C+Khet+Huai+Khwang%2C+Krung+Thep+Maha+Nakhon+10310%2C+Thailand&query_place_id=ChIJ59u_1Iad4jARaSNHNJAraWw
Ministry of Crab Bangkok,"15, 1 Sukhumvit 31, Khwaeng Khlong Toei Nuea, Watthana, Krung Thep Maha Nakhon 10110, Thailand","15, 1 Sukhumvit 31, Khwaeng Khlong Toei Nuea, Watthana, Krung Thep Maha Nakhon 10110, Thailand",Owoce morza,Sukhumvit,$$$$$,4.6,920,"Ministry of Crab Bangkok to luksusowa restauracja słynąca z wyśmienitych krabów ze Sri Lanki, szczególnie w wersji pieprzowej, czosnkowej oraz imponującego „Crabzilla” w sosie curry. Goście chwalą profesjonalną, pomocną obsługę i polecają spróbowanie małży z pieczywem czosnkowym oraz krewetek. Choć ceny są wysokie, miejsce wyróżnia się wyjątkową świeżością składników i dbałością o detale w przygotowaniu każdego dania.","Pon: 12:00 – 2:30 PM, 5:00 – 10:30 PM | Wt: 12:00 – 2:30 PM, 5:00 – 10:30 PM | Śr: 12:00 – 2:30 PM, 5:00 – 10:30 PM | Czw: 12:00 – 2:30 PM, 5:00 – 10:30 PM | Pt: 12:00 – 2:30 PM, 5:00 – 10:30 PM | Sob: 12:00 – 2:30 PM, 5:00 – 10:30 PM | Ndz: 12:00 – 2:30 PM, 5:00 – 10:30 PM",2.9,7.2,https://www.google.com/maps/search/?api=1&query=15%2C+1+Sukhumvit+31%2C+Khwaeng+Khlong+Toei+Nuea%2C+Watthana%2C+Krung+Thep+Maha+Nakhon+10110%2C+Thailand&query_place_id=ChIJv0Ki8_if4jARvn1DWVjFZTI
SexyCowBKK Prime Steak & Seafood,"The Mercury Ville at Chidlom, 1st floor, BTS Chidlom Exit 4, 540 ถนน เพลินจิต แขวงลุมพินี เขตปทุมวัน กรุงเทพมหานคร 10330, Thailand","The Mercury Ville at Chidlom, 1st floor, BTS Chidlom Exit 4, 540 ถนน เพลินจิต แขวงลุมพินี เขตปทุมวัน กรุงเทพมหานคร 10330, Thailand",Owoce morza,,,4.5,645,"SexyCowBKK to nowoczesna restauracja w sercu Bangkoku, która zachwyca nastrojowym, czerwonym wystrojem i eleganckimi wnętrzami z prywatnymi salkami. Warto zamówić tu przede wszystkim wyjątkowo kruche steki, kremowe risotto z truflami oraz orzeźwiające ceviche z mango, które doskonale łączą smaki mięsne z owocami morza. Miejsce wyróżnia się stylowym barem i profesjonalną obsługą, a klienci polecają rezerwację przez aplikację Hungry Hub, aby skorzystać z atrakcyjnych ofert cenowych.",Pon: 11:00 AM – 9:30 PM | Wt: 11:00 AM – 9:30 PM | Śr: 11:00 AM – 9:30 PM | Czw: 11:00 AM – 9:30 PM | Pt: 11:00 AM – 9:30 PM | Sob: 11:00 AM – 9:30 PM | Ndz: 11:00 AM – 9:30 PM,3.9,9.9,https://www.google.com/maps/search/?api=1&query=The+Mercury+Ville+at+Chidlom%2C+1st+floor%2C+BTS+Chidlom+Exit+4%2C+540+%E0%B8%96%E0%B8%99%E0%B8%99+%E0%B9%80%E0%B8%9E%E0%B8%A5%E0%B8%B4%E0%B8%99%E0%B8%88%E0%B8%B4%E0%B8%95+%E0%B9%81%E0%B8%82%E0%B8%A7%E0%B8%87%E0%B8%A5%E0%B8%B8%E0%B8%A1%E0%B8%9E%E0%B8%B4%E0%B8%99%E0%B8%B5+%E0%B9%80%E0%B8%82%E0%B8%95%E0%B8%9B%E0%B8%97%E0%B8%B8%E0%B8%A1%E0%B8%A7%E0%B8%B1%E0%B8%99+%E0%B8%81%E0%B8%A3%E0%B8%B8%E0%B8%87%E0%B9%80%E0%B8%97%E0%B8%9E%E0%B8%A1%E0%B8%AB%E0%B8%B2%E0%B8%99%E0%B8%84%E0%B8%A3+10330%2C+Thailand&query_place_id=ChIJJdqFiRyf4jAR0GEV5oDhcIQ
Oyster Mania,"3/17-18 Soi Sukhumvit 31 Sukhumvit Road, Klongtoey, แขวงคลองตันเหนือ เขตวัฒนา กรุงเทพมหานคร 10110, Thailand","3/17-18 Soi Sukhumvit 31 Sukhumvit Road, Klongtoey, แขวงคลองตันเหนือ เขตวัฒนา กรุงเทพมหานคร 10110, Thailand",Owoce morza,Sukhumvit,,4.9,422,"Oyster Mania to kameralne miejsce słynące ze świeżych, importowanych głównie z Japonii ostryg oraz wysokiej jakości dań, takich jak tatar z wagyu czy risotto z uni. Restauracja wyróżnia się spokojną atmosferą idealną na spotkania z przyjaciółmi oraz profesjonalną obsługą, która chętnie doradza w wyborze odpowiedniego sake. Jest to doskonały wybór dla osób szukających autentycznych smaków morza w rozsądnych cenach.","Pon: 5:00 – 11:00 PM | Wt: 5:00 – 11:00 PM | Śr: 5:00 – 11:00 PM | Czw: 5:00 – 11:00 PM | Pt: 5:00 – 11:00 PM | Sob: 11:00 AM – 3:00 PM, 5:00 – 11:00 PM | Ndz: 11:00 AM – 3:00 PM, 5:00 – 11:00 PM",3.1,7.1,https://www.google.com/maps/search/?api=1&query=3%2F17-18+Soi+Sukhumvit+31+Sukhumvit+Road%2C+Klongtoey%2C+%E0%B9%81%E0%B8%82%E0%B8%A7%E0%B8%87%E0%B8%84%E0%B8%A5%E0%B8%AD%E0%B8%87%E0%B8%95%E0%B8%B1%E0%B8%99%E0%B9%80%E0%B8%AB%E0%B8%99%E0%B8%B7%E0%B8%AD+%E0%B9%80%E0%B8%82%E0%B8%95%E0%B8%A7%E0%B8%B1%E0%B8%92%E0%B8%99%E0%B8%B2+%E0%B8%81%E0%B8%A3%E0%B8%B8%E0%B8%87%E0%B9%80%E0%B8%97%E0%B8%9E%E0%B8%A1%E0%B8%AB%E0%B8%B2%E0%B8%99%E0%B8%84%E0%B8%A3+10110%2C+Thailand&query_place_id=ChIJmUODeJOf4jARs7TBGA87khs
Whale Klang Krung,"1199 ถ. เพชรบุรีตัดใหม่ เลขที่ SHOP2-07 ชั้น 2 Khwaeng Makkasan, Khet Ratchathewi, Krung Thep Maha Nakhon 10400, Thailand","1199 ถ. เพชรบุรีตัดใหม่ เลขที่ SHOP2-07 ชั้น 2 Khwaeng Makkasan, Khet Ratchathewi, Krung Thep Maha Nakhon 10400, Thailand",Owoce morza,Ratchathewi,,4.8,369,"Whale Klang Krung to raj dla miłośników świeżych owoców morza, wyróżniający się bogatym bufetem i wyjątkowo korzystnym stosunkiem ceny do jakości. Goście szczególnie polecają zamówienie perfekcyjnie przyrządzonych krewetek rzecznych oraz crab miso, serwowanych w porcjach idealnych do degustacji wielu różnych dań. Całości dopełnia niezwykle uprzejma i uważna obsługa oraz kameralna, ciepła atmosfera.",Pon: 11:00 AM – 10:00 PM | Wt: 11:00 AM – 10:00 PM | Śr: 11:00 AM – 10:00 PM | Czw: 11:00 AM – 10:00 PM | Pt: 11:00 AM – 10:00 PM | Sob: 11:00 AM – 10:00 PM | Ndz: 11:00 AM – 10:00 PM,3.2,10.4,https://www.google.com/maps/search/?api=1&query=1199+%E0%B8%96.+%E0%B9%80%E0%B8%9E%E0%B8%8A%E0%B8%A3%E0%B8%9A%E0%B8%B8%E0%B8%A3%E0%B8%B5%E0%B8%95%E0%B8%B1%E0%B8%94%E0%B9%83%E0%B8%AB%E0%B8%A1%E0%B9%88+%E0%B9%80%E0%B8%A5%E0%B8%82%E0%B8%97%E0%B8%B5%E0%B9%88+SHOP2-07+%E0%B8%8A%E0%B8%B1%E0%B9%89%E0%B8%99+2+Khwaeng+Makkasan%2C+Khet+Ratchathewi%2C+Krung+Thep+Maha+Nakhon+10400%2C+Thailand&query_place_id=ChIJn1ywRQCf4jARulrWnfg68po
The Oyster bar x Escape Bangkok,"5th floor in the middle of Escape Bangkok, Emquartier 689 Sukhumvit Rd, Khwaeng Khlong Tan Nuea, Watthana, Krung Thep Maha Nakhon 10110, Thailand","5th floor in the middle of Escape Bangkok, Emquartier 689 Sukhumvit Rd, Khwaeng Khlong Tan Nuea, Watthana, Krung Thep Maha Nakhon 10110, Thailand",Owoce morza,Sukhumvit,,5.0,329,"To uznawany za najlepszy w Bangkoku bar z szerokim wyborem świeżych ostryg premium, takich jak słodkawe Boudeuse czy Royale, serwowanych przez profesjonalną i pomocną obsługę. Miejsce wyróżnia się świetną atmosferą, codziennym happy hour oraz niedzielnym bufetem „all you can eat” z winem musującym w cenie. To idealny wybór dla koneserów szukających najwyższej jakości sezonowych smaków, którzy doceniają fachowe doradztwo w doborze idealnej odmiany.",Pon: 5:00 – 11:45 PM | Wt: 5:00 – 11:45 PM | Śr: 5:00 – 11:45 PM | Czw: 5:00 – 11:45 PM | Pt: 5:00 – 11:45 PM | Sob: 5:00 – 11:45 PM | Ndz: 5:00 – 11:45 PM,3.8,6.5,https://www.google.com/maps/search/?api=1&query=5th+floor+in+the+middle+of+Escape+Bangkok%2C+Emquartier+689+Sukhumvit+Rd%2C+Khwaeng+Khlong+Tan+Nuea%2C+Watthana%2C+Krung+Thep+Maha+Nakhon+10110%2C+Thailand&query_place_id=ChIJfw_6Quuf4jARRQGh_eV3gRs
Bar D. Mare,"Maison Hotel Parking 18 Soi Sukhumvit 4, Khwaeng Khlong Toei, Khet Khlong Toei, Krung Thep Maha Nakhon 10110, Thailand","Maison Hotel Parking 18 Soi Sukhumvit 4, Khwaeng Khlong Toei, Khet Khlong Toei, Krung Thep Maha Nakhon 10110, Thailand",Owoce morza,Sukhumvit,,5.0,181,"Bar D. Mare to kameralny bar pod gołym niebem, który wyróżnia się bogatym wyborem niezwykle świeżych ostryg z różnych stron świata oraz doskonałymi makaronami z owocami morza. Goście szczególnie polecają tutejsze wina w przystępnych cenach oraz relaksującą, ogrodową atmosferę z widokiem z dachu. To idealne miejsce na spokojny posiłek, które łączy wysoką jakość produktów z profesjonalną i życzliwą obsługą.",Pon: 5:30 PM – 12:00 AM | Wt: 5:30 PM – 12:00 AM | Śr: 5:30 PM – 12:00 AM | Czw: Closed | Pt: 5:30 PM – 12:00 AM | Sob: 5:30 PM – 12:00 AM | Ndz: 5:30 PM – 12:00 AM,3.3,8.8,https://www.google.com/maps/search/?api=1&query=Maison+Hotel+Parking+18+Soi+Sukhumvit+4%2C+Khwaeng+Khlong+Toei%2C+Khet+Khlong+Toei%2C+Krung+Thep+Maha+Nakhon+10110%2C+Thailand&query_place_id=ChIJw7eAPgCf4jARrJScpgXBGEk
SAOLE.BANGKOK,"11, 7 Soi Thong Lo, Khwaeng Khlong Tan Nuea, Watthana, Krung Thep Maha Nakhon 10110, Thailand","11, 7 Soi Thong Lo, Khwaeng Khlong Tan Nuea, Watthana, Krung Thep Maha Nakhon 10110, Thailand",Owoce morza,Watthana,,4.3,180,"SAOLE.BANGKOK to stylowa restauracja serwująca kuchnię Thai fusion, która wyróżnia się wyjątkowym, przytulnym wystrojem oraz bogatą selekcją win i lodów. Warto zamówić dania z owocami morza, w szczególności mątwę (squid) oraz potrawy serwowane na gorących półmiskach, choć należy spodziewać się dość wysokich cen i intensywnie słonych smaków. Miejsce przyciąga gości relaksującą atmosferą oraz niezwykle profesjonalną i pomocną obsługą.","Pon: 11:30 AM – 2:30 PM, 5:00 – 11:30 PM | Wt: 11:30 AM – 2:30 PM, 5:00 – 11:30 PM | Śr: 11:30 AM – 2:30 PM, 5:00 – 11:30 PM | Czw: 11:30 AM – 2:30 PM, 5:00 – 11:30 PM | Pt: 11:30 AM – 2:30 PM, 5:00 – 11:30 PM | Sob: 11:30 AM – 11:30 PM | Ndz: 11:30 AM – 11:30 PM",3.7,7.2,https://www.google.com/maps/search/?api=1&query=11%2C+7+Soi+Thong+Lo%2C+Khwaeng+Khlong+Tan+Nuea%2C+Watthana%2C+Krung+Thep+Maha+Nakhon+10110%2C+Thailand&query_place_id=ChIJlSvqtF2f4jARZQIAY5R2wzY
Lobster Main Kitchen,"714/7 Sukhumvit Rd, Khwaeng Khlong Tan, Khet Khlong Toei, Krung Thep Maha Nakhon 10110, Thailand","714/7 Sukhumvit Rd, Khwaeng Khlong Tan, Khet Khlong Toei, Krung Thep Maha Nakhon 10110, Thailand",Owoce morza,Sukhumvit,,4.6,164,"Lobster Main Kitchen to ukryte za kawiarnią, nastrojowe miejsce blisko stacji Phrom Phong, które zachwyca gości carpaccio z ryby, krewetkami czosnkowymi oraz doskonałymi makaronami. Restauracja wyróżnia się wyjątkowymi koktajlami na bazie lokalnych składników oraz gościnnością szefowej kuchni, która osobiście przybliża historię każdego dania. To idealny wybór na randkę lub spokojną kolację w stylowym, kameralnym wnętrzu.",Pon: 3:00 – 11:00 PM | Wt: 3:00 – 11:00 PM | Śr: 3:00 – 11:00 PM | Czw: 3:00 – 11:00 PM | Pt: 3:00 – 11:00 PM | Sob: 3:00 – 11:00 PM | Ndz: 3:00 – 11:00 PM,3.9,6.1,https://www.google.com/maps/search/?api=1&query=714%2F7+Sukhumvit+Rd%2C+Khwaeng+Khlong+Tan%2C+Khet+Khlong+Toei%2C+Krung+Thep+Maha+Nakhon+10110%2C+Thailand&query_place_id=ChIJqZFhnUaf4jARG7tWK9JH-VA
Eat Am Are Good Steak,"ชั้น 3 ห้องเลขที่ 318, Phaya Thai Rd, Khwaeng Thanon Phaya Thai, Khet Ratchathewi, Krung Thep Maha Nakhon 10400, Thailand","ชั้น 3 ห้องเลขที่ 318, Phaya Thai Rd, Khwaeng Thanon Phaya Thai, Khet Ratchathewi, Krung Thep Maha Nakhon 10400, Thailand",Steki,Ratchathewi,$$$,4.5,4401,"Restauracja słynie z ogromnych porcji i doskonałego stosunku jakości do ceny, a goście szczególnie polecają dobrze zamarynowaną wieprzowinę serwowaną z tostem serowym oraz sałatkę som tum. Warto spróbować również wyśmienitego ciasta czekoladowego, pamiętając, że dania są na tyle duże, że najlepiej dzielić je z innymi. To przestronne miejsce z miłą obsługą i sprawną kolejką, które idealnie nadaje się na wspólny posiłek z rodziną lub przyjaciółmi.",Pon: 10:30 AM – 9:00 PM | Wt: 10:30 AM – 9:00 PM | Śr: 10:30 AM – 9:00 PM | Czw: 10:30 AM – 9:00 PM | Pt: 10:30 AM – 9:00 PM | Sob: 10:30 AM – 9:00 PM | Ndz: 10:30 AM – 9:00 PM,4.0,12.4,https://www.google.com/maps/search/?api=1&query=%E0%B8%8A%E0%B8%B1%E0%B9%89%E0%B8%99+3+%E0%B8%AB%E0%B9%89%E0%B8%AD%E0%B8%87%E0%B9%80%E0%B8%A5%E0%B8%82%E0%B8%97%E0%B8%B5%E0%B9%88+318%2C+Phaya+Thai+Rd%2C+Khwaeng+Thanon+Phaya+Thai%2C+Khet+Ratchathewi%2C+Krung+Thep+Maha+Nakhon+10400%2C+Thailand&query_place_id=ChIJi4NRoWmf4jAR7fnFMDWA5YA
El Gaucho Sukhumvit Soi 19,"8 Soi Sukhumvit 19, Khwaeng Khlong Toei Nuea, Watthana, Krung Thep Maha Nakhon 10110, Thailand","8 Soi Sukhumvit 19, Khwaeng Khlong Toei Nuea, Watthana, Krung Thep Maha Nakhon 10110, Thailand",Steki,Sukhumvit,$$$$$,4.4,3699,Elegant steakhouse offering a menu of high-end classics like Angus beef & seafood.,Pon: 11:00 AM – 12:00 AM | Wt: 11:00 AM – 12:00 AM | Śr: 11:00 AM – 12:00 AM | Czw: 11:00 AM – 12:00 AM | Pt: 11:00 AM – 12:00 AM | Sob: 11:00 AM – 12:00 AM | Ndz: 11:00 AM – 12:00 AM,2.7,7.8,https://www.google.com/maps/search/?api=1&query=8+Soi+Sukhumvit+19%2C+Khwaeng+Khlong+Toei+Nuea%2C+Watthana%2C+Krung+Thep+Maha+Nakhon+10110%2C+Thailand&query_place_id=ChIJawNSmOOe4jARQHZhlWwGK_o
Cocotte Farm Roast & Winery,"39 Soi Sukhumvit 39, Khwaeng Khlong Tan Nuea, Watthana, Krung Thep Maha Nakhon 10110, Thailand","39 Soi Sukhumvit 39, Khwaeng Khlong Tan Nuea, Watthana, Krung Thep Maha Nakhon 10110, Thailand",Steki,Sukhumvit,$$$$$,4.5,2129,"Choice steaks & wines served in a buzzy, hip setting with an open kitchen & outdoor seating.",Pon: 11:00 AM – 11:00 PM | Wt: 11:00 AM – 11:00 PM | Śr: 11:00 AM – 11:00 PM | Czw: 11:00 AM – 11:00 PM | Pt: 11:00 AM – 12:00 AM | Sob: 11:00 AM – 12:00 AM | Ndz: 11:00 AM – 11:00 PM,3.0,7.4,https://www.google.com/maps/search/?api=1&query=39+Soi+Sukhumvit+39%2C+Khwaeng+Khlong+Tan+Nuea%2C+Watthana%2C+Krung+Thep+Maha+Nakhon+10110%2C+Thailand&query_place_id=ChIJifg9vP6e4jAR8DsK29WtkmI
El Toro Steakhouse Bangkok,"541 Sukhumvit Rd, Khwaeng Khlong Toei Nuea, Watthana, Krung Thep Maha Nakhon 10110, Thailand","541 Sukhumvit Rd, Khwaeng Khlong Toei Nuea, Watthana, Krung Thep Maha Nakhon 10110, Thailand",Steki,Sukhumvit,$$$$,4.4,1750,Classic steaks & sides are matched by a robust drink menu at this relaxed Argentinian eatery.,Pon: 11:00 AM – 11:30 PM | Wt: 11:00 AM – 11:30 PM | Śr: 11:00 AM – 11:30 PM | Czw: 11:00 AM – 11:30 PM | Pt: 11:00 AM – 11:30 PM | Sob: 11:00 AM – 11:30 PM | Ndz: 11:00 AM – 11:30 PM,3.1,7.0,https://www.google.com/maps/search/?api=1&query=541+Sukhumvit+Rd%2C+Khwaeng+Khlong+Toei+Nuea%2C+Watthana%2C+Krung+Thep+Maha+Nakhon+10110%2C+Thailand&query_place_id=ChIJoVRpIOSe4jARVAPJj01Oy0U
Steak Lao,"ซอยอุดมสุข 16 Bang Na Nuea, Khet Bang Na, Krung Thep Maha Nakhon 10260, Thailand","ซอยอุดมสุข 16 Bang Na Nuea, Khet Bang Na, Krung Thep Maha Nakhon 10260, Thailand",Steki,Bang Na,$$$,4.3,953,"Steak Lao to popularna wśród lokalnych mieszkańców restauracja serwująca autentyczne dania kuchni tajskiej, takie jak curry z kraba, duszony boczek w pięciu smakach czy omlet z ostrygami. Mimo mylącej nazwy, miejsce wyróżnia się przystępnymi cenami oraz bogatym menu, w którym goście szczególnie polecają również makaron z krewetkami i pikantne dipy. Warto jednak pamiętać, że poziom obsługi bywa zmienny, a opinie na temat świeżości serwowanych sałatek są podzielone.",Pon: 10:30 AM – 9:00 PM | Wt: 10:30 AM – 9:00 PM | Śr: 10:30 AM – 9:00 PM | Czw: 10:30 AM – 9:00 PM | Pt: 10:30 AM – 9:00 PM | Sob: 10:30 AM – 9:00 PM | Ndz: 10:30 AM – 9:00 PM,11.6,1.7,https://www.google.com/maps/search/?api=1&query=%E0%B8%8B%E0%B8%AD%E0%B8%A2%E0%B8%AD%E0%B8%B8%E0%B8%94%E0%B8%A1%E0%B8%AA%E0%B8%B8%E0%B8%82+16+Bang+Na+Nuea%2C+Khet+Bang+Na%2C+Krung+Thep+Maha+Nakhon+10260%2C+Thailand&query_place_id=ChIJJzJhuAag4jARAyDX45CQdJc
Penthouse Bar + Grill,"34th - 36th Floor, Park Hyatt Bangkok, 88 ถ. วิทยุ แขวงลุมพินี เขตปทุมวัน กรุงเทพมหานคร 10330, Thailand","34th - 36th Floor, Park Hyatt Bangkok, 88 ถ. วิทยุ แขวงลุมพินี เขตปทุมวัน กรุงเทพมหานคร 10330, Thailand",Steki,,,4.6,941,"Penthouse Bar + Grill to eleganckie miejsce w stylu modern art deco z oszałamiającym widokiem na miasto, słynące z wyśmienitych steków Takeda Wagyu i Oguma Striploin oraz świeżych owoców morza, takich jak przegrzebki Hokkaido czy ostrygi. Goście szczególnie polecają tutejsze zestawy lunchowe, sałatkę z bekonem oraz autorskie koktajle, podkreślając przy tym niezwykle profesjonalną i przyjazną obsługę.","Pon: 12:00 – 3:00 PM, 5:30 PM – 12:00 AM | Wt: 12:00 – 3:00 PM, 5:30 PM – 12:00 AM | Śr: 12:00 – 3:00 PM, 5:30 PM – 12:00 AM | Czw: 12:00 – 3:00 PM, 5:30 PM – 12:00 AM | Pt: 12:00 – 3:00 PM, 5:30 PM – 12:00 AM | Sob: 12:00 – 3:00 PM, 5:30 PM – 12:00 AM | Ndz: 11:30 AM – 3:00 PM, 5:30 PM – 12:00 AM",3.4,9.6,https://www.google.com/maps/search/?api=1&query=34th+-+36th+Floor%2C+Park+Hyatt+Bangkok%2C+88+%E0%B8%96.+%E0%B8%A7%E0%B8%B4%E0%B8%97%E0%B8%A2%E0%B8%B8+%E0%B9%81%E0%B8%82%E0%B8%A7%E0%B8%87%E0%B8%A5%E0%B8%B8%E0%B8%A1%E0%B8%9E%E0%B8%B4%E0%B8%99%E0%B8%B5+%E0%B9%80%E0%B8%82%E0%B8%95%E0%B8%9B%E0%B8%97%E0%B8%B8%E0%B8%A1%E0%B8%A7%E0%B8%B1%E0%B8%99+%E0%B8%81%E0%B8%A3%E0%B8%B8%E0%B8%87%E0%B9%80%E0%B8%97%E0%B8%9E%E0%B8%A1%E0%B8%AB%E0%B8%B2%E0%B8%99%E0%B8%84%E0%B8%A3+10330%2C+Thailand&query_place_id=ChIJofdvmNye4jARlv5unoZTqP4
Harrison Steak & Burger,"159 Thanon Udom Suk, Bang Na Nuea, Khet Bang Na, Krung Thep Maha Nakhon 10260, Thailand","159 Thanon Udom Suk, Bang Na Nuea, Khet Bang Na, Krung Thep Maha Nakhon 10260, Thailand",Steki,Bang Na,,4.8,793,"Harrison Steak & Burger to uznawane za najlepsze w okolicy miejsce na pyszne burgery i steki w bardzo przystępnych cenach. Goście szczególnie polecają sycący „3 steak burger” oraz chwalą duże porcje i niezwykle przyjazną obsługę. Lokal mieści się w urokliwym budynku i stanowi świetną alternatywę dla sąsiednich restauracji z tajskim BBQ, choć przed wizytą warto potwierdzić telefonicznie dostępność dań z menu.","Pon: 12:00 – 2:00 PM, 5:00 – 10:00 PM | Wt: 12:00 – 2:00 PM, 5:00 – 10:00 PM | Śr: 12:00 – 2:00 PM, 5:00 – 10:00 PM | Czw: 12:00 – 2:00 PM, 5:00 – 10:00 PM | Pt: 12:00 – 2:00 PM, 5:00 – 10:00 PM | Sob: 12:00 – 2:00 PM, 5:00 – 10:00 PM | Ndz: 12:00 – 2:00 PM, 5:00 – 10:00 PM",12.4,2.5,https://www.google.com/maps/search/?api=1&query=159+Thanon+Udom+Suk%2C+Bang+Na+Nuea%2C+Khet+Bang+Na%2C+Krung+Thep+Maha+Nakhon+10260%2C+Thailand&query_place_id=ChIJG6noGZmf4jARuLfyvoFlTpk
Nami Teppanyaki Steakhouse,"JW Marriott Hotel Bangkok, 4 Sukhumvit Rd, Khwaeng Khlong Toei, Khet Khlong Toei, Krung Thep Maha Nakhon 10110, Thailand","JW Marriott Hotel Bangkok, 4 Sukhumvit Rd, Khwaeng Khlong Toei, Khet Khlong Toei, Krung Thep Maha Nakhon 10110, Thailand",Steki,Sukhumvit,$$$$$,4.7,787,"Nami Teppanyaki Steakhouse wyróżnia się widowiskowymi pokazami kulinarnymi oraz niezwykle pomocną obsługą, która dba o świetną atmosferę podczas celebracji urodzin czy posiłków w gronie rodzinnym. Warto zamówić polecany koktajl Umeshu Special oraz dania przygotowywane ze świeżych składników, które serwowane są z szerokim wyborem autorskich sosów. Miejsce jest cenione za profesjonalne podejście do potrzeb dietetycznych (np. dań bezglutenowych) oraz angażujący styl pracy szefów kuchni, takich jak Chef Sawat.","Pon: 11:30 AM – 2:30 PM, 5:30 – 10:00 PM | Wt: 11:30 AM – 2:30 PM, 5:30 – 10:00 PM | Śr: 11:30 AM – 2:30 PM, 5:30 – 10:00 PM | Czw: 11:30 AM – 2:30 PM, 5:30 – 10:00 PM | Pt: 11:30 AM – 2:30 PM, 5:30 – 10:00 PM | Sob: 11:30 AM – 3:30 PM, 5:30 – 10:00 PM | Ndz: 11:30 AM – 3:30 PM, 5:30 – 10:00 PM",3.3,8.9,https://www.google.com/maps/search/?api=1&query=JW+Marriott+Hotel+Bangkok%2C+4+Sukhumvit+Rd%2C+Khwaeng+Khlong+Toei%2C+Khet+Khlong+Toei%2C+Krung+Thep+Maha+Nakhon+10110%2C+Thailand&query_place_id=ChIJq6rFh92e4jAROCocLoU4pSc
New York Steakhouse,"JW Marriott Hotel Bangkok, 4 Sukhumvit Rd, Khwaeng Khlong Toei, Khet Khlong Toei, Krung Thep Maha Nakhon 10110, Thailand","JW Marriott Hotel Bangkok, 4 Sukhumvit Rd, Khwaeng Khlong Toei, Khet Khlong Toei, Krung Thep Maha Nakhon 10110, Thailand",Steki,Sukhumvit,$$$$$,4.7,787,"To eleganckie miejsce oferuje klasyczne doświadczenie steakhouse’u, wyróżniając się wybitną obsługą oraz takimi specjałami jak soczysty prime rib, tatar wołowy czy ślimaki w maśle czosnkowym. Goście szczególnie polecają sałatkę Caesar przygotowywaną bezpośrednio przy stoliku i chwalą ciepłą atmosferę, która sprzyja zarówno rodzinnym obiadom, jak i randkom.",Pon: 5:30 – 11:00 PM | Wt: 5:30 – 11:00 PM | Śr: 5:30 – 11:00 PM | Czw: 5:30 – 11:00 PM | Pt: 5:30 – 11:00 PM | Sob: 5:30 – 11:00 PM | Ndz: 5:30 – 11:00 PM,3.3,8.9,https://www.google.com/maps/search/?api=1&query=JW+Marriott+Hotel+Bangkok%2C+4+Sukhumvit+Rd%2C+Khwaeng+Khlong+Toei%2C+Khet+Khlong+Toei%2C+Krung+Thep+Maha+Nakhon+10110%2C+Thailand&query_place_id=ChIJ89sOht2e4jARoF6kktUutfk
The Steak & More ทรู ดิจิทัล พาร์ค,"True Digital Park, 101 ถนน สุขุมวิท 101/1 Khwaeng Bang Chak, Khet Phra Khanong, Krung Thep Maha Nakhon 10260, Thailand","True Digital Park, 101 ถนน สุขุมวิท 101/1 Khwaeng Bang Chak, Khet Phra Khanong, Krung Thep Maha Nakhon 10260, Thailand",Steki,Phra Khanong,,4.6,738,"The Steak & More to lokal o świetnym stosunku jakości do ceny, który wyróżnia się łączeniem zachodnich steków z wyrazistymi tajskimi akcentami, takimi jak smaczna sałatka somtum. Warto zamówić szczególnie polecany, soczysty stek wieprzowy lub dobrze zamarynowanego kurczaka w zestawie z chrupiącymi potato pops i opcją nielimitowanych napojów. Całości dopełnia nowoczesna, relaksująca atmosfera oraz niezwykle przyjazna i uważna obsługa.",Pon: 10:00 AM – 10:00 PM | Wt: 10:00 AM – 10:00 PM | Śr: 10:00 AM – 10:00 PM | Czw: 10:00 AM – 10:00 PM | Pt: 10:00 AM – 10:00 PM | Sob: 10:00 AM – 10:00 PM | Ndz: 10:00 AM – 10:00 PM,10.6,0.7,https://www.google.com/maps/search/?api=1&query=True+Digital+Park%2C+101+%E0%B8%96%E0%B8%99%E0%B8%99+%E0%B8%AA%E0%B8%B8%E0%B8%82%E0%B8%B8%E0%B8%A1%E0%B8%A7%E0%B8%B4%E0%B8%97+101%2F1+Khwaeng+Bang+Chak%2C+Khet+Phra+Khanong%2C+Krung+Thep+Maha+Nakhon+10260%2C+Thailand&query_place_id=ChIJXanQIQCh4jARKNQFwUkIqB8
El Gaucho Sukhumvit Soi 11,"Mercure Hotel Chaiyos, 18 Soi Sukhumvit 11, North, Khet Khlong Toei, Krung Thep Maha Nakhon 10110, Thailand","Mercure Hotel Chaiyos, 18 Soi Sukhumvit 11, North, Khet Khlong Toei, Krung Thep Maha Nakhon 10110, Thailand",Steki,Sukhumvit,$$$$$,4.5,518,Elegant steakhouse offering a menu of high-end classics like Angus beef & seafood.,Pon: 11:00 AM – 11:30 PM | Wt: 11:00 AM – 11:30 PM | Śr: 11:00 AM – 11:30 PM | Czw: 11:00 AM – 11:30 PM | Pt: 11:00 AM – 11:30 PM | Sob: 11:00 AM – 11:30 PM | Ndz: 11:00 AM – 11:30 PM,3.0,8.6,https://www.google.com/maps/search/?api=1&query=Mercure+Hotel+Chaiyos%2C+18+Soi+Sukhumvit+11%2C+North%2C+Khet+Khlong+Toei%2C+Krung+Thep+Maha+Nakhon+10110%2C+Thailand&query_place_id=ChIJfaCAa-ae4jARRiMU9kEVa44
Ox & Embers - Steak Club & Cellar,"68/2 Soi Sukhumvit 20, Khwaeng Khlong Toei, Khet Khlong Toei, Krung Thep Maha Nakhon 10110, Thailand","68/2 Soi Sukhumvit 20, Khwaeng Khlong Toei, Khet Khlong Toei, Krung Thep Maha Nakhon 10110, Thailand",Steki,Sukhumvit,,4.8,457,"Ox & Embers to eleganckie miejsce słynące z doskonałych steków z grilla Josper (szczególnie australijskiego ribeye), kremowej carbonary oraz wyjątkowego uni na toście. Restauracja wyróżnia się stylową atmosferą i profesjonalną obsługą, a wieczory często urozmaicają występy muzyczne na żywo, co czyni ją idealnym wyborem na specjalne okazje. Warto spróbować także tutejszej chrupiącej focacci oraz dopracowanych, zbalansowanych koktajli z szerokiej karty alkoholi.",Pon: 4:00 PM – 12:00 AM | Wt: 4:00 PM – 12:00 AM | Śr: 4:00 PM – 12:00 AM | Czw: 4:00 PM – 12:00 AM | Pt: 4:00 PM – 12:00 AM | Sob: 12:00 PM – 12:00 AM | Ndz: 12:00 PM – 12:00 AM,3.5,7.7,https://www.google.com/maps/search/?api=1&query=68%2F2+Soi+Sukhumvit+20%2C+Khwaeng+Khlong+Toei%2C+Khet+Khlong+Toei%2C+Krung+Thep+Maha+Nakhon+10110%2C+Thailand&query_place_id=ChIJdVte1VCf4jARw6kDNtknrEs
Rib Room & Bar Steakhouse,"138 Sukhumvit Rd, Khwaeng Khlong Toei, Khet Khlong Toei, Krung Thep Maha Nakhon 10110, Thailand","138 Sukhumvit Rd, Khwaeng Khlong Toei, Khet Khlong Toei, Krung Thep Maha Nakhon 10110, Thailand",Steki,Sukhumvit,,4.7,437,"Zlokalizowany na 31. piętrze lokal słynie z doskonałych steków (m.in. Wagyu A5 i Angus), bisque z homara oraz świeżych ryb, którym towarzyszy imponująca panorama Bangkoku. Miejsce wyróżnia się elegancką atmosferą i widowiskowym serwisem, podczas którego dania, takie jak sałatka Cezar, są przygotowywane z polotem bezpośrednio przy stoliku gościa. To idealny wybór na wyjątkową okazję, łączący wysokiej jakości składniki z profesjonalną, pięciogwiazdkową obsługą.",Pon: 6:00 – 11:00 PM | Wt: 6:00 – 11:00 PM | Śr: 6:00 – 11:00 PM | Czw: 6:00 – 11:00 PM | Pt: 6:00 – 11:00 PM | Sob: 6:00 – 11:00 PM | Ndz: 6:00 – 11:00 PM,3.2,8.6,https://www.google.com/maps/search/?api=1&query=138+Sukhumvit+Rd%2C+Khwaeng+Khlong+Toei%2C+Khet+Khlong+Toei%2C+Krung+Thep+Maha+Nakhon+10110%2C+Thailand&query_place_id=ChIJcUXDZOOe4jARL7XP8h17Or0
Coals Steakhouse and Bar,"199, 3 Sukhumvit Rd, Khwaeng Khlong Toei Nuea, Watthana, Krung Thep Maha Nakhon 10110, Thailand","199, 3 Sukhumvit Rd, Khwaeng Khlong Toei Nuea, Watthana, Krung Thep Maha Nakhon 10110, Thailand",Steki,Sukhumvit,,4.6,266,"Coals Steakhouse wyróżnia się perfekcyjnie przyrządzonymi stekami o dymnym aromacie, w szczególności Tomahawk Wagyu, oraz wyśmienitym combrem jagnięcym (lamb rack) z sosem grzybowym. Goście chwalą profesjonalną, ciepłą obsługę i romantyczną atmosferę, polecając również świeżo pieczone pieczywo z aksamitnym masłem oraz wysokiej klasy koktajle. To miejsce o bardzo dobrym stosunku jakości do ceny, idealne na spokojną i elegancką kolację.",Pon: 12:00 PM – 12:00 AM | Wt: 12:00 PM – 12:00 AM | Śr: 12:00 PM – 12:00 AM | Czw: 12:00 PM – 12:00 AM | Pt: 12:00 PM – 12:00 AM | Sob: 12:00 PM – 12:00 AM | Ndz: 12:00 PM – 12:00 AM,2.8,7.9,https://www.google.com/maps/search/?api=1&query=199%2C+3+Sukhumvit+Rd%2C+Khwaeng+Khlong+Toei+Nuea%2C+Watthana%2C+Krung+Thep+Maha+Nakhon+10110%2C+Thailand&query_place_id=ChIJufNdkROf4jARbG7x3rd1d1c
Beastie,"149 Rimtangrodfai-sai Paet-Riu Rd, แขวงบางกะปิ เขตห้วยขวาง กรุงเทพมหานคร 10310, Thailand","149 Rimtangrodfai-sai Paet-Riu Rd, แขวงบางกะปิ เขตห้วยขวาง กรุงเทพมหานคร 10310, Thailand",Steki,,,4.8,238,"Beastie to stylowy steakhouse w Bangkoku, który słynie z perfekcyjnie przyrządzonych steków oraz wyjątkowej, profesjonalnej obsługi doradzającej w wyborze mięs i sosów. Warto spróbować tu przede wszystkim niezwykle delikatnych tacos z ogonem i ozorem wołowym oraz domowego ciasta czekoladowego lava cake na deser. Całość dopełnia elegancki wystrój z otwartą kuchnią, dzięki której goście mogą podziwiać pracę kucharzy.",Pon: Closed | Wt: 5:30 – 11:00 PM | Śr: 5:30 – 11:00 PM | Czw: 5:30 – 11:00 PM | Pt: 5:30 – 11:00 PM | Sob: 5:30 – 11:00 PM | Ndz: 5:30 – 11:00 PM,1.9,8.7,https://www.google.com/maps/search/?api=1&query=149+Rimtangrodfai-sai+Paet-Riu+Rd%2C+%E0%B9%81%E0%B8%82%E0%B8%A7%E0%B8%87%E0%B8%9A%E0%B8%B2%E0%B8%87%E0%B8%81%E0%B8%B0%E0%B8%9B%E0%B8%B4+%E0%B9%80%E0%B8%82%E0%B8%95%E0%B8%AB%E0%B9%89%E0%B8%A7%E0%B8%A2%E0%B8%82%E0%B8%A7%E0%B8%B2%E0%B8%87+%E0%B8%81%E0%B8%A3%E0%B8%B8%E0%B8%87%E0%B9%80%E0%B8%97%E0%B8%9E%E0%B8%A1%E0%B8%AB%E0%B8%B2%E0%B8%99%E0%B8%84%E0%B8%A3+10310%2C+Thailand&query_place_id=ChIJ674Ti6-f4jAR1BpJJcG7KKE
THAAN CHARCOAL COOKING,"68/6 Sukhumvit 31 Yaek 4, Khwaeng Khlong Tan Nuea, Watthana, Krung Thep Maha Nakhon 10110, Thailand","68/6 Sukhumvit 31 Yaek 4, Khwaeng Khlong Tan Nuea, Watthana, Krung Thep Maha Nakhon 10110, Thailand",Steki,Sukhumvit,,4.4,231,"THAAN CHARCOAL COOKING to nastrojowe miejsce idealne na romantyczną kolację, słynące z doskonałych steków Wagyu, ryb z grilla oraz wyjątkowego smażonego ryżu z wołowiną, po który klienci chętnie wracają. Restauracja wyróżnia się nienaganną obsługą oraz serwowanym na start chlebem na zakwasie z unikalnym masłem węglowym, który jest hitem wśród odwiedzających. Goście mogą wybierać między menu degustacyjnym a daniami a la carte, takimi jak sukiyaki z wołowiną A5 czy wykwintne brioche z owocami morza.",Pon: Closed | Wt: 5:30 – 11:00 PM | Śr: 5:30 – 11:00 PM | Czw: 5:30 – 11:00 PM | Pt: 5:30 – 11:00 PM | Sob: 5:30 – 11:00 PM | Ndz: 5:30 – 11:00 PM,2.4,7.8,https://www.google.com/maps/search/?api=1&query=68%2F6+Sukhumvit+31+Yaek+4%2C+Khwaeng+Khlong+Tan+Nuea%2C+Watthana%2C+Krung+Thep+Maha+Nakhon+10110%2C+Thailand&query_place_id=ChIJe_Wsx_ue4jARyD8KTWduB_E
Normal Steak ห้วยขวาง,"70 Thanon Pracha Rat Bamphen, Khwaeng Huai Khwang, Khet Huai Khwang, Krung Thep Maha Nakhon 10310, Thailand","70 Thanon Pracha Rat Bamphen, Khwaeng Huai Khwang, Khet Huai Khwang, Krung Thep Maha Nakhon 10310, Thailand",Steki,Huai Khwang,,4.5,215,"Ten popularny lokal w Huai Khwang słynie z doskonałej kaczki Manhattan oraz soczystych steków i kotletów wieprzowych w bardzo przystępnych cenach. Wyjątkowym atutem są darmowe, nielimitowane dolewki napojów oraz chrupiące tosty serowe serwowane bez ograniczeń do każdego zamówienia. Choć restauracja jest kameralna, przyciąga gości wysoką jakością potraw oraz niezwykle uprzejmą i pomocną obsługą.",Pon: 11:00 AM – 3:00 AM | Wt: 11:00 AM – 3:00 AM | Śr: 11:00 AM – 3:00 AM | Czw: 11:00 AM – 3:00 AM | Pt: 11:00 AM – 3:00 AM | Sob: 11:00 AM – 3:00 AM | Ndz: 11:00 AM – 3:00 AM,3.2,12.7,https://www.google.com/maps/search/?api=1&query=70+Thanon+Pracha+Rat+Bamphen%2C+Khwaeng+Huai+Khwang%2C+Khet+Huai+Khwang%2C+Krung+Thep+Maha+Nakhon+10310%2C+Thailand&query_place_id=ChIJkSx9Arud4jARhVzyXCKqVqM
Meat & More มีทแอนด์มอร์ สเต็ก พาสต้า บาร์บีคิว,"Thanon Udom Suk, Khwaeng Bang Chak, Khet Phra Khanong, Krung Thep Maha Nakhon 10260, Thailand","Thanon Udom Suk, Khwaeng Bang Chak, Khet Phra Khanong, Krung Thep Maha Nakhon 10260, Thailand",Steki,Phra Khanong,,4.8,162,"Meat & More to przytulny lokal w dzielnicy Udom Suk, który szczególnie warto odwiedzić dla wyjątkowo soczystego kurczaka oraz chwalonego makaronu Spicy Aglio Olio. Goście doceniają duże porcje, przystępne ceny oraz świeże dodatki, takie jak zupa kukurydziana, szpinak czy szaszłyki BBQ. Choć opinie o stopniu wysmażenia steków są zróżnicowane, miejsce wyróżnia się bardzo uprzejmą obsługą i sprawną realizacją zamówień.",Pon: 12:00 – 9:30 PM | Wt: 12:00 – 9:30 PM | Śr: 12:00 – 9:30 PM | Czw: 12:00 – 9:30 PM | Pt: 12:00 – 9:30 PM | Sob: 12:00 – 9:30 PM | Ndz: 12:00 – 9:30 PM,13.2,3.3,https://www.google.com/maps/search/?api=1&query=Thanon+Udom+Suk%2C+Khwaeng+Bang+Chak%2C+Khet+Phra+Khanong%2C+Krung+Thep+Maha+Nakhon+10260%2C+Thailand&query_place_id=ChIJAV2jNa9fHTERHHxt8eAhX44
Vampire's Grill,"76, Sukhumvit 49, Khwaeng Khlong Tan Nuea, Watthana, Krung Thep Maha Nakhon 10110, Thailand","76, Sukhumvit 49, Khwaeng Khlong Tan Nuea, Watthana, Krung Thep Maha Nakhon 10110, Thailand",Steki,Sukhumvit,,4.8,146,"Vampire's Grill to wyjątkowe miejsce serwujące dania halal, którego absolutnym hitem jest rozpływający się w ustach, pieczony przez 24 godziny mostek wołowy (brisket) oraz soczyste wędzone żebra. Goście szczególnie polecają jagnięcinę z sosem Jaew, kaczkę w sosie pomarańczowym oraz koktajl Blue sapphire, chwaląc przy tym niezwykle gościnną obsługę i darmowe desery od szefa kuchni. Ze względu na kameralny charakter lokalu i ograniczoną liczbę miejsc, konieczna jest wcześniejsza rezerwacja stolika.",Pon: 11:00 AM – 10:00 PM | Wt: 11:00 AM – 10:00 PM | Śr: 11:00 AM – 10:00 PM | Czw: 11:00 AM – 10:00 PM | Pt: 11:00 AM – 10:00 PM | Sob: 11:00 AM – 10:00 PM | Ndz: 11:00 AM – 10:00 PM,4.0,6.1,https://www.google.com/maps/search/?api=1&query=76%2C+Sukhumvit+49%2C+Khwaeng+Khlong+Tan+Nuea%2C+Watthana%2C+Krung+Thep+Maha+Nakhon+10110%2C+Thailand&query_place_id=ChIJe6xAuxKf4jARKsb-_cxAlqU
T-Rex Steak and Bar,"ตลาดคุณยิ้ม(ตลาดอุดมสุขเดิม 3655 Sukhumvit Rd, บางนา Khet Bang Na, Krung Thep Maha Nakhon 10260, Thailand","ตลาดคุณยิ้ม(ตลาดอุดมสุขเดิม 3655 Sukhumvit Rd, บางนา Khet Bang Na, Krung Thep Maha Nakhon 10260, Thailand",Steki,Sukhumvit,,4.7,144,"T-Rex Steak and Bar to ukryty na targu Udom Suk lokal, który słynie z wyjątkowych autorskich koktajli oraz smacznych steków i zup w bardzo przystępnych cenach. Goście doceniają relaksującą atmosferę z muzyką na żywo w piątki oraz przyjazną obsługę, a dodatkowym atutem jest przystosowanie miejsca dla osób na wózkach. To idealny punkt na niedrogi posiłek i zimne piwo w pobliżu stacji BTS Udom Suk.",Pon: 11:00 AM – 12:00 AM | Wt: 11:00 AM – 12:00 AM | Śr: 11:00 AM – 12:00 AM | Czw: 11:00 AM – 12:00 AM | Pt: 11:00 AM – 12:00 AM | Sob: 11:00 AM – 12:00 AM | Ndz: 11:00 AM – 12:00 AM,11.1,1.2,https://www.google.com/maps/search/?api=1&query=%E0%B8%95%E0%B8%A5%E0%B8%B2%E0%B8%94%E0%B8%84%E0%B8%B8%E0%B8%93%E0%B8%A2%E0%B8%B4%E0%B9%89%E0%B8%A1%28%E0%B8%95%E0%B8%A5%E0%B8%B2%E0%B8%94%E0%B8%AD%E0%B8%B8%E0%B8%94%E0%B8%A1%E0%B8%AA%E0%B8%B8%E0%B8%82%E0%B9%80%E0%B8%94%E0%B8%B4%E0%B8%A1+3655+Sukhumvit+Rd%2C+%E0%B8%9A%E0%B8%B2%E0%B8%87%E0%B8%99%E0%B8%B2+Khet+Bang+Na%2C+Krung+Thep+Maha+Nakhon+10260%2C+Thailand&query_place_id=ChIJn7dtx2-h4jARh339m7mpxwM
Killing Time Bkk,"Soi Thong Lo, Khwaeng Khlong Tan Nuea, Watthana, Krung Thep Maha Nakhon 10110, Thailand","Soi Thong Lo, Khwaeng Khlong Tan Nuea, Watthana, Krung Thep Maha Nakhon 10110, Thailand",Steki,Watthana,,4.9,135,"Killing Time Bkk w dzielnicy Thonglor to stylowy lokal słynący z najwyższej jakości wołowiny Kagoshima wagyu oraz kreatywnych dań fusion, takich jak chrupiący łosoś (Salmon Crunchy) czy Hamburg steak. Goście szczególnie polecają zestaw Wagyu Sampler oraz sushi z wołowiną, które idealnie komponują się z autorskimi koktajlami serwowanymi w eleganckim szkle. Miejsce wyróżnia się świetną atmosferą i profesjonalną obsługą, a dzięki kuchni otwartej do 23:30 jest doskonałym wyborem na późną kolację lub randkę.",Pon: 5:00 PM – 12:00 AM | Wt: 5:00 PM – 12:00 AM | Śr: 5:00 PM – 12:00 AM | Czw: 5:00 PM – 12:00 AM | Pt: 5:00 PM – 12:00 AM | Sob: 5:00 PM – 12:00 AM | Ndz: 5:00 PM – 12:00 AM,4.0,6.4,https://www.google.com/maps/search/?api=1&query=Soi+Thong+Lo%2C+Khwaeng+Khlong+Tan+Nuea%2C+Watthana%2C+Krung+Thep+Maha+Nakhon+10110%2C+Thailand&query_place_id=ChIJY_SS-QOf4jAR50JzjYrcY6w
El Gaucho Sukhumvit Soi 20,"392/12 Sukhumvit Soi 20, Sukhumvit Road, North Klong Toey Sub-District Wattana District, Bangkok 10110 North Klong Toey, แขวงคลองเตย เขตวัฒนา กรุงเทพมหานคร 10110, Thailand","392/12 Sukhumvit Soi 20, Sukhumvit Road, North Klong Toey Sub-District Wattana District, Bangkok 10110 North Klong Toey, แขวงคลองเตย เขตวัฒนา กรุงเทพมหานคร 10110, Thailand",Steki,Sukhumvit,,4.4,38,Elegant steakhouse offering a menu of high-end classics like Angus beef & seafood.,Pon: 11:00 AM – 11:00 PM | Wt: 11:00 AM – 11:00 PM | Śr: 11:00 AM – 11:00 PM | Czw: 11:00 AM – 11:00 PM | Pt: 11:00 AM – 11:00 PM | Sob: 11:00 AM – 11:00 PM | Ndz: 11:00 AM – 11:00 PM,3.0,7.2,https://www.google.com/maps/search/?api=1&query=392%2F12+Sukhumvit+Soi+20%2C+Sukhumvit+Road%2C+North+Klong+Toey+Sub-District+Wattana+District%2C+Bangkok+10110+North+Klong+Toey%2C+%E0%B9%81%E0%B8%82%E0%B8%A7%E0%B8%87%E0%B8%84%E0%B8%A5%E0%B8%AD%E0%B8%87%E0%B9%80%E0%B8%95%E0%B8%A2+%E0%B9%80%E0%B8%82%E0%B8%95%E0%B8%A7%E0%B8%B1%E0%B8%92%E0%B8%99%E0%B8%B2+%E0%B8%81%E0%B8%A3%E0%B8%B8%E0%B8%87%E0%B9%80%E0%B8%97%E0%B8%9E%E0%B8%A1%E0%B8%AB%E0%B8%B2%E0%B8%99%E0%B8%84%E0%B8%A3+10110%2C+Thailand&query_place_id=ChIJUyeCB8mf4jARELi-ukmza-s
Aroi Sushi,"40 Soi New Phetchaburi, เเขวงบางกะปิ Khet Huai Khwang, Krung Thep Maha Nakhon 10310, Thailand","40 Soi New Phetchaburi, เเขวงบางกะปิ Khet Huai Khwang, Krung Thep Maha Nakhon 10310, Thailand",Sushi,Huai Khwang,$$$,4.3,1925,"Aroi Sushi to nowoczesna restauracja z bogatym bufetem, która wyróżnia się świeżym sashimi oraz doskonałym stosunkiem jakości do ceny. Warto zamówić zwłaszcza gyoza oraz sashimi z przegrzebków (hotate), a goście szczególnie chwalą darmową zupę miso i napoje wliczone w cenę zestawu. Ze względu na dużą popularność i sprawną obsługę, najlepiej odwiedzić to miejsce już około godziny 11:00, aby uniknąć tłumów.",Pon: 11:00 AM – 10:00 PM | Wt: 11:00 AM – 10:00 PM | Śr: 11:00 AM – 10:00 PM | Czw: 11:00 AM – 10:00 PM | Pt: 11:00 AM – 10:00 PM | Sob: 11:00 AM – 10:00 PM | Ndz: 11:00 AM – 10:00 PM,2.9,7.6,https://www.google.com/maps/search/?api=1&query=40+Soi+New+Phetchaburi%2C+%E0%B9%80%E0%B9%80%E0%B8%82%E0%B8%A7%E0%B8%87%E0%B8%9A%E0%B8%B2%E0%B8%87%E0%B8%81%E0%B8%B0%E0%B8%9B%E0%B8%B4+Khet+Huai+Khwang%2C+Krung+Thep+Maha+Nakhon+10310%2C+Thailand&query_place_id=ChIJS3jasVqe4jARB3lcX4YGz78
Honmono,"บริษัท ฮอนโมโน กรุ๊ป จำกัด สำนักงานใหญ่, 19 Soi Luean Oranop, Khwaeng Khlong Tan Nuea, Watthana, Krung Thep Maha Nakhon 10110, Thailand","บริษัท ฮอนโมโน กรุ๊ป จำกัด สำนักงานใหญ่, 19 Soi Luean Oranop, Khwaeng Khlong Tan Nuea, Watthana, Krung Thep Maha Nakhon 10110, Thailand",Sushi,Watthana,,4.5,663,"Honmono to restauracja słynąca z wyjątkowo świeżych owoców morza, w której warto zamówić kremowe uni, homara oraz wysokiej jakości sashimi. Goście doceniają również soczystą wołowinę wagyu z gorącej płyty, sycące foie gras don oraz dostępność prywatnych sal idealnych na spotkania w większych grupach. Miejsce wyróżnia się dbałością o jakość składników i profesjonalną obsługą, a członkowie programu VIP mogą liczyć na 20% zniżki na dania z karty.",Pon: 10:00 AM – 11:00 PM | Wt: 10:00 AM – 11:00 PM | Śr: 10:00 AM – 11:00 PM | Czw: 10:00 AM – 11:00 PM | Pt: 10:00 AM – 11:00 PM | Sob: 10:00 AM – 11:00 PM | Ndz: 10:00 AM – 11:00 PM,3.7,6.9,https://www.google.com/maps/search/?api=1&query=%E0%B8%9A%E0%B8%A3%E0%B8%B4%E0%B8%A9%E0%B8%B1%E0%B8%97+%E0%B8%AE%E0%B8%AD%E0%B8%99%E0%B9%82%E0%B8%A1%E0%B9%82%E0%B8%99+%E0%B8%81%E0%B8%A3%E0%B8%B8%E0%B9%8A%E0%B8%9B+%E0%B8%88%E0%B8%B3%E0%B8%81%E0%B8%B1%E0%B8%94+%E0%B8%AA%E0%B8%B3%E0%B8%99%E0%B8%B1%E0%B8%81%E0%B8%87%E0%B8%B2%E0%B8%99%E0%B9%83%E0%B8%AB%E0%B8%8D%E0%B9%88%2C+19+Soi+Luean+Oranop%2C+Khwaeng+Khlong+Tan+Nuea%2C+Watthana%2C+Krung+Thep+Maha+Nakhon+10110%2C+Thailand&query_place_id=ChIJs4QERFOe4jARjqhHjl2iG0g
Golden State Vegan Restaurant,"3rd Floor RR Space, Soi Sukhumvit 33, Khwaeng Khlong Tan Nuea, Watthana, Krung Thep Maha Nakhon 10110, Thailand","3rd Floor RR Space, Soi Sukhumvit 33, Khwaeng Khlong Tan Nuea, Watthana, Krung Thep Maha Nakhon 10110, Thailand",Sushi,Sukhumvit,,4.7,599,"Golden State Vegan to stylowe miejsce w Bangkoku o nowoczesnym, kolorowym wystroju retro, gdzie wieczorną atmosferę podkreśla muzyka grana przez DJ-a. Restauracja słynie z kreatywnego sushi fusion, a flagowym daniem wartym zamówienia jest imponujący półmisek „Tokyo Tower” z różnorodnymi rolkami i sushi tacos. Goście doceniają również świeże składniki, autorskie koktajle oraz wyjątkowo przyjazną i pomocną obsługę.",Pon: 12:00 PM – 12:00 AM | Wt: 12:00 PM – 12:00 AM | Śr: 12:00 PM – 12:00 AM | Czw: 12:00 PM – 12:00 AM | Pt: 12:00 PM – 12:00 AM | Sob: 12:00 PM – 12:00 AM | Ndz: 12:00 PM – 12:00 AM,3.5,6.7,https://www.google.com/maps/search/?api=1&query=3rd+Floor+RR+Space%2C+Soi+Sukhumvit+33%2C+Khwaeng+Khlong+Tan+Nuea%2C+Watthana%2C+Krung+Thep+Maha+Nakhon+10110%2C+Thailand&query_place_id=ChIJ8e0G7Uef4jARiMCkls73fhA
Seki hand roll and sushi bar,"G Floor, EmSphere, 628 ถ. สุขุมวิท แขวงคลองตัน เขตคลองเตย กรุงเทพมหานคร 10110, Thailand","G Floor, EmSphere, 628 ถ. สุขุมวิท แขวงคลองตัน เขตคลองเตย กรุงเทพมหานคร 10110, Thailand",Sushi,,,4.9,465,"Seki hand roll and sushi bar oferuje wysokiej jakości sushi i hand rolle w przystępnych cenach, serwowane przy eleganckim barze w sercu food courtu. Klienci szczególnie polecają zestaw „Seki course”, wędzone chutoro rozpływające się w ustach oraz wyjątkowo świeże uni (jeżowca) w bardzo atrakcyjnej cenie. Miejsce wyróżnia się błyskawiczną obsługą, kreatywnymi połączeniami składników (np. engawa z truflą) oraz serwowaną do zestawów nielimitowaną, pyszna zupą.",Pon: 10:00 AM – 10:00 PM | Wt: 10:00 AM – 10:00 PM | Śr: 10:00 AM – 10:00 PM | Czw: 10:00 AM – 10:00 PM | Pt: 10:00 AM – 10:00 PM | Sob: 10:00 AM – 10:00 PM | Ndz: 10:00 AM – 10:00 PM,3.4,6.8,https://www.google.com/maps/search/?api=1&query=G+Floor%2C+EmSphere%2C+628+%E0%B8%96.+%E0%B8%AA%E0%B8%B8%E0%B8%82%E0%B8%B8%E0%B8%A1%E0%B8%A7%E0%B8%B4%E0%B8%97+%E0%B9%81%E0%B8%82%E0%B8%A7%E0%B8%87%E0%B8%84%E0%B8%A5%E0%B8%AD%E0%B8%87%E0%B8%95%E0%B8%B1%E0%B8%99+%E0%B9%80%E0%B8%82%E0%B8%95%E0%B8%84%E0%B8%A5%E0%B8%AD%E0%B8%87%E0%B9%80%E0%B8%95%E0%B8%A2+%E0%B8%81%E0%B8%A3%E0%B8%B8%E0%B8%87%E0%B9%80%E0%B8%97%E0%B8%9E%E0%B8%A1%E0%B8%AB%E0%B8%B2%E0%B8%99%E0%B8%84%E0%B8%A3+10110%2C+Thailand&query_place_id=ChIJ_zFMKMef4jARTV8wZWsdvxY
Sushi Zo,"63 Thanon Witthayu, Khwaeng Lumphini, Pathum Wan, Krung Thep Maha Nakhon 10330, Thailand","63 Thanon Witthayu, Khwaeng Lumphini, Pathum Wan, Krung Thep Maha Nakhon 10330, Thailand",Sushi,Pathum Wan,,4.8,332,"Sushi Zo to uznawane za jedno z najlepszych w Bangkoku miejsc na omakase, wyróżniające się wyjątkową świeżością składników oraz niezwykle troskliwą, personalizowaną obsługą. Warto zamówić 16-daniowe menu degustacyjne ze szczególnie chwalonym, hojnie serwowanym jeżowcem (uni) lub zestaw wyśmienitych hand rolli. Goście doceniają również angażującego szefa kuchni oraz miłe akcenty, takie jak darmowe desery czy specjalne rolki serwowane z okazji urodzin.","Pon: 12:00 – 2:00 PM, 5:30 – 9:00 PM | Wt: 12:00 – 2:00 PM, 5:30 – 9:00 PM | Śr: 12:00 – 2:00 PM, 5:30 – 9:00 PM | Czw: 12:00 – 2:00 PM, 5:30 – 9:00 PM | Pt: 12:00 – 2:00 PM, 5:30 – 9:00 PM | Sob: 12:00 – 2:00 PM, 5:30 – 9:00 PM | Ndz: Closed",3.7,9.3,https://www.google.com/maps/search/?api=1&query=63+Thanon+Witthayu%2C+Khwaeng+Lumphini%2C+Pathum+Wan%2C+Krung+Thep+Maha+Nakhon+10330%2C+Thailand&query_place_id=ChIJIXzyiCCf4jARGl5CKXhmqvk
KIMI,"14/2 ซอย สมคิด Khwaeng Lumphini, Pathum Wan, Krung Thep Maha Nakhon 10330, Thailand","14/2 ซอย สมคิด Khwaeng Lumphini, Pathum Wan, Krung Thep Maha Nakhon 10330, Thailand",Sushi,Pathum Wan,,4.7,171,"KIMI to kameralny lokal serwujący autentyczne zestawy omakase oraz donburi na bazie unikalnego brązowego ryżu, które smakiem dorównują najlepszym restauracjom w Japonii. Warto zamówić kremowe ankimo i bogate w składniki futomaki, a także spróbować aromatycznej zupy, którą szef kuchni może dodać bezpośrednio do dania. Miejsce wyróżnia się ukrytą, zewnętrzną lokalizacją dla zaledwie kilku osób i jest w pełni przyjazne psom, jednak ze względu na dużą popularność wymagana jest wcześniejsza rezerwacja.",Pon: Closed | Wt: 11:00 AM – 10:00 PM | Śr: 11:00 AM – 10:00 PM | Czw: 11:00 AM – 10:00 PM | Pt: 11:00 AM – 12:00 AM | Sob: 11:00 AM – 12:00 AM | Ndz: 11:00 AM – 12:00 AM,3.7,10.2,https://www.google.com/maps/search/?api=1&query=14%2F2+%E0%B8%8B%E0%B8%AD%E0%B8%A2+%E0%B8%AA%E0%B8%A1%E0%B8%84%E0%B8%B4%E0%B8%94+Khwaeng+Lumphini%2C+Pathum+Wan%2C+Krung+Thep+Maha+Nakhon+10330%2C+Thailand&query_place_id=ChIJjThXSLCf4jARJiOVAi1VkW8
Jikasei B,"3/4 Soi Sukhumvit 43, Khwaeng Khlong Tan Nuea, Watthana, Krung Thep Maha Nakhon 10110, Thailand","3/4 Soi Sukhumvit 43, Khwaeng Khlong Tan Nuea, Watthana, Krung Thep Maha Nakhon 10110, Thailand",Sushi,Sukhumvit,,4.9,50,"Jikasei B to kameralna restauracja omakase, w której portugalski szef kuchni serwuje wybitne nigiri (szczególnie akami, uni i kohada) przygotowywane na bazie dwóch rodzajów ryżu. Miejsce wyróżnia się dbałością o detale, takimi jak świeżo tarte, kremowe wasabi oraz pasjonującymi opowieściami szefa o pochodzeniu i technikach przygotowania każdego sezonowego składnika. Można tu liczyć na intymną atmosferę przy drewnianym barze i najwyższą jakość ryb serwowanych na ręcznie robionej zastawie.","Pon: Closed | Wt: Closed | Śr: 5:00 – 10:00 PM | Czw: 5:00 – 10:00 PM | Pt: 5:00 – 10:00 PM | Sob: 12:00 – 3:00 PM, 5:00 – 10:00 PM | Ndz: Closed",4.0,6.1,https://www.google.com/maps/search/?api=1&query=3%2F4+Soi+Sukhumvit+43%2C+Khwaeng+Khlong+Tan+Nuea%2C+Watthana%2C+Krung+Thep+Maha+Nakhon+10110%2C+Thailand&query_place_id=ChIJS7UTFDaf4jARMAqyx--fpnM
Bornga Thailand,"ชั้น 2, บูเลอวาร์ด ทาวเวอร์, Soi Sukhumvit 39, Khwaeng Khlong Tan Nuea, Watthana, Krung Thep Maha Nakhon 10110, Thailand","ชั้น 2, บูเลอวาร์ด ทาวเวอร์, Soi Sukhumvit 39, Khwaeng Khlong Tan Nuea, Watthana, Krung Thep Maha Nakhon 10110, Thailand",Tajska,Sukhumvit,,4.8,4115,Modern pit stop for Korean-style BBQ set in a laid-back venue with East Asian-inspired accents.,"Pon: 11:30 AM – 3:00 PM, 5:30 – 10:00 PM | Wt: 11:30 AM – 3:00 PM, 5:30 – 10:00 PM | Śr: 11:30 AM – 3:00 PM, 5:30 – 10:00 PM | Czw: 11:30 AM – 3:00 PM, 5:30 – 10:00 PM | Pt: 11:30 AM – 3:00 PM, 5:30 – 10:00 PM | Sob: 11:30 AM – 3:00 PM, 5:30 – 10:00 PM | Ndz: 11:30 AM – 3:00 PM, 5:30 – 10:00 PM",3.0,7.4,https://www.google.com/maps/search/?api=1&query=%E0%B8%8A%E0%B8%B1%E0%B9%89%E0%B8%99+2%2C+%E0%B8%9A%E0%B8%B9%E0%B9%80%E0%B8%A5%E0%B8%AD%E0%B8%A7%E0%B8%B2%E0%B8%A3%E0%B9%8C%E0%B8%94+%E0%B8%97%E0%B8%B2%E0%B8%A7%E0%B9%80%E0%B8%A7%E0%B8%AD%E0%B8%A3%E0%B9%8C%2C+Soi+Sukhumvit+39%2C+Khwaeng+Khlong+Tan+Nuea%2C+Watthana%2C+Krung+Thep+Maha+Nakhon+10110%2C+Thailand&query_place_id=ChIJbY7gF8Of4jARFyzLUFoqsuQ
Usman Thai Muslim Food (Halal),"259/9 Sukhumvit Soi 22, Khwaeng Khlong Tan, Khet Khlong Toei, Krung Thep Maha Nakhon 10110, Thailand","259/9 Sukhumvit Soi 22, Khwaeng Khlong Tan, Khet Khlong Toei, Krung Thep Maha Nakhon 10110, Thailand",Tajska,Sukhumvit,$$$,4.6,2393,"Usman Thai Muslim Food to miejsce serwujące autentyczną kuchnię tajską halal, które wyróżnia się bardzo obfitymi porcjami oraz świeżymi składnikami, takimi jak soczyste krewetki. Goście szczególnie polecają zamówienie słynnego mango sticky rice, zupy Tom Kha Ghai oraz aromatycznej zupy wołowej, podkreślając świetny stosunek jakości do ceny. Restauracja zapewnia przyjazną, domową atmosferę, nienaganną czystość oraz udogodnienia takie jak pokój modlitwy dla muzułmanów.",Pon: 10:00 AM – 9:30 PM | Wt: 10:00 AM – 9:30 PM | Śr: 10:00 AM – 9:30 PM | Czw: 10:00 AM – 9:30 PM | Pt: 10:00 AM – 9:30 PM | Sob: 10:00 AM – 9:30 PM | Ndz: 10:00 AM – 9:30 PM,3.6,7.5,https://www.google.com/maps/search/?api=1&query=259%2F9+Sukhumvit+Soi+22%2C+Khwaeng+Khlong+Tan%2C+Khet+Khlong+Toei%2C+Krung+Thep+Maha+Nakhon+10110%2C+Thailand&query_place_id=ChIJ_2GkGwOf4jARNIY4zQ325Cw
Madam Saranair Thai Food restaurant,"139/1 Soi Sukhumvit 21 (Asoke Soi 1 sub-district, Watthana, Krung Thep Maha Nakhon 10110, Thailand","139/1 Soi Sukhumvit 21 (Asoke Soi 1 sub-district, Watthana, Krung Thep Maha Nakhon 10110, Thailand",Tajska,Sukhumvit,$$$,4.5,2116,"Madam Saranair to miejsce słynące z autentycznej kuchni tajskiej, w której koniecznie trzeba spróbować zupy Tom Yum oraz krewetek w sosie orzechowym. Restauracja wyróżnia się niezwykle życzliwą obsługą i gościnnością właściciela, a goście mogą liczyć na darmowe drinki powitalne oraz szybki serwis. To idealny punkt na kolację z bogatym menu i świetnym klimatem, doceniany za bogactwo smaków i dopracowane detale.",Pon: 11:00 AM – 11:00 PM | Wt: 11:00 AM – 11:00 PM | Śr: 11:00 AM – 11:00 PM | Czw: 11:00 AM – 11:00 PM | Pt: 11:00 AM – 11:00 PM | Sob: 11:00 AM – 11:00 PM | Ndz: 11:00 AM – 11:00 PM,2.3,8.1,https://www.google.com/maps/search/?api=1&query=139%2F1+Soi+Sukhumvit+21+%28Asoke+Soi+1+sub-district%2C+Watthana%2C+Krung+Thep+Maha+Nakhon+10110%2C+Thailand&query_place_id=ChIJ1bV7lOSe4jARZfwCIKXKyNU
KURATHAI SHOKUDO,"15 M Tower Soi Sukhumvit 35, Khwaeng Khlong Tan Nuea, Watthana, Krung Thep Maha Nakhon 10110, Thailand","15 M Tower Soi Sukhumvit 35, Khwaeng Khlong Tan Nuea, Watthana, Krung Thep Maha Nakhon 10110, Thailand",Tajska,Sukhumvit,$$,4.8,1800,ZA MAŁO RECENZJI,Pon: 11:00 AM – 8:00 PM | Wt: 11:00 AM – 8:00 PM | Śr: 11:00 AM – 8:00 PM | Czw: 11:00 AM – 8:00 PM | Pt: 11:00 AM – 8:30 PM | Sob: 11:00 AM – 8:30 PM | Ndz: 11:00 AM – 8:30 PM,3.5,6.9,https://www.google.com/maps/search/?api=1&query=15+M+Tower+Soi+Sukhumvit+35%2C+Khwaeng+Khlong+Tan+Nuea%2C+Watthana%2C+Krung+Thep+Maha+Nakhon+10110%2C+Thailand&query_place_id=ChIJBTylA_6e4jAR0Mo6lqXgp-0
Baan Khanitha Thai Cuisine Sukhumvit 23,"14 Soi Sukhumvit 23, Khwaeng Khlong Toei Nuea, Watthana, Krung Thep Maha Nakhon 10110, Thailand","14 Soi Sukhumvit 23, Khwaeng Khlong Toei Nuea, Watthana, Krung Thep Maha Nakhon 10110, Thailand",Tajska,Sukhumvit,$$$$,4.3,1418,"Baan Khanitha to restauracja z ponad 30-letnią tradycją, ceniona za autentyczne smaki oraz eleganckie wnętrza w stylu vintage. Goście szczególnie polecają sałatkę z pomelo, zupę Tom Yum Goong oraz wyjątkowe żółte curry z krabem o miękkiej skorupce, które zachwyca jakością i sposobem podania. Miejsce wyróżnia się bogatym menu oraz profesjonalną obsługą, co czyni je jedną z najlepiej ocenianych lokalizacji z tradycyjną kuchnią tajską w Bangkoku.",Pon: 11:00 AM – 11:00 PM | Wt: 11:00 AM – 11:00 PM | Śr: 11:00 AM – 11:00 PM | Czw: 11:00 AM – 11:00 PM | Pt: 11:00 AM – 11:00 PM | Sob: 11:00 AM – 11:00 PM | Ndz: 11:00 AM – 11:00 PM,2.5,7.6,https://www.google.com/maps/search/?api=1&query=14+Soi+Sukhumvit+23%2C+Khwaeng+Khlong+Toei+Nuea%2C+Watthana%2C+Krung+Thep+Maha+Nakhon+10110%2C+Thailand&query_place_id=ChIJq80duOSe4jAR1yT4-c-xadk
Tamnanthai Restaurant Nana-Ploenchit,"18 Soi Sukhumvit 4, Khwaeng Khlong Toei, Khet Khlong Toei, Krung Thep Maha Nakhon 10110, Thailand","18 Soi Sukhumvit 4, Khwaeng Khlong Toei, Khet Khlong Toei, Krung Thep Maha Nakhon 10110, Thailand",Tajska,Sukhumvit,$$$,4.6,1368,"Tamnanthai to ukryta w bocznej uliczce restauracja słynąca z autentycznych dań przygotowywanych na bazie świeżo ucieranych past curry oraz niezwykle czystego i spokojnego wnętrza. Szczególnie polecane są ryby z trawą cytrynową (zwłaszcza okoń morski), chrupiący boczek oraz kultowy deser mango sticky rice. Miejsce wyróżnia się bardzo przyjazną obsługą, która chętnie dostosowuje poziom ostrości potraw do preferencji gości.",Pon: 10:30 AM – 12:00 AM | Wt: 10:30 AM – 12:00 AM | Śr: 10:30 AM – 12:00 AM | Czw: 10:30 AM – 12:00 AM | Pt: 10:30 AM – 12:00 AM | Sob: 10:30 AM – 12:00 AM | Ndz: 10:30 AM – 12:00 AM,3.3,8.8,https://www.google.com/maps/search/?api=1&query=18+Soi+Sukhumvit+4%2C+Khwaeng+Khlong+Toei%2C+Khet+Khlong+Toei%2C+Krung+Thep+Maha+Nakhon+10110%2C+Thailand&query_place_id=ChIJX3ZGm92e4jARqsXwPuT5xSs
Onkijung Thailand (온기정) - Central World,"ชั้น 6 ห้อง B631, ข้างร้านหนังสือ Central World, Khwaeng Pathum Wan, Pathum Wan, Krung Thep Maha Nakhon 10330, Thailand","ชั้น 6 ห้อง B631, ข้างร้านหนังสือ Central World, Khwaeng Pathum Wan, Pathum Wan, Krung Thep Maha Nakhon 10330, Thailand",Tajska,Pathum Wan,,4.7,1221,"Onkijung w Central World wyróżnia się doskonałą obsługą oraz sycącymi zestawami, spośród których warto zamówić Pork Belly BBQ, Spicy Bulgogi lub chrupiącego kurczaka z dodatkiem smażonego lotosu. Goście szczególnie chwalą bogaty wybór przystawek, takich jak kukurydza z serem, choć należy pamiętać o dość słodkim profilu smakowym dań i możliwej twardości grillowanej wołowiny.",Pon: 11:00 AM – 10:00 PM | Wt: 11:00 AM – 10:00 PM | Śr: 11:00 AM – 10:00 PM | Czw: 11:00 AM – 10:00 PM | Pt: 11:00 AM – 10:00 PM | Sob: 11:00 AM – 10:00 PM | Ndz: 11:00 AM – 10:00 PM,4.0,10.5,https://www.google.com/maps/search/?api=1&query=%E0%B8%8A%E0%B8%B1%E0%B9%89%E0%B8%99+6+%E0%B8%AB%E0%B9%89%E0%B8%AD%E0%B8%87+B631%2C+%E0%B8%82%E0%B9%89%E0%B8%B2%E0%B8%87%E0%B8%A3%E0%B9%89%E0%B8%B2%E0%B8%99%E0%B8%AB%E0%B8%99%E0%B8%B1%E0%B8%87%E0%B8%AA%E0%B8%B7%E0%B8%AD+Central+World%2C+Khwaeng+Pathum+Wan%2C+Pathum+Wan%2C+Krung+Thep+Maha+Nakhon+10330%2C+Thailand&query_place_id=ChIJ59gAUOif4jARP3jj0yhwO4Y
Oranuch Thai Dining,"36/1 Soi Sukhumvit 23, คลองเตย Watthana, Krung Thep Maha Nakhon 10110, Thailand","36/1 Soi Sukhumvit 23, คลองเตย Watthana, Krung Thep Maha Nakhon 10110, Thailand",Tajska,Sukhumvit,$$$,4.6,863,"Oranuch Thai Dining to stylowa oaza w Bangkoku, która zachwyca pięknym wystrojem przypominającym zieloną szklarnię oraz serdeczną gościnnością samej właścicielki. Goście szczególnie polecają kreatywne koktajle oraz takie dania jak Pad Thai, okoń morski, sałatka z wołowiną czy pieczony kurczak. Restauracja wyróżnia się wysokiej jakości kuchnią o łagodniejszym poziomie ostrości, serwowaną w bardzo przystępnych cenach.",Pon: 11:30 AM – 10:00 PM | Wt: 11:30 AM – 10:00 PM | Śr: 11:30 AM – 10:00 PM | Czw: 11:30 AM – 10:00 PM | Pt: 11:30 AM – 10:00 PM | Sob: 11:30 AM – 10:00 PM | Ndz: 11:30 AM – 10:00 PM,2.2,8.0,https://www.google.com/maps/search/?api=1&query=36%2F1+Soi+Sukhumvit+23%2C+%E0%B8%84%E0%B8%A5%E0%B8%AD%E0%B8%87%E0%B9%80%E0%B8%95%E0%B8%A2+Watthana%2C+Krung+Thep+Maha+Nakhon+10110%2C+Thailand&query_place_id=ChIJ0eGdrOaf4jARsbK1ylUw0wU
Thailicious Thai Restaurant,"120/9-10 Ratchaprarop Rd, Khwaeng Thanon Phaya Thai, Khet Ratchathewi, Krung Thep Maha Nakhon 10400, Thailand","120/9-10 Ratchaprarop Rd, Khwaeng Thanon Phaya Thai, Khet Ratchathewi, Krung Thep Maha Nakhon 10400, Thailand",Tajska,Ratchathewi,,4.5,631,"Thailicious serwuje autentyczną i świeżą kuchnię tajską, a goście szczególnie polecają ryż smażony z krabem, tom yam oraz mango sticky rice. Restauracja wyróżnia się wyjątkowo sprawną obsługą (posiłki podawane nawet w mniej niż 10 minut), dostępnością menu wegetariańskiego oraz możliwością płatności kartą. To świetne miejsce na późną kolację, oferujące gościom zarówno stoliki na zewnątrz, jak i klimatyzowaną salę.",Pon: 12:00 PM – 12:00 AM | Wt: 12:00 PM – 12:00 AM | Śr: 12:00 PM – 12:00 AM | Czw: 12:00 PM – 12:00 AM | Pt: 12:00 PM – 12:00 AM | Sob: 12:00 PM – 12:00 AM | Ndz: 12:00 PM – 12:00 AM,3.6,11.3,https://www.google.com/maps/search/?api=1&query=120%2F9-10+Ratchaprarop+Rd%2C+Khwaeng+Thanon+Phaya+Thai%2C+Khet+Ratchathewi%2C+Krung+Thep+Maha+Nakhon+10400%2C+Thailand&query_place_id=ChIJZ2YDVnGf4jAR5ehkeHsApm0
Loong Yai Thai Esarn,"532 Thanon Asok - Din Daeng, Khwaeng Din Daeng, Khet Din Daeng, Krung Thep Maha Nakhon 10400, Thailand","532 Thanon Asok - Din Daeng, Khwaeng Din Daeng, Khet Din Daeng, Krung Thep Maha Nakhon 10400, Thailand",Tajska,Din Daeng,$$$,4.5,598,"Loong Yai Thai Esarn to ceniona przez lokalnych mieszkańców restauracja serwująca autentyczną kuchnię tajską, która wyróżnia się wyjątkowo szybką obsługą i przystępnymi cenami. Warto zamówić tu grillowany kark wieprzowy, chrupiącego suma larb, smażonego kurczaka lub ostrygi na ostro, a posiłek zakończyć orzeźwiającym deserem. Miejsce zachwyca swobodną atmosferą i niezmiennie wysoką jakością dań, stanowiąc doskonałą alternatywę dla typowo turystycznych lokali.",Pon: 11:00 AM – 10:00 PM | Wt: 11:00 AM – 10:00 PM | Śr: 11:00 AM – 10:00 PM | Czw: 11:00 AM – 10:00 PM | Pt: 11:00 AM – 10:00 PM | Sob: 11:00 AM – 10:00 PM | Ndz: 11:00 AM – 10:00 PM,2.7,12.1,https://www.google.com/maps/search/?api=1&query=532+Thanon+Asok+-+Din+Daeng%2C+Khwaeng+Din+Daeng%2C+Khet+Din+Daeng%2C+Krung+Thep+Maha+Nakhon+10400%2C+Thailand&query_place_id=ChIJu2mL-7ue4jARWOPADIp6nUU
"Indian Spices Restaurant By Khurana Inn - Bangkok, Thailand","120/176-180 Near Baiyoke Tower 2 Pratunam, ถ. ราชปรารภ แขวงถนนพญาไท เขตราชเทวี กรุงเทพมหานคร 10400, Thailand","120/176-180 Near Baiyoke Tower 2 Pratunam, ถ. ราชปรารภ แขวงถนนพญาไท เขตราชเทวี กรุงเทพมหานคร 10400, Thailand",Tajska,,,4.6,569,"Restauracja oferuje szeroki wybór dań wegetariańskich i mięsnych, wśród których goście szczególnie polecają kurczaka tikka masala oraz aromatyczny ryż smażony. Miejsce wyróżnia się wyjątkowo pomocną i przyjazną obsługą, która sprawnie realizuje indywidualne wskazówki klientów, tworząc miłą atmosferę podczas posiłku.",Pon: 10:00 AM – 12:00 AM | Wt: 10:00 AM – 12:00 AM | Śr: 10:00 AM – 12:00 AM | Czw: 10:00 AM – 12:00 AM | Pt: 10:00 AM – 12:00 AM | Sob: 10:00 AM – 12:00 AM | Ndz: 10:00 AM – 12:00 AM,3.8,11.4,https://www.google.com/maps/search/?api=1&query=120%2F176-180+Near+Baiyoke+Tower+2+Pratunam%2C+%E0%B8%96.+%E0%B8%A3%E0%B8%B2%E0%B8%8A%E0%B8%9B%E0%B8%A3%E0%B8%B2%E0%B8%A3%E0%B8%A0+%E0%B9%81%E0%B8%82%E0%B8%A7%E0%B8%87%E0%B8%96%E0%B8%99%E0%B8%99%E0%B8%9E%E0%B8%8D%E0%B8%B2%E0%B9%84%E0%B8%97+%E0%B9%80%E0%B8%82%E0%B8%95%E0%B8%A3%E0%B8%B2%E0%B8%8A%E0%B9%80%E0%B8%97%E0%B8%A7%E0%B8%B5+%E0%B8%81%E0%B8%A3%E0%B8%B8%E0%B8%87%E0%B9%80%E0%B8%97%E0%B8%9E%E0%B8%A1%E0%B8%AB%E0%B8%B2%E0%B8%99%E0%B8%84%E0%B8%A3+10400%2C+Thailand&query_place_id=ChIJ-xXpVvGf4jAR1YoePfq5Pi0
KHAAN Thai Fine Dining Restaurant,"14 3 Soi Somkid Khwaeng Lumphini, Pathum Wan, Krung Thep Maha Nakhon 10330, Thailand","14 3 Soi Somkid Khwaeng Lumphini, Pathum Wan, Krung Thep Maha Nakhon 10330, Thailand",Tajska,Pathum Wan,,4.7,563,"KHAAN Thai Fine Dining wyróżnia się kreatywnym podejściem do lokalnych składników oraz pierwszorzędną obsługą, która szczegółowo objaśnia historię i sposób jedzenia każdej potrawy. Warto spróbować unikalnego języka krokodyla, kaczki Khao Yat oraz grillowanej kapusty, które zachwycają dopracowaną techniką i wyśmienitymi sosami. Choć porcje są niewielkie, restauracja oferuje niezapomniane doświadczenie kulinarne oparte na nowoczesnych interpretacjach tajskich smaków.",Pon: 5:00 – 11:30 PM | Wt: 5:00 – 11:30 PM | Śr: 5:00 – 11:30 PM | Czw: 5:00 – 11:30 PM | Pt: 5:00 – 11:30 PM | Sob: 5:00 – 11:30 PM | Ndz: 5:00 – 11:30 PM,3.6,10.2,https://www.google.com/maps/search/?api=1&query=14+3+Soi+Somkid+Khwaeng+Lumphini%2C+Pathum+Wan%2C+Krung+Thep+Maha+Nakhon+10330%2C+Thailand&query_place_id=ChIJm68HaIqf4jARhHLocwFgtyg
Lily Fu's - Authentic Thai Restaurant,"18 Soi Sukhumvit 11 Klong toei nua, Watthana, Krung Thep Maha Nakhon 10110, Thailand","18 Soi Sukhumvit 11 Klong toei nua, Watthana, Krung Thep Maha Nakhon 10110, Thailand",Tajska,Sukhumvit,,4.6,547,"Lily Fu's na Sukhumvit 11 przyciąga kolorowym wystrojem z lampionami oraz rzadko spotykanym w barach menu dim sum, z którego warto spróbować Ha Gao i Cheng Fun. Goście chwalą kreatywne koktajle (np. Mrs Fu) oraz smażoną wołowinę z ryżem, podkreślając wyjątkowo przyjazną, anglojęzyczną obsługę i świetną muzykę. To idealne miejsce na wyjście z przyjaciółmi, łączące swobodną atmosferę z dopracowanym, aromatycznym jedzeniem.",Pon: 6:30 AM – 1:00 AM | Wt: 6:30 AM – 1:00 AM | Śr: 6:30 AM – 1:00 AM | Czw: 6:30 AM – 1:00 AM | Pt: 6:30 AM – 1:00 AM | Sob: 6:30 AM – 1:00 AM | Ndz: 6:30 AM – 1:00 AM,3.0,8.6,https://www.google.com/maps/search/?api=1&query=18+Soi+Sukhumvit+11+Klong+toei+nua%2C+Watthana%2C+Krung+Thep+Maha+Nakhon+10110%2C+Thailand&query_place_id=ChIJg_F-jRSf4jARvdXZ3aV_X8Y
SIAM THAI & SEAFOOD,"275/1-2 Ratchaprarop Rd, Khwaeng Makkasan, Khet Ratchathewi, Krung Thep Maha Nakhon 10400, Thailand","275/1-2 Ratchaprarop Rd, Khwaeng Makkasan, Khet Ratchathewi, Krung Thep Maha Nakhon 10400, Thailand",Tajska,Ratchathewi,,4.7,372,"SIAM THAI & SEAFOOD to miejsce wyróżniające się przemiłą obsługą, w którym warto spróbować aromatycznej zupy tom yum, sałatki z papai oraz chrupiących skrzydełek z kurczaka. Goście polecają również pad thai z makaronem szklanym i mango sticky rice, doceniając kruchość mięs i wyraziste przyprawy. Choć opinie co do wielkości porcji i świeżości owoców morza są podzielone, restauracja przyciąga fanów tradycyjnych tajskich smaków.",Pon: 10:30 AM – 10:30 PM | Wt: 10:30 AM – 10:30 PM | Śr: 10:30 AM – 10:30 PM | Czw: 10:30 AM – 10:30 PM | Pt: 10:30 AM – 10:30 PM | Sob: 10:30 AM – 10:30 PM | Ndz: 10:30 AM – 10:30 PM,3.6,11.3,https://www.google.com/maps/search/?api=1&query=275%2F1-2+Ratchaprarop+Rd%2C+Khwaeng+Makkasan%2C+Khet+Ratchathewi%2C+Krung+Thep+Maha+Nakhon+10400%2C+Thailand&query_place_id=ChIJJ1T6SQCf4jARG8eJz-i8Oug
Chef Ple Thai Mango Sticky Rice,"390, 20 ปาก Soi Sukhumvit 18, Khwaeng Khlong Toei, Khet Khlong Toei, Krung Thep Maha Nakhon 10110, Thailand","390, 20 ปาก Soi Sukhumvit 18, Khwaeng Khlong Toei, Khet Khlong Toei, Krung Thep Maha Nakhon 10110, Thailand",Tajska,Sukhumvit,,4.6,353,"To niepozorne, przydrożne stoisko słynie z wyśmienitego mango sticky rice, w którym świeżo krojone, dojrzałe owoce łączą się z aromatycznym ryżem i ciepłym mleczkiem kokosowym. Klienci szczególnie polecają również orzeźwiające smoothie z mango oraz sycący Pad Thai, doceniając hojne porcje i autentyczny smak w przystępnej cenie. Miejsce znajduje się w pobliżu centrum Emsphere i jest idealne na szybkie danie na wynos, należy jednak pamiętać o płatności gotówką.",Pon: Open 24 hours | Wt: Open 24 hours | Śr: Open 24 hours | Czw: Open 24 hours | Pt: Open 24 hours | Sob: Open 24 hours | Ndz: Open 24 hours,2.8,7.4,https://www.google.com/maps/search/?api=1&query=390%2C+20+%E0%B8%9B%E0%B8%B2%E0%B8%81+Soi+Sukhumvit+18%2C+Khwaeng+Khlong+Toei%2C+Khet+Khlong+Toei%2C+Krung+Thep+Maha+Nakhon+10110%2C+Thailand&query_place_id=ChIJa9ZHAFSf4jARFY0DNUdnkGA
Basil Thai 15,"79 12 Sukhumvit 15, Khwaeng Khlong Toei Nuea, Watthana, Krung Thep Maha Nakhon 10110, Thailand","79 12 Sukhumvit 15, Khwaeng Khlong Toei Nuea, Watthana, Krung Thep Maha Nakhon 10110, Thailand",Tajska,Sukhumvit,,4.9,236,"Basil Thai 15 to ukryty w bocznej uliczce, rodzinny lokal serwujący autentyczne i niedrogie dania, takie jak pad kra pow czy sałatka z papai. Miejsce wyróżnia się świeżością składników oraz prawdziwie „tajską” ostrością potraw, które ze względu na brak angielskiego menu warto zamawiać, posiłkując się zdjęciami. Choć przestrzeń jest bardzo mała i skromna, goście chwalą ją za wyjątkową gościnność właścicieli oraz sycące porcje.",Pon: 9:00 AM – 6:00 PM | Wt: 9:00 AM – 6:00 PM | Śr: 9:00 AM – 6:00 PM | Czw: 9:00 AM – 6:00 PM | Pt: 9:00 AM – 6:00 PM | Sob: 10:00 AM – 6:00 PM | Ndz: 10:00 AM – 6:00 PM,2.0,8.9,https://www.google.com/maps/search/?api=1&query=79+12+Sukhumvit+15%2C+Khwaeng+Khlong+Toei+Nuea%2C+Watthana%2C+Krung+Thep+Maha+Nakhon+10110%2C+Thailand&query_place_id=ChIJD6ofxHGf4jAREtoQHvlzd-k
Blue Elephant Bangkok Sukhumvit Thai Heritage Cuisine,"27 Soi Sukhumvit 13, Khwaeng Khlong Toei Nuea, Watthana, Krung Thep Maha Nakhon 10110, Thailand","27 Soi Sukhumvit 13, Khwaeng Khlong Toei Nuea, Watthana, Krung Thep Maha Nakhon 10110, Thailand",Tajska,Sukhumvit,,4.7,207,"Blue Elephant Bangkok oferuje niezwykłą podróż po kuchni tajskiej, podczas której profesjonalna obsługa szczegółowo wyjaśnia skład każdego dania oraz tradycyjny sposób jego spożywania. Warto zamówić menu degustacyjne (Heritage tasting menu) lub wyśmienite desery i cieszyć się posiłkiem w nastrojowym, pełnym zieleni ogrodzie, który daje wytchnienie od zgiełku miasta. Miejsce wyróżnia się wyjątkową dbałością o gości i detale, oferując m.in. pamiątkowe kwiaty oraz muzyczną oprawę na żywo podczas celebrowania specjalnych okazji.",Pon: 5:30 – 10:00 PM | Wt: 5:30 – 10:00 PM | Śr: 5:30 – 10:00 PM | Czw: 5:30 – 10:00 PM | Pt: 5:30 – 10:00 PM | Sob: 5:30 – 10:00 PM | Ndz: 5:30 – 10:00 PM,2.4,8.7,https://www.google.com/maps/search/?api=1&query=27+Soi+Sukhumvit+13%2C+Khwaeng+Khlong+Toei+Nuea%2C+Watthana%2C+Krung+Thep+Maha+Nakhon+10110%2C+Thailand&query_place_id=ChIJWTPA0Jef4jAR1hY7Yo3bYes
"Ma Ruey Library, The Stock Exchange of Thailand","93 Thanon Ratchadaphisek, Khwaeng Din Daeng, Khet Din Daeng, Krung Thep Maha Nakhon 10400, Thailand","93 Thanon Ratchadaphisek, Khwaeng Din Daeng, Khet Din Daeng, Krung Thep Maha Nakhon 10400, Thailand",Tajska,Din Daeng,,4.5,153,"Ma Ruey Library to najlepsza w Tajlandii biblioteka specjalizująca się w tematyce inwestycji i finansów, oferująca bogaty zbiór lokalnych oraz zagranicznych książek i czasopism. Miejsce wyróżnia się cichą atmosferą sprzyjającą nauce, darmowym Wi-Fi i łatwym dojazdem metrem, jednak należy pamiętać, że ze względu na remont będzie ono zamknięte do końca lipca 2025 roku.",Pon: 9:00 AM – 7:00 PM | Wt: 9:00 AM – 7:00 PM | Śr: 9:00 AM – 7:00 PM | Czw: 9:00 AM – 7:00 PM | Pt: 9:00 AM – 7:00 PM | Sob: 9:00 AM – 7:00 PM | Ndz: 9:00 AM – 7:00 PM,1.5,11.0,https://www.google.com/maps/search/?api=1&query=93+Thanon+Ratchadaphisek%2C+Khwaeng+Din+Daeng%2C+Khet+Din+Daeng%2C+Krung+Thep+Maha+Nakhon+10400%2C+Thailand&query_place_id=ChIJKYZ-bRqf4jARdZcr0lexPjE
Padthai Chapaa - Asoke,"39/1 Sukhumvit Rd, Khwaeng Khlong Toei Nuea, Watthana, Krung Thep Maha Nakhon 10110, Thailand","39/1 Sukhumvit Rd, Khwaeng Khlong Toei Nuea, Watthana, Krung Thep Maha Nakhon 10110, Thailand",Tajska,Sukhumvit,,4.7,112,"Padthai Chapaa - Asoke to kameralny lokal specjalizujący się w aromatycznym pad thaiu z wyjątkowo dużymi krewetkami oraz pad see ew z doskonale przyrządzoną, kruchą wołowiną. Dania wyróżniają się wyraźną nutą tamaryndowca i słodkim profilem smakowym, a osobno serwowane dodatki (orzeszki, cukier, kiełki) pozwalają na ich idealną personalizację. Ze względu na niewielką liczbę stolików, miejsce to jest szczególnie polecane jako doskonała opcja na wynos lub w dostawie.","Pon: 11:00 AM – 9:00 PM | Wt: 11:00 AM – 3:00 PM, 4:00 – 9:00 PM | Śr: 11:00 AM – 3:00 PM, 4:00 – 9:00 PM | Czw: 11:00 AM – 3:00 PM, 4:00 – 9:00 PM | Pt: 11:00 AM – 3:00 PM, 4:00 – 9:00 PM | Sob: 11:00 AM – 9:00 PM | Ndz: 11:00 AM – 9:00 PM",2.3,7.9,https://www.google.com/maps/search/?api=1&query=39%2F1+Sukhumvit+Rd%2C+Khwaeng+Khlong+Toei+Nuea%2C+Watthana%2C+Krung+Thep+Maha+Nakhon+10110%2C+Thailand&query_place_id=ChIJqzb24Ref4jARM4zO8uCWDdk
เด็ดกะเพรา สุขุมวิท33/1 (Thai original Kaprao),"595, อาคาร Ellsie Boutique Mall, 22 Soi Sukhumvit 33/1, Khwaeng Khlong Tan, Khet Khlong Toei, Krung Thep Maha Nakhon 10110, Thailand","595, อาคาร Ellsie Boutique Mall, 22 Soi Sukhumvit 33/1, Khwaeng Khlong Tan, Khet Khlong Toei, Krung Thep Maha Nakhon 10110, Thailand",Tajska,Sukhumvit,,4.3,63,"To miejsce słynie z wyśmienitego Pad Kaphrao z możliwością pełnej personalizacji poziomu ostrości, a szczególnie polecane są wersje z mieloną wieprzowiną i jajkiem stuletnim lub wołowiną i płynnym jajkiem typu „lava”. Goście doceniają autentyczny, street-foodowy charakter lokalu, chrupiące jajka sadzone oraz wyrazisty, balansowany smak potraw, które przez wielu uznawane są za jedne z najlepszych w Tajlandii. Restauracja znajduje się obecnie wewnątrz Ellsie Boutique Mall, oferując miejsca do jedzenia na piętrze.",Pon: 11:00 AM – 9:00 PM | Wt: 11:00 AM – 9:00 PM | Śr: 11:00 AM – 9:00 PM | Czw: 11:00 AM – 9:00 PM | Pt: 11:00 AM – 9:00 PM | Sob: 11:00 AM – 9:00 PM | Ndz: 11:00 AM – 9:00 PM,3.6,6.7,https://www.google.com/maps/search/?api=1&query=595%2C+%E0%B8%AD%E0%B8%B2%E0%B8%84%E0%B8%B2%E0%B8%A3+Ellsie+Boutique+Mall%2C+22+Soi+Sukhumvit+33%2F1%2C+Khwaeng+Khlong+Tan%2C+Khet+Khlong+Toei%2C+Krung+Thep+Maha+Nakhon+10110%2C+Thailand&query_place_id=ChIJOWfk-Jyf4jARYNl1mVmOvVs
ฉันจะกินชาเย็นทุกวัน Everyday Thai Tea (EmSphere),"628 Sukhumvit Rd, Khwaeng Khlong Tan, Khet Khlong Toei, Krung Thep Maha Nakhon 10110, Thailand","628 Sukhumvit Rd, Khwaeng Khlong Tan, Khet Khlong Toei, Krung Thep Maha Nakhon 10110, Thailand",Tajska,Sukhumvit,,4.6,27,"Everyday Thai Tea to popularne miejsce na klasyczną mrożoną herbatę po tajsku, którą wielu klientów chwali za wyśmienity smak i poleca jako obowiązkowy punkt do odwiedzenia. W menu znajdziemy napoje z dodatkami takimi jak pudding czy bita śmietana, jednak opinie na temat jakości są podzielone – obok zachwytów pojawiają się skargi na brak świeżości bazy herbacianej oraz niedociągnięcia w standardach obsługi.",Pon: 10:00 AM – 10:00 PM | Wt: 10:00 AM – 10:00 PM | Śr: 10:00 AM – 10:00 PM | Czw: 10:00 AM – 10:00 PM | Pt: 10:00 AM – 10:00 PM | Sob: 10:00 AM – 10:00 PM | Ndz: 10:00 AM – 10:00 PM,3.4,6.8,https://www.google.com/maps/search/?api=1&query=628+Sukhumvit+Rd%2C+Khwaeng+Khlong+Tan%2C+Khet+Khlong+Toei%2C+Krung+Thep+Maha+Nakhon+10110%2C+Thailand&query_place_id=ChIJMcL5JQCf4jARF0dFNFrrzp0
"Johnson Controls International (Thailand) Co., Ltd. - Training center","บริษัท จอห์นสัน คอนโทรลส์ อินเตอร์เนชั่นแนล (ประเทศไทย) จำกัด 33/4อาคาร เดอะไนน์ ทาวเวอร์ แกรนด์ พระรามเก้า (The 9th Towers Grand Rama 9),ชั้น29 อาคารบี Rama IX Rd, Khwaeng Huai Khwang, Khet Huai Khwang, Krung Thep Maha Nakhon 10310, Thailand","บริษัท จอห์นสัน คอนโทรลส์ อินเตอร์เนชั่นแนล (ประเทศไทย) จำกัด 33/4อาคาร เดอะไนน์ ทาวเวอร์ แกรนด์ พระรามเก้า (The 9th Towers Grand Rama 9),ชั้น29 อาคารบี Rama IX Rd, Khwaeng Huai Khwang, Khet Huai Khwang, Krung Thep Maha Nakhon 10310, Thailand",Tajska,Huai Khwang,,4.4,10,ZA MAŁO RECENZJI,Pon: 8:00 AM – 5:00 PM | Wt: 8:00 AM – 5:00 PM | Śr: 8:00 AM – 5:00 PM | Czw: 8:00 AM – 5:00 PM | Pt: 8:00 AM – 5:00 PM | Sob: Closed | Ndz: Closed,0.6,10.4,https://www.google.com/maps/search/?api=1&query=%E0%B8%9A%E0%B8%A3%E0%B8%B4%E0%B8%A9%E0%B8%B1%E0%B8%97+%E0%B8%88%E0%B8%AD%E0%B8%AB%E0%B9%8C%E0%B8%99%E0%B8%AA%E0%B8%B1%E0%B8%99+%E0%B8%84%E0%B8%AD%E0%B8%99%E0%B9%82%E0%B8%97%E0%B8%A3%E0%B8%A5%E0%B8%AA%E0%B9%8C+%E0%B8%AD%E0%B8%B4%E0%B8%99%E0%B9%80%E0%B8%95%E0%B8%AD%E0%B8%A3%E0%B9%8C%E0%B9%80%E0%B8%99%E0%B8%8A%E0%B8%B1%E0%B9%88%E0%B8%99%E0%B9%81%E0%B8%99%E0%B8%A5+%28%E0%B8%9B%E0%B8%A3%E0%B8%B0%E0%B9%80%E0%B8%97%E0%B8%A8%E0%B9%84%E0%B8%97%E0%B8%A2%29+%E0%B8%88%E0%B8%B3%E0%B8%81%E0%B8%B1%E0%B8%94+33%2F4%E0%B8%AD%E0%B8%B2%E0%B8%84%E0%B8%B2%E0%B8%A3+%E0%B9%80%E0%B8%94%E0%B8%AD%E0%B8%B0%E0%B9%84%E0%B8%99%E0%B8%99%E0%B9%8C+%E0%B8%97%E0%B8%B2%E0%B8%A7%E0%B9%80%E0%B8%A7%E0%B8%AD%E0%B8%A3%E0%B9%8C+%E0%B9%81%E0%B8%81%E0%B8%A3%E0%B8%99%E0%B8%94%E0%B9%8C+%E0%B8%9E%E0%B8%A3%E0%B8%B0%E0%B8%A3%E0%B8%B2%E0%B8%A1%E0%B9%80%E0%B8%81%E0%B9%89%E0%B8%B2+%28The+9th+Towers+Grand+Rama+9%29%2C%E0%B8%8A%E0%B8%B1%E0%B9%89%E0%B8%9929+%E0%B8%AD%E0%B8%B2%E0%B8%84%E0%B8%B2%E0%B8%A3%E0%B8%9A%E0%B8%B5+Rama+IX+Rd%2C+Khwaeng+Huai+Khwang%2C+Khet+Huai+Khwang%2C+Krung+Thep+Maha+Nakhon+10310%2C+Thailand&query_place_id=ChIJgyH_bF2e4jARIkHTJfOAoZU
Saigon Recipe,"Sukhumvit 49, Khwaeng Khlong Tan Nuea, Watthana, Krung Thep Maha Nakhon 10110, Thailand","Sukhumvit 49, Khwaeng Khlong Tan Nuea, Watthana, Krung Thep Maha Nakhon 10110, Thailand",Wietnamska,Sukhumvit,$$$,4.6,1265,"Saigon Recipe to przytulna i autentyczna wietnamska restauracja, słynąca z aromatycznego Pho z delikatną wołowiną, chrupiących sajgonek oraz Bún Thịt Bò Xào Nam Bộ. Goście szczególnie doceniają wyjątkową obsługę, wystrój przypominający atmosferę Sajgonu oraz korzystne cenowo zestawy lunchowe serwowane w dni powszednie. Miejsce wyróżnia się dbałością o świeżość składników i niezmienną jakością serwowanych dań na przestrzeni lat.","Pon: 10:30 AM – 3:00 PM, 5:00 – 9:30 PM | Wt: 10:30 AM – 3:00 PM, 5:00 – 9:30 PM | Śr: 10:30 AM – 3:00 PM, 5:00 – 9:30 PM | Czw: 10:30 AM – 3:00 PM, 5:00 – 9:30 PM | Pt: 10:30 AM – 3:00 PM, 5:00 – 10:00 PM | Sob: 10:30 AM – 10:00 PM | Ndz: 10:30 AM – 9:30 PM",3.6,6.4,https://www.google.com/maps/search/?api=1&query=Sukhumvit+49%2C+Khwaeng+Khlong+Tan+Nuea%2C+Watthana%2C+Krung+Thep+Maha+Nakhon+10110%2C+Thailand&query_place_id=ChIJxdmqz6qf4jARzJk0M_JFNA0
Le Dalat,"57 Soi Sukhumvit 23, Khwaeng Khlong Toei Nuea, Watthana, Krung Thep Maha Nakhon 10110, Thailand","57 Soi Sukhumvit 23, Khwaeng Khlong Toei Nuea, Watthana, Krung Thep Maha Nakhon 10110, Thailand",Wietnamska,Sukhumvit,,4.6,789,"Le Dalat to zachwycająca oaza spokoju z pięknym ogrodem i dopracowanymi wnętrzami, w których warto zwrócić uwagę na menu w kształcie wachlarza oraz unikalny wystrój. W karcie króluje autentyczna i aromatyczna kuchnia wietnamska, a goście szczególnie polecają pyszne wagyu pho oraz efektownie podane zestawy herbat. Miejsce wyróżnia się niezwykłą dbałością o detale, wysoką jakością składników oraz profesjonalną obsługą, co czyni je idealnym na spokojną kolację w gronie bliskich.","Pon: 11:30 AM – 2:30 PM, 5:30 – 10:00 PM | Wt: 11:30 AM – 2:30 PM, 5:30 – 10:00 PM | Śr: 11:30 AM – 2:30 PM, 5:30 – 10:00 PM | Czw: 11:30 AM – 2:30 PM, 5:30 – 10:00 PM | Pt: 11:30 AM – 2:30 PM, 5:30 – 10:00 PM | Sob: 11:30 AM – 2:30 PM, 5:30 – 10:00 PM | Ndz: 11:30 AM – 2:30 PM, 5:30 – 10:00 PM",2.0,8.2,https://www.google.com/maps/search/?api=1&query=57+Soi+Sukhumvit+23%2C+Khwaeng+Khlong+Toei+Nuea%2C+Watthana%2C+Krung+Thep+Maha+Nakhon+10110%2C+Thailand&query_place_id=ChIJ_fzDsfqe4jARpyIgrYiOQ1c
Pho Aroi,"224 Debaratna Rd, Khwaeng Bang Na, Khet Bang Na, Krung Thep Maha Nakhon 10260, Thailand","224 Debaratna Rd, Khwaeng Bang Na, Khet Bang Na, Krung Thep Maha Nakhon 10260, Thailand",Wietnamska,Bang Na,,4.7,687,"To przytulne miejsce w Bang Na słynie z autentycznego pho z klarownym bulionem w stylu hanojskim oraz dużych porcji, w których szczególnie polecany jest australijski mostek wołowy. Poza zupą warto zamówić chwalone przez gości sajgonki, choć należy pamiętać o doliczanych do rachunku dodatkowych opłatach za serwis i podatek VAT.",Pon: 9:30 AM – 8:00 PM | Wt: 9:30 AM – 8:00 PM | Śr: 9:30 AM – 8:00 PM | Czw: 9:30 AM – 8:00 PM | Pt: 9:30 AM – 8:00 PM | Sob: 9:30 AM – 8:00 PM | Ndz: 9:30 AM – 8:00 PM,13.0,3.1,https://www.google.com/maps/search/?api=1&query=224+Debaratna+Rd%2C+Khwaeng+Bang+Na%2C+Khet+Bang+Na%2C+Krung+Thep+Maha+Nakhon+10260%2C+Thailand&query_place_id=ChIJM72Bo9RfHTERSR81V45zZzw
Madame Ong,"21, 45 Soi Chawakun, Khwaeng Thanon Phaya Thai, Khet Ratchathewi, Krung Thep Maha Nakhon 10400, Thailand","21, 45 Soi Chawakun, Khwaeng Thanon Phaya Thai, Khet Ratchathewi, Krung Thep Maha Nakhon 10400, Thailand",Wietnamska,Ratchathewi,$$$,4.4,626,"Madame Ong to ukryty w niepozornym budynku skarb, który serwuje autentyczne i świeże dania kuchni wietnamskiej w bardzo przystępnych cenach. Goście szczególnie polecają tutejszą „wietnamską pizzę” na chrupiącym ryżowym krakersie, a także klasyczne pho i świeże sajgonki. Choć lokal ma skromny wystrój i bywa trudny do odnalezienia, domowa atmosfera oraz wyraziste smaki w pełni wynagradzają te niedogodności.",Pon: 10:30 AM – 9:00 PM | Wt: 10:30 AM – 9:00 PM | Śr: 10:30 AM – 9:00 PM | Czw: 10:30 AM – 9:00 PM | Pt: 10:30 AM – 9:00 PM | Sob: 10:30 AM – 9:00 PM | Ndz: 10:30 AM – 9:00 PM,4.0,12.2,https://www.google.com/maps/search/?api=1&query=21%2C+45+Soi+Chawakun%2C+Khwaeng+Thanon+Phaya+Thai%2C+Khet+Ratchathewi%2C+Krung+Thep+Maha+Nakhon+10400%2C+Thailand&query_place_id=ChIJV4f3Pree4jARNFk447mHSVo
LELE by le mai anh,"571 Sukhumvit Rd, Khwaeng Khlong Toei Nuea, Watthana, Krung Thep Maha Nakhon 10110, Thailand","571 Sukhumvit Rd, Khwaeng Khlong Toei Nuea, Watthana, Krung Thep Maha Nakhon 10110, Thailand",Wietnamska,Sukhumvit,$$$,4.6,363,"To bezpretensjonalne miejsce w budynku RSU Tower oferuje szybką i przystępną cenowo kuchnię wietnamską, idealną na sprawny posiłek w ciągu dnia. Warto zamówić wyjątkowo chrupiące sajgonki, roladki Hanoi (WR1) oraz naturalną herbatę z pandanu i trawy cytrynowej, którą można doprawić domową, ostrą pastą chili. Goście chwalą lokal za nienaganną czystość oraz bardzo sprawną i uśmiechniętą obsługę.",Pon: 9:00 AM – 8:00 PM | Wt: 9:00 AM – 8:00 PM | Śr: 9:00 AM – 8:00 PM | Czw: 9:00 AM – 8:00 PM | Pt: 9:00 AM – 8:00 PM | Sob: 9:00 AM – 8:00 PM | Ndz: 9:00 AM – 8:00 PM,3.2,7.0,https://www.google.com/maps/search/?api=1&query=571+Sukhumvit+Rd%2C+Khwaeng+Khlong+Toei+Nuea%2C+Watthana%2C+Krung+Thep+Maha+Nakhon+10110%2C+Thailand&query_place_id=ChIJvVTHxW6Z4jARkb7EUymNiV4
Heng’s Kitchen,"32 2 Soi Sukhumvit 13, Khwaeng Khlong Toei Nuea, Watthana, Krung Thep Maha Nakhon 10110, Thailand","32 2 Soi Sukhumvit 13, Khwaeng Khlong Toei Nuea, Watthana, Krung Thep Maha Nakhon 10110, Thailand",Wietnamska,Sukhumvit,,4.9,291,"Heng’s Kitchen to przytulna lokalna restauracja o rustykalnym klimacie, która słynie z wyjątkowo świeżych owoców morza przyrządzanych z aromatycznymi przyprawami. Warto zamówić tu przede wszystkim okonia morskiego (w słodkim sosie chili lub na parze), Pad Thai oraz ryż smażony z krabem. Miejsce wyróżnia się rodzinną atmosferą, bardzo relacją jakości do ceny oraz niezwykle życzliwą obsługą.",Pon: 4:00 PM – 4:00 AM | Wt: 4:00 PM – 4:00 AM | Śr: 4:00 PM – 4:00 AM | Czw: 4:00 PM – 4:00 AM | Pt: 4:00 PM – 4:00 AM | Sob: 4:00 PM – 4:00 AM | Ndz: 4:00 PM – 4:00 AM,2.3,8.7,https://www.google.com/maps/search/?api=1&query=32+2+Soi+Sukhumvit+13%2C+Khwaeng+Khlong+Toei+Nuea%2C+Watthana%2C+Krung+Thep+Maha+Nakhon+10110%2C+Thailand&query_place_id=ChIJgcCnVoaf4jARwJbOqe2UbcE
Vie Ha Long Vietnamese food,"101True Digital Park, 3rd. floor, ถ. สุขุมวิท แขวงบางจาก เขตพระโขนง กรุงเทพมหานคร 10260, Thailand","101True Digital Park, 3rd. floor, ถ. สุขุมวิท แขวงบางจาก เขตพระโขนง กรุงเทพมหานคร 10260, Thailand",Wietnamska,,,4.3,164,"Vie Ha Long to restauracja z pięknym wystrojem i profesjonalną obsługą, idealna na spokojny lunch lub randkę. Warto tu zamówić chrupiące sajgonki, nadziewane kluski na parze oraz aromatyczną zupę Pho, które przygotowywane są ze świeżych, pełnych smaku składników. Miejsce wyróżnia się wyjątkową atmosferą sprzyjającą relaksowi przy wietnamskiej kawie lub autorskich koktajlach.",Pon: 10:30 AM – 9:30 PM | Wt: 10:30 AM – 9:30 PM | Śr: 10:30 AM – 9:30 PM | Czw: 10:30 AM – 9:30 PM | Pt: 10:30 AM – 9:30 PM | Sob: 10:30 AM – 9:30 PM | Ndz: 10:30 AM – 9:30 PM,10.6,0.7,https://www.google.com/maps/search/?api=1&query=101True+Digital+Park%2C+3rd.+floor%2C+%E0%B8%96.+%E0%B8%AA%E0%B8%B8%E0%B8%82%E0%B8%B8%E0%B8%A1%E0%B8%A7%E0%B8%B4%E0%B8%97+%E0%B9%81%E0%B8%82%E0%B8%A7%E0%B8%87%E0%B8%9A%E0%B8%B2%E0%B8%87%E0%B8%88%E0%B8%B2%E0%B8%81+%E0%B9%80%E0%B8%82%E0%B8%95%E0%B8%9E%E0%B8%A3%E0%B8%B0%E0%B9%82%E0%B8%82%E0%B8%99%E0%B8%87+%E0%B8%81%E0%B8%A3%E0%B8%B8%E0%B8%87%E0%B9%80%E0%B8%97%E0%B8%9E%E0%B8%A1%E0%B8%AB%E0%B8%B2%E0%B8%99%E0%B8%84%E0%B8%A3+10260%2C+Thailand&query_place_id=ChIJBw95iAKg4jARdQlI2kHRY0o
Hanoi Corner@Big C Ratchadamri,"97/11 Thanon Ratchadamri, Khwaeng Lumphini, Pathum Wan, Krung Thep Maha Nakhon 10330, Thailand","97/11 Thanon Ratchadamri, Khwaeng Lumphini, Pathum Wan, Krung Thep Maha Nakhon 10330, Thailand",Wietnamska,Pathum Wan,,4.9,68,"Hanoi Corner to ukryty na 6. piętrze Big C punkt z autentyczną kuchnią wietnamską, słynący zwłaszcza z phở wołowego serwowanego w gorącym naczyniu kamiennym oraz pieczonej kaczki. Warto spróbować tu także banh mi na gorącej patelni i unikalnego ostrego sosu, ciesząc się spokojną atmosferą z dala od turystycznego zgiełku. Choć większość dań zachwyca świeżością, niektórzy goście odradzają phở z kurczaka ze względu na jakość mięsa.",Pon: 9:00 AM – 9:00 PM | Wt: 9:00 AM – 9:00 PM | Śr: 9:00 AM – 9:00 PM | Czw: 9:00 AM – 9:00 PM | Pt: 9:00 AM – 9:00 PM | Sob: 9:00 AM – 9:00 PM | Ndz: 9:00 AM – 9:00 PM,3.8,10.6,https://www.google.com/maps/search/?api=1&query=97%2F11+Thanon+Ratchadamri%2C+Khwaeng+Lumphini%2C+Pathum+Wan%2C+Krung+Thep+Maha+Nakhon+10330%2C+Thailand&query_place_id=ChIJcXY8TQCf4jAR3YDWDsxKt90
Hương Vị Việt J.moon (Vietnam Authentic food),"18-20-20 ซอยโรงเรียน ราชประสงห์วิทยา ดินแดง Khet Din Daeng, Krung Thep Maha Nakhon 10400, Thailand","18-20-20 ซอยโรงเรียน ราชประสงห์วิทยา ดินแดง Khet Din Daeng, Krung Thep Maha Nakhon 10400, Thailand",Wietnamska,Din Daeng,,4.4,64,"To miejsce słynie z wyjątkowo autentycznych smaków, a szczególnie polecanymi daniami są Bun Bo Hue oraz aromatyczne Pho z wywarem umami. Restauracja wyróżnia się przestronnym wnętrzem, przystępnymi cenami oraz możliwością zakupu na miejscu oryginalnych wietnamskich produktów i przypraw. Choć obsługa bywa wolniejsza, solidne porcje i oryginalny wietnamski klimat w pełni wynagradzają czas oczekiwania.",Pon: 10:30 AM – 12:00 AM | Wt: 10:30 AM – 12:00 AM | Śr: 10:30 AM – 12:00 AM | Czw: 10:30 AM – 12:00 AM | Pt: 10:30 AM – 12:00 AM | Sob: 10:30 AM – 12:00 AM | Ndz: 10:30 AM – 12:00 AM,2.5,11.9,https://www.google.com/maps/search/?api=1&query=18-20-20+%E0%B8%8B%E0%B8%AD%E0%B8%A2%E0%B9%82%E0%B8%A3%E0%B8%87%E0%B9%80%E0%B8%A3%E0%B8%B5%E0%B8%A2%E0%B8%99+%E0%B8%A3%E0%B8%B2%E0%B8%8A%E0%B8%9B%E0%B8%A3%E0%B8%B0%E0%B8%AA%E0%B8%87%E0%B8%AB%E0%B9%8C%E0%B8%A7%E0%B8%B4%E0%B8%97%E0%B8%A2%E0%B8%B2+%E0%B8%94%E0%B8%B4%E0%B8%99%E0%B9%81%E0%B8%94%E0%B8%87+Khet+Din+Daeng%2C+Krung+Thep+Maha+Nakhon+10400%2C+Thailand&query_place_id=ChIJEyH_mX6f4jARLn2enqgjdHQ
Bún Bò Ơi - Sukhumvit 49,"10 Soi Phrom Phak, Khwaeng Khlong Tan Nuea, Watthana, Krung Thep Maha Nakhon 10110, Thailand","10 Soi Phrom Phak, Khwaeng Khlong Tan Nuea, Watthana, Krung Thep Maha Nakhon 10110, Thailand",Wietnamska,Watthana,,4.8,58,"Bún Bò Ơi to stylowe miejsce łączące tradycję z nowoczesnością, które zachwyca autentycznymi smakami zupy wołowej w stylu Hue, gulaszu oraz makaronu ze słodkim sosem sojowym. Goście szczególnie polecają tutejszą mocną wietnamską kawę oraz chwalą przytulną atmosferę starannie zaprojektowanego, dwupoziomowego wnętrza. To idealny punkt na aromatyczny i komfortowy posiłek, uważany przez wielu za jedną z najlepszych wietnamskich propozycji w Bangkoku.",Pon: 10:00 AM – 9:00 PM | Wt: 10:00 AM – 9:00 PM | Śr: 10:00 AM – 9:00 PM | Czw: 10:00 AM – 9:00 PM | Pt: 10:00 AM – 9:00 PM | Sob: 10:00 AM – 9:00 PM | Ndz: 10:00 AM – 9:00 PM,3.2,7.0,https://www.google.com/maps/search/?api=1&query=10+Soi+Phrom+Phak%2C+Khwaeng+Khlong+Tan+Nuea%2C+Watthana%2C+Krung+Thep+Maha+Nakhon+10110%2C+Thailand&query_place_id=ChIJs-taagCf4jARgHfl5Ycz8I0
Saigonese Asoke,"86 21 Sukhumvit Rd, Khwaeng Khlong Toei Nuea, Watthana, Krung Thep Maha Nakhon 10110, Thailand","86 21 Sukhumvit Rd, Khwaeng Khlong Toei Nuea, Watthana, Krung Thep Maha Nakhon 10110, Thailand",Wietnamska,Sukhumvit,,4.9,18,"Saigonese Asoke to urocze miejsce serwujące autentyczne dania przygotowywane przez wietnamskiego szefa kuchni, które smakują dokładnie tak, jak w samym Wietnamie. Szczególnie warto zamówić aromatyczne pho oraz sałatkę z makaronem i smażonymi sajgonkami, które goście chwalą za świeżość i doskonały smak. Restauracja wyróżnia się wyjątkowo serdeczną obsługą oraz świetną atmosferą, co czyni ją miejscem godnym polecenia.",Pon: 9:00 AM – 9:00 PM | Wt: 9:00 AM – 9:00 PM | Śr: 9:00 AM – 9:00 PM | Czw: 9:00 AM – 9:00 PM | Pt: 9:00 AM – 9:00 PM | Sob: 9:00 AM – 9:00 PM | Ndz: 9:00 AM – 9:00 PM,1.4,8.8,https://www.google.com/maps/search/?api=1&query=86+21+Sukhumvit+Rd%2C+Khwaeng+Khlong+Toei+Nuea%2C+Watthana%2C+Krung+Thep+Maha+Nakhon+10110%2C+Thailand&query_place_id=ChIJw7ro_Y-f4jARxBj9wA1PJVA
Big Mama Pizzeria - Italian food Restaurant,"139 Soi Sukhumvit 21 (Asoke Soi 1 North Klongtoey, แขวงคลองเตยเหนือ เขตวัฒนา กรุงเทพมหานคร 10110, Thailand","139 Soi Sukhumvit 21 (Asoke Soi 1 North Klongtoey, แขวงคลองเตยเหนือ เขตวัฒนา กรุงเทพมหานคร 10110, Thailand",Włoska,Sukhumvit,$$$,4.5,3342,"To klimatyczne miejsce w sercu Bangkoku od lat przyciąga domową atmosferą i wyjątkowymi daniami, takimi jak aromatyczna pizza truflowa czy oryginalny makaron Tom Yum. Restauracja wyróżnia się sprawną obsługą z systemem zamówień na iPadach oraz korzystnymi cenowo zestawami lunchowymi i pysznym, świeżym pieczywem serwowanym do posiłków.",Pon: 11:00 AM – 11:00 PM | Wt: 11:00 AM – 11:00 PM | Śr: 11:00 AM – 11:00 PM | Czw: 11:00 AM – 11:00 PM | Pt: 11:00 AM – 11:00 PM | Sob: 11:00 AM – 11:00 PM | Ndz: 11:00 AM – 11:00 PM,2.3,8.0,https://www.google.com/maps/search/?api=1&query=139+Soi+Sukhumvit+21+%28Asoke+Soi+1+North+Klongtoey%2C+%E0%B9%81%E0%B8%82%E0%B8%A7%E0%B8%87%E0%B8%84%E0%B8%A5%E0%B8%AD%E0%B8%87%E0%B9%80%E0%B8%95%E0%B8%A2%E0%B9%80%E0%B8%AB%E0%B8%99%E0%B8%B7%E0%B8%AD+%E0%B9%80%E0%B8%82%E0%B8%95%E0%B8%A7%E0%B8%B1%E0%B8%92%E0%B8%99%E0%B8%B2+%E0%B8%81%E0%B8%A3%E0%B8%B8%E0%B8%87%E0%B9%80%E0%B8%97%E0%B8%9E%E0%B8%A1%E0%B8%AB%E0%B8%B2%E0%B8%99%E0%B8%84%E0%B8%A3+10110%2C+Thailand&query_place_id=ChIJi-pmk-Se4jARCDDEZaF5zfw
Massilia Italian Restaurant,"15, 1 Soi Ruamrudee Community, Khwaeng Lumphini, Pathum Wan, Krung Thep Maha Nakhon 10330, Thailand","15, 1 Soi Ruamrudee Community, Khwaeng Lumphini, Pathum Wan, Krung Thep Maha Nakhon 10330, Thailand",Włoska,Pathum Wan,$$$$,4.5,1976,"Massilia to ceniona restauracja w Bangkoku, słynąca z autentycznej pizzy neapolitańskiej na cienkim i chrupiącym cieście, szczególnie polecanej w wersji „Old Cut” oraz z pieczonym bakłażanem. Goście chwalą wysoką jakość składników w takich daniach jak bogata lazania czy świeża burrata, a na deser rekomendują aromatyczne lody pistacjowe i kremowe tiramisu. Miejsce wyróżnia się przytulną atmosferą, profesjonalną obsługą oraz dbałością o detale, co w pełni uzasadnia wyższe ceny.",Pon: 11:30 AM – 10:00 PM | Wt: 11:30 AM – 10:00 PM | Śr: 11:30 AM – 10:00 PM | Czw: 11:30 AM – 10:00 PM | Pt: 11:30 AM – 10:00 PM | Sob: 11:30 AM – 10:00 PM | Ndz: 11:30 AM – 10:00 PM,3.7,9.3,https://www.google.com/maps/search/?api=1&query=15%2C+1+Soi+Ruamrudee+Community%2C+Khwaeng+Lumphini%2C+Pathum+Wan%2C+Krung+Thep+Maha+Nakhon+10330%2C+Thailand&query_place_id=ChIJaRuc0N2e4jARKfOKXq3WkLI
Franca | Modern Italian and Fine Steaks,"31 Soi Sukhumvit 10, Khwaeng Khlong Toei, Khet Khlong Toei, Krung Thep Maha Nakhon 10110, Thailand","31 Soi Sukhumvit 10, Khwaeng Khlong Toei, Khet Khlong Toei, Krung Thep Maha Nakhon 10110, Thailand",Włoska,Sukhumvit,,4.7,863,"Franca to elegancka restauracja w Bangkoku, która zachwyca nowoczesnym włoskim wystrojem i atmosferą idealną na romantyczną kolację lub spotkanie z przyjaciółmi. Specjalnością lokalu są perfekcyjnie przyrządzone sezonowane steki, comber jagnięcy oraz rozpływająca się w ustach lasagne, a posiłek warto uzupełnić świeżo wypiekanym pieczywem i deserem lemon crème brûlée. Miejsce wyróżnia się starannie zaprojektowanymi wnętrzami oraz szerokim wyborem win, co czyni je doskonałym wyborem na wyjątkowe okazje.","Pon: Closed | Wt: 5:00 – 11:30 PM | Śr: 5:00 – 11:30 PM | Czw: 5:00 – 11:30 PM | Pt: 5:00 – 11:30 PM | Sob: 11:00 AM – 3:00 PM, 5:00 – 11:30 PM | Ndz: 11:00 AM – 3:00 PM, 5:00 – 11:30 PM",3.3,8.5,https://www.google.com/maps/search/?api=1&query=31+Soi+Sukhumvit+10%2C+Khwaeng+Khlong+Toei%2C+Khet+Khlong+Toei%2C+Krung+Thep+Maha+Nakhon+10110%2C+Thailand&query_place_id=ChIJiZgIgTuf4jARP5if4oNthAM
